<?xml version="1.0" encoding="utf-8"?>
<COLLADA version="1.5.0" xmlns="http://www.collada.org/2008/03/COLLADASchema">
  <asset>
    <contributor />
    <unit meter="1" />
    <up_axis>Z_UP</up_axis>
  </asset>
  <library_lights />
  <library_materials />
  <library_effects />
  <library_cameras />
  <library_geometries>
    <geometry id="mesh_1">
      <mesh>
        <source id="mesh_1-position" name="position">
          <float_array id="mesh_1-position-array" count="8349">-0.0446619912981987 0.011514401994645596 0.011818371713161469 -0.04481610283255577 0.011659301817417145 0.011675544083118439 -0.04878000169992447 0.011667261831462383 0.011667261831462383 -0.045698411762714386 -0.011314191855490208 -0.012009956873953342 -0.045823834836483 -0.011663923971354961 -0.01167059876024723 -0.04878000169992447 -0.011667261831462383 -0.011667261831462383 -0.04878000169992447 -0.011667261831462383 0.011667261831462383 -0.04800000041723251 -0.011433128267526627 0.011896788142621517 -0.04878000169992447 -0.008249999955296516 0.014289419166743755 -0.04800000041723251 -0.009564164094626904 0.013445325195789337 -0.04800000041723251 -0.008249999955296516 0.014289419166743755 -0.04600000008940697 -0.014289419166743755 0.008249999955296516 -0.04600000008940697 -0.012837924063205719 0.010365216061472893 -0.04582485929131508 -0.011667261831462383 0.011667261831462383 -0.04570461064577103 -0.01132932584732771 0.011995681561529636 -0.04531116038560867 -0.010593770071864128 0.01264997199177742 -0.04878000169992447 -0.014289419166743755 -0.008249999955296516 -0.04600000008940697 -0.015937775373458862 -0.004270514473319054 -0.04878000169992447 -0.015937775373458862 -0.004270514473319054 -0.04600000008940697 -0.016499999910593033 3.775693202958509E-18 -0.04878000169992447 -0.016499999910593033 -8.186656153274068E-18 -0.04600000008940697 -0.015937775373458862 0.004270514473319054 -0.04878000169992447 -0.015937775373458862 0.004270514473319054 -0.04878000169992447 -0.014289419166743755 0.008249999955296516 -0.04593082517385483 -0.012097247876226902 -0.011220810003578663 -0.04600000008940697 -0.012837924063205719 -0.010365216061472893 -0.04600000008940697 -0.014289419166743755 -0.008249999955296516 -0.04531116038560867 -0.010593770071864128 -0.01264997199177742 -0.04800000041723251 -0.011433128267526627 -0.011896788142621517 -0.04800000041723251 -0.009564164094626904 -0.013445325195789337 -0.04878000169992447 -0.008249999955296516 -0.014289419166743755 -0.04800000041723251 -0.008249999955296516 -0.014289419166743755 -0.04800000041723251 -0.007462102919816971 -0.01471621636301279 -0.04800000041723251 -0.0026024742983281612 -0.016293467953801155 -0.04800000041723251 -0.004270514473319054 -0.015937775373458862 -0.04878000169992447 -0.004270514473319054 -0.015937775373458862 -0.04800000041723251 -0.004686209838837385 -0.015820538625121117 -0.04791979864239693 -0.005450906231999397 -0.015573619864881039 -0.04789998382329941 -0.006243243347853422 -0.015273241326212883 -0.047973088920116425 -0.006854948587715626 -0.015008644200861454 -0.04800000041723251 2.636779683484747E-16 -0.016499999910593033 -0.04878000169992447 2.498001805406602E-16 -0.016499999910593033 -0.04800000041723251 0.0026024742983281612 -0.016293467953801155 -0.04878000169992447 0.004270514473319054 -0.015937775373458862 -0.04800000041723251 0.004270514473319054 -0.015937775373458862 -0.04787595570087433 0.005841584410518408 -0.015431328676640987 -0.047916918992996216 0.005469945725053549 -0.015566942282021046 -0.04800000041723251 0.004686209838837385 -0.015820538625121117 -0.04800000041723251 0.008249999955296516 -0.014289419166743755 -0.04800000041723251 0.007462102919816971 -0.01471621636301279 -0.04878000169992447 0.008249999955296516 -0.014289419166743755 -0.047973088920116425 0.006854948587715626 -0.015008644200861454 -0.04789998382329941 0.006243243347853422 -0.015273241326212883 -0.044183675199747086 0.011148648336529732 -0.012163783423602581 -0.04800000041723251 0.011148648336529732 -0.012163783423602581 -0.04878000169992447 0.011667261831462383 -0.011667261831462383 -0.04800000041723251 0.009403574280440807 -0.01355812605470419 -0.04878000169992447 0.014289419166743755 -0.008249999955296516 -0.04594181105494499 0.013820194639265537 -0.009014933370053768 -0.04574734717607498 0.013100928626954556 -0.010030950419604778 -0.04539287090301514 0.012381411157548428 -0.010906685143709183 -0.044865187257528305 0.011708815582096577 -0.011625894345343113 -0.044820286333560944 0.011663454584777355 -0.011671380139887333 -0.04600000008940697 0.015937775373458862 -0.004270514473319054 -0.04600000008940697 0.014499999582767487 -0.007874008268117905 -0.04599444195628166 0.014289227314293385 -0.008250572718679905 -0.04878000169992447 0.015937775373458862 -0.004270514473319054 -0.04878000169992447 0.016499999910593033 6.657087117690519E-18 -0.04600000008940697 0.016499999910593033 5.862851040983947E-18 -0.04878000169992447 0.015937775373458862 0.004270514473319054 -0.04600000008940697 0.015937775373458862 0.004270514473319054 -0.04600000008940697 0.014499999582767487 0.007874008268117905 -0.04878000169992447 0.014289419166743755 0.008249999955296516 -0.04599443078041077 0.014288968406617641 0.008251012302935123 -0.045231159776449203 0.012142118997871876 0.011172628030180931 -0.04565037786960602 0.012864534743130207 0.010332171805202961 -0.04590417072176933 0.01362968422472477 0.009300404228270054 -0.044183675199747086 0.011148648336529732 0.012163783423602581 -0.04800000041723251 0.011148648336529732 0.012163783423602581 -0.04800000041723251 0.009403574280440807 0.01355812605470419 -0.04878000169992447 0.008249999955296516 0.014289419166743755 -0.04800000041723251 0.008249999955296516 0.014289419166743755 -0.04800000041723251 0.007462102919816971 0.01471621636301279 -0.04800000041723251 0.0026024742983281612 0.016293467953801155 -0.04800000041723251 0.004270514473319054 0.015937775373458862 -0.04878000169992447 0.004270514473319054 0.015937775373458862 -0.04800000041723251 0.004686209838837385 0.015820538625121117 -0.04791979864239693 0.005450906231999397 0.015573619864881039 -0.04789998382329941 0.006243243347853422 0.015273241326212883 -0.047973088920116425 0.006854948587715626 0.015008644200861454 -0.04800000041723251 2.220446049250313E-16 0.016499999910593033 -0.04878000169992447 2.3592239273284576E-16 0.016499999910593033 -0.04800000041723251 -0.0026024742983281612 0.016293467953801155 -0.04878000169992447 -0.004270514473319054 0.015937775373458862 -0.04800000041723251 -0.004270514473319054 0.015937775373458862 -0.04787595570087433 -0.005841584410518408 0.015431328676640987 -0.047916918992996216 -0.005469945725053549 0.015566942282021046 -0.04800000041723251 -0.004686209838837385 0.015820538625121117 -0.04800000041723251 -0.007462102919816971 0.01471621636301279 -0.047973088920116425 -0.006854948587715626 0.015008644200861454 -0.04789998382329941 -0.006243243347853422 0.015273241326212883 -0.052000001072883606 -0.006603495217859745 0.0071733081713318825 -0.052000001072883606 -0.005412658676505089 0.008662658743560314 -0.052000001072883606 -0.003916530404239893 0.008928789757192135 -0.052000001072883606 0.007694120053201914 -0.005988574121147394 -0.052000001072883606 0.008412659168243408 -0.008662658743560314 -0.052000001072883606 0.0053327446803450584 -0.00816237274557352 -0.052000001072883606 0.011262399144470692 -0.009907490573823452 -0.052000001072883606 0.011162659153342247 -0.008662658743560314 -0.052000001072883606 0.01219574548304081 -0.008732914924621582 -0.052000001072883606 0.010238297283649445 -0.010962539352476597 -0.052000001072883606 0.008412659168243408 -0.010250000283122063 -0.052000001072883606 0.010893656872212887 -0.010311558842658997 -0.052000001072883606 -0.008650205098092556 0.012254548259079456 -0.052000001072883606 -0.010374999605119228 0.010250000283122063 -0.052000001072883606 -0.011635669507086277 0.009466319344937801 -0.052000001072883606 0.006900975480675697 0.013318277895450592 -0.052000001072883606 0.0032500000670552254 0.013287658803164959 -0.052000001072883606 0.0030518402345478535 0.014686261303722858 -0.052000001072883606 0.014999999664723873 6.391035640601107E-18 -0.052000001072883606 0.014443758875131607 -0.004046951420605183 -0.052000001072883606 0.011162659153342247 -0.003000000026077032 -0.052000001072883606 0.014443758875131607 0.004046951420605183 -0.052000001072883606 0.012340862303972244 0.005375000182539225 -0.052000001072883606 0.012575317174196243 0.0062500000931322575 -0.052000001072883606 0.01219574548304081 0.008732914924621582 -0.052000001072883606 0.011162659153342247 0.008662658743560314 -0.052000001072883606 0.011262399144470692 0.009907490573823452 -0.052000001072883606 0.008412659168243408 0.008662658743560314 -0.052000001072883606 0.010893656872212887 0.010311558842658997 -0.052000001072883606 0.008412659168243408 0.010250000283122063 -0.052000001072883606 0.010238297283649445 0.010962539352476597 -0.052000001072883606 0.007549038156867027 0.010075317695736885 -0.052000001072883606 0.00774999987334013 0.010825317353010178 -0.052000001072883606 0.007549038156867027 0.011575317941606045 -0.052000001072883606 0.007000000216066837 0.012124355882406235 -0.052000001072883606 0.0062500000931322575 0.012325317598879337 -0.052000001072883606 0.005499999970197678 0.012124355882406235 -0.052000001072883606 0.004950962029397488 0.011575317941606045 -0.052000001072883606 0.0032500000670552254 0.010250000283122063 -0.052000001072883606 1.1102230246251565E-16 0.01425000000745058 -0.052000001072883606 -0.0010236361995339394 0.014965031296014786 -0.052000001072883606 0.0008750000270083547 0.014015544205904007 -0.052000001072883606 0.0015155444853007793 0.013375000096857548 -0.052000001072883606 -0.010374999605119228 0.003000000026077032 -0.052000001072883606 -0.014691236428916454 0.0030278018675744534 -0.052000001072883606 -0.01170031726360321 0.004734455607831478 -0.052000001072883606 -0.010825317353010178 0.00800000037997961 -0.052000001072883606 -0.01170031726360321 0.007765544578433037 -0.052000001072883606 -0.012340862303972244 0.00712500000372529 -0.052000001072883606 -0.013758169487118721 0.005976016167551279 -0.052000001072883606 -0.012575317174196243 0.0062500000931322575 -0.052000001072883606 -0.012340862303972244 0.005375000182539225 -0.052000001072883606 -0.011749999597668648 0.0012990380637347698 -0.052000001072883606 -0.012500000186264515 0.001500000013038516 -0.052000001072883606 -0.012500000186264515 -0.001500000013038516 -0.052000001072883606 -0.011749999597668648 -0.0012990380637347698 -0.052000001072883606 -0.010374999605119228 -0.003000000026077032 -0.052000001072883606 -0.013249999843537807 0.0012990380637347698 -0.052000001072883606 -0.014860289171338081 0.0020424998365342617 -0.052000001072883606 -0.011200961656868458 -0.000750000006519258 -0.052000001072883606 -0.010999999940395355 2.4285596786541428E-18 -0.052000001072883606 -0.011200961656868458 0.000750000006519258 -0.052000001072883606 -0.013799037784337997 0.000750000006519258 -0.052000001072883606 -0.014000000432133675 7.117344782778167E-19 -0.052000001072883606 -0.014860289171338081 -0.0020424998365342617 -0.052000001072883606 -0.013799037784337997 -0.000750000006519258 -0.052000001072883606 -0.014691236428916454 -0.0030278018675744534 -0.052000001072883606 -0.013249999843537807 -0.0012990380637347698 -0.052000001072883606 -0.010825317353010178 -0.0044999998062849045 -0.052000001072883606 -0.010825317353010178 -0.00800000037997961 -0.052000001072883606 -0.010374999605119228 -0.008662658743560314 -0.052000001072883606 -0.011635669507086277 -0.009466319344937801 -0.052000001072883606 -0.010374999605119228 -0.010250000283122063 -0.052000001072883606 -0.008650205098092556 -0.012254548259079456 -0.052000001072883606 -0.013758169487118721 -0.005976016167551279 -0.052000001072883606 -0.012340862303972244 -0.00712500000372529 -0.052000001072883606 -0.01170031726360321 -0.007765544578433037 -0.052000001072883606 -0.01170031726360321 -0.004734455607831478 -0.052000001072883606 -0.012340862303972244 -0.005375000182539225 -0.052000001072883606 -0.012575317174196243 -0.0062500000931322575 -0.052000001072883606 0.0017500000540167093 -0.012500000186264515 -0.052000001072883606 0.0015155444853007793 -0.011625000275671482 -0.052000001072883606 0.0032500000670552254 -0.010250000283122063 -0.052000001072883606 -0.0017500000540167093 -0.012500000186264515 -0.052000001072883606 -0.005023194011300802 -0.014133913442492485 -0.052000001072883606 -0.0015155444853007793 -0.013375000096857548 -0.052000001072883606 -0.0010236361995339394 -0.014965031296014786 -0.052000001072883606 -0.0008750000270083547 -0.014015544205904007 -0.052000001072883606 2.914335439641036E-16 -0.01425000000745058 -0.052000001072883606 0.0030518402345478535 -0.014686261303722858 -0.052000001072883606 0.0008750000270083547 -0.014015544205904007 -0.052000001072883606 0.0032591731287539005 -0.01464164536446333 -0.052000001072883606 0.0015155444853007793 -0.013375000096857548 -0.052000001072883606 0.0008750000270083547 -0.010984455235302448 -0.052000001072883606 2.914335439641036E-16 -0.01075000036507845 -0.052000001072883606 -0.005412658676505089 -0.010250000283122063 -0.052000001072883606 -0.0008750000270083547 -0.010984455235302448 -0.052000001072883606 -0.0015155444853007793 -0.011625000275671482 -0.052000001072883606 0.004950962029397488 -0.010075317695736885 -0.052000001072883606 0.004749999847263098 -0.010825317353010178 -0.052000001072883606 0.006900975480675697 -0.013318277895450592 -0.052000001072883606 0.007000000216066837 -0.012124355882406235 -0.052000001072883606 0.004950962029397488 -0.011575317941606045 -0.052000001072883606 0.005499999970197678 -0.012124355882406235 -0.052000001072883606 0.0062500000931322575 -0.012325317598879337 -0.052000001072883606 0.012340862303972244 -0.005375000182539225 -0.052000001072883606 0.01170031726360321 -0.004734455607831478 -0.052000001072883606 0.009221717715263367 -0.003165819915011525 -0.052000001072883606 0.009750000201165676 7.904796013907849E-18 -0.052000001072883606 0.011162659153342247 0.003000000026077032 -0.052000001072883606 0.009221717715263367 0.003165819915011525 -0.052000001072883606 0.010825317353010178 -0.0044999998062849045 -0.052000001072883606 0.009950317442417145 -0.004734455607831478 -0.052000001072883606 0.009950317442417145 -0.007765544578433037 -0.052000001072883606 0.010825317353010178 -0.00800000037997961 -0.052000001072883606 0.01170031726360321 -0.007765544578433037 -0.052000001072883606 0.01281629130244255 -0.0077937594614923 -0.052000001072883606 0.012340862303972244 -0.00712500000372529 -0.052000001072883606 0.012575317174196243 -0.0062500000931322575 -0.052000001072883606 0.009309773333370686 -0.005375000182539225 -0.052000001072883606 0.009075317531824112 -0.0062500000931322575 -0.052000001072883606 0.009309773333370686 -0.00712500000372529 -0.052000001072883606 0.007549038156867027 -0.011575317941606045 -0.052000001072883606 0.00774999987334013 -0.010825317353010178 -0.052000001072883606 0.007549038156867027 -0.010075317695736885 -0.052000001072883606 0.007000000216066837 -0.009526279754936695 -0.052000001072883606 0.0062500000931322575 -0.009325317107141018 -0.052000001072883606 0.005499999970197678 -0.009526279754936695 -0.052000001072883606 0.002393483417108655 -0.009451652877032757 -0.052000001072883606 -0.0008051486220210791 -0.00971669889986515 -0.052000001072883606 -0.003916530404239893 -0.008928789757192135 -0.052000001072883606 -0.005412658676505089 -0.008662658743560314 -0.052000001072883606 -0.006603495217859745 -0.0071733081713318825 -0.052000001072883606 -0.008574869483709335 -0.004640487022697926 -0.052000001072883606 -0.009309773333370686 -0.005375000182539225 -0.052000001072883606 -0.009950317442417145 -0.004734455607831478 -0.052000001072883606 -0.009617023169994354 -0.0016047972021624446 -0.052000001072883606 -0.009075317531824112 -0.0062500000931322575 -0.052000001072883606 -0.009309773333370686 -0.00712500000372529 -0.052000001072883606 -0.009950317442417145 -0.007765544578433037 -0.052000001072883606 -0.008574869483709335 0.004640487022697926 -0.052000001072883606 -0.009617023169994354 0.0016047972021624446 -0.052000001072883606 -0.009309773333370686 0.00712500000372529 -0.052000001072883606 -0.009075317531824112 0.0062500000931322575 -0.052000001072883606 -0.009309773333370686 0.005375000182539225 -0.052000001072883606 -0.009950317442417145 0.004734455607831478 -0.052000001072883606 -0.010825317353010178 0.0044999998062849045 -0.052000001072883606 -0.0008051486220210791 0.00971669889986515 -0.052000001072883606 -0.005412658676505089 0.010250000283122063 -0.052000001072883606 -0.010374999605119228 0.008662658743560314 -0.052000001072883606 -0.009950317442417145 0.007765544578433037 -0.052000001072883606 0.0053327446803450584 0.00816237274557352 -0.052000001072883606 0.002393483417108655 0.009451652877032757 -0.052000001072883606 0.005499999970197678 0.009526279754936695 -0.052000001072883606 0.004950962029397488 0.010075317695736885 -0.052000001072883606 0.004749999847263098 0.010825317353010178 -0.052000001072883606 0.007000000216066837 0.009526279754936695 -0.052000001072883606 0.0062500000931322575 0.009325317107141018 -0.052000001072883606 0.01281629130244255 0.0077937594614923 -0.052000001072883606 0.012340862303972244 0.00712500000372529 -0.052000001072883606 0.01170031726360321 0.007765544578433037 -0.052000001072883606 0.010825317353010178 0.00800000037997961 -0.052000001072883606 0.009950317442417145 0.007765544578433037 -0.052000001072883606 0.009309773333370686 0.00712500000372529 -0.052000001072883606 0.007694120053201914 0.005988574121147394 -0.052000001072883606 0.009075317531824112 0.0062500000931322575 -0.052000001072883606 0.009309773333370686 0.005375000182539225 -0.052000001072883606 0.009950317442417145 0.004734455607831478 -0.052000001072883606 0.010825317353010178 0.0044999998062849045 -0.052000001072883606 0.01170031726360321 0.004734455607831478 -0.052000001072883606 -0.0015155444853007793 0.011625000275671482 -0.052000001072883606 -0.0008750000270083547 0.010984455235302448 -0.052000001072883606 1.249000902703301E-16 0.01075000036507845 -0.052000001072883606 0.0008750000270083547 0.010984455235302448 -0.052000001072883606 0.0015155444853007793 0.011625000275671482 -0.052000001072883606 0.0017500000540167093 0.012500000186264515 -0.052000001072883606 -0.0017500000540167093 0.012500000186264515 -0.052000001072883606 -0.005412658676505089 0.013287658803164959 -0.052000001072883606 -0.0015155444853007793 0.013375000096857548 -0.052000001072883606 -0.0008750000270083547 0.014015544205904007 -0.052000001072883606 -0.005023194011300802 0.014133913442492485 -0.04800000041723251 0.012575317174196243 0.0062500000931322575 -0.04800000041723251 0.012340862303972244 0.005375000182539225 -0.04800000041723251 0.01170031726360321 0.004734455607831478 -0.04800000041723251 0.010825317353010178 0.0044999998062849045 -0.04800000041723251 0.009950317442417145 0.004734455607831478 -0.04800000041723251 0.009309773333370686 0.005375000182539225 -0.04800000041723251 0.009075317531824112 0.0062500000931322575 -0.04800000041723251 0.009309773333370686 0.00712500000372529 -0.04800000041723251 0.009950317442417145 0.007765544578433037 -0.04800000041723251 0.010825317353010178 0.00800000037997961 -0.04800000041723251 0.01170031726360321 0.007765544578433037 -0.04800000041723251 0.012340862303972244 0.00712500000372529 -0.047080107033252716 0.006405223626643419 0.015400002710521221 -0.04730776697397232 0.007518008816987276 0.014826469123363495 -0.04667152836918831 0.007137693464756012 0.015411527827382088 -0.04658578708767891 0.007727024145424366 0.015238674357533455 -0.046215638518333435 0.007402644958347082 0.015915831550955772 -0.04612361639738083 0.008053538389503956 0.015882601961493492 -0.04626673832535744 0.006758073810487986 0.01599583961069584 -0.04600000008940697 0.007000000216066837 0.016499999910593033 -0.04600000008940697 0.007685863878577948 0.016499999910593033 -0.04600000008940697 0.0083666006103158 0.016499999910593033 -0.04640668258070946 0.006673446390777826 0.015834812074899673 -0.04672321677207947 0.006526092533022165 0.015578378923237324 -0.04800000041723251 0.012575317174196243 -0.0062500000931322575 -0.04800000041723251 0.012340862303972244 -0.00712500000372529 -0.04800000041723251 0.01170031726360321 -0.007765544578433037 -0.04800000041723251 0.010825317353010178 -0.00800000037997961 -0.04800000041723251 0.009950317442417145 -0.007765544578433037 -0.04800000041723251 0.009309773333370686 -0.00712500000372529 -0.04800000041723251 0.009075317531824112 -0.0062500000931322575 -0.04800000041723251 0.009309773333370686 -0.005375000182539225 -0.04800000041723251 0.009950317442417145 -0.004734455607831478 -0.04800000041723251 0.010825317353010178 -0.0044999998062849045 -0.04800000041723251 0.01170031726360321 -0.004734455607831478 -0.04800000041723251 0.012340862303972244 -0.005375000182539225 -0.04730776697397232 0.007518008816987276 -0.014826469123363495 -0.04600000008940697 0.007685863878577948 -0.016499999910593033 -0.04600000008940697 0.007000000216066837 -0.016499999910593033 -0.04626673832535744 0.006758073810487986 -0.01599583961069584 -0.04667152836918831 0.007137693464756012 -0.015411527827382088 -0.04671010375022888 0.006531315390020609 -0.015586845576763153 -0.047080107033252716 0.006405223626643419 -0.015400002710521221 -0.04600000008940697 0.0083666006103158 -0.016499999910593033 -0.046215638518333435 0.007402644958347082 -0.015915831550955772 -0.04612361639738083 0.008053538389503956 -0.015882601961493492 -0.04658578708767891 0.007727024145424366 -0.015238674357533455 -0.04640668258070946 0.006673446390777826 -0.015834812074899673 -0.04600000008940697 -0.0083666006103158 -0.016499999910593033 -0.04600000008940697 -0.009999999776482582 -0.016499999910593033 -0.04600000008940697 -0.009999999776482582 -0.015564382076263428 -0.04800000041723251 -0.009075317531824112 -0.0062500000931322575 -0.04800000041723251 -0.009309773333370686 -0.00712500000372529 -0.04800000041723251 -0.009950317442417145 -0.007765544578433037 -0.04800000041723251 -0.010825317353010178 -0.00800000037997961 -0.04800000041723251 -0.01170031726360321 -0.007765544578433037 -0.04800000041723251 -0.012340862303972244 -0.00712500000372529 -0.04800000041723251 -0.012575317174196243 -0.0062500000931322575 -0.04800000041723251 -0.012340862303972244 -0.005375000182539225 -0.04800000041723251 -0.01170031726360321 -0.004734455607831478 -0.04800000041723251 -0.010825317353010178 -0.0044999998062849045 -0.04800000041723251 -0.009950317442417145 -0.004734455607831478 -0.04800000041723251 -0.009309773333370686 -0.005375000182539225 -0.04800000041723251 -0.009075317531824112 0.0062500000931322575 -0.04800000041723251 -0.009309773333370686 0.005375000182539225 -0.04800000041723251 -0.009950317442417145 0.004734455607831478 -0.04800000041723251 -0.010825317353010178 0.0044999998062849045 -0.04800000041723251 -0.01170031726360321 0.004734455607831478 -0.04800000041723251 -0.012340862303972244 0.005375000182539225 -0.04800000041723251 -0.012575317174196243 0.0062500000931322575 -0.04800000041723251 -0.012340862303972244 0.00712500000372529 -0.04800000041723251 -0.01170031726360321 0.007765544578433037 -0.04800000041723251 -0.010825317353010178 0.00800000037997961 -0.04800000041723251 -0.009950317442417145 0.007765544578433037 -0.04800000041723251 -0.009309773333370686 0.00712500000372529 -0.04600000008940697 -0.009999999776482582 0.015564382076263428 -0.04600000008940697 -0.009999999776482582 0.016499999910593033 -0.04600000008940697 -0.0083666006103158 0.016499999910593033 -0.04730776697397232 -0.007518008816987276 0.014826469123363495 -0.04600000008940697 -0.007685863878577948 0.016499999910593033 -0.04600000008940697 -0.007000000216066837 0.016499999910593033 -0.04626673832535744 -0.006758073810487986 0.01599583961069584 -0.04667152836918831 -0.007137693464756012 0.015411527827382088 -0.04671667143702507 -0.0065286909230053425 0.015582584775984287 -0.047080107033252716 -0.006405223626643419 0.015400002710521221 -0.046215638518333435 -0.007402644958347082 0.015915831550955772 -0.04612361639738083 -0.008053538389503956 0.015882601961493492 -0.04658578708767891 -0.007727024145424366 0.015238674357533455 -0.04640668258070946 -0.006673446390777826 0.015834812074899673 -0.04730776697397232 -0.0047213188372552395 0.01593906618654728 -0.04612361639738083 0.002808742690831423 0.017584865912795067 -0.04612361639738083 0.005057631991803646 0.017074450850486755 -0.04658578708767891 0.00485258037224412 0.01638220250606537 -0.04600000008940697 0.002917925827205181 0.018268434330821037 -0.04600000008940697 0.005254235118627548 0.017738180235028267 -0.04612361639738083 2.3592239273284576E-16 0.017807766795158386 -0.04600000008940697 2.220446049250313E-16 0.01850000023841858 -0.04612361639738083 -0.002808742690831423 0.017584865912795067 -0.04600000008940697 -0.002917925827205181 0.018268434330821037 -0.04730776697397232 0.0026219720020890236 0.016415538266301155 -0.04730776697397232 2.3592239273284576E-16 0.016623618081212044 -0.04730776697397232 -0.0026219720020890236 0.016415538266301155 -0.04658578708767891 -0.00485258037224412 0.01638220250606537 -0.04730776697397232 0.0047213188372552395 0.01593906618654728 -0.04658578708767891 0.002694868016988039 0.016871923580765724 -0.04658578708767891 2.3592239273284576E-16 0.017085786908864975 -0.04658578708767891 -0.002694868016988039 0.016871923580765724 -0.04612361639738083 -0.005057631991803646 0.017074450850486755 -0.04600000008940697 -0.005254235118627548 0.017738180235028267 -0.047080107033252716 -0.006405223626643419 -0.015400002710521221 -0.04730776697397232 -0.007518008816987276 -0.014826469123363495 -0.04667152836918831 -0.007137693464756012 -0.015411527827382088 -0.04658578708767891 -0.007727024145424366 -0.015238674357533455 -0.046215638518333435 -0.007402644958347082 -0.015915831550955772 -0.04612361639738083 -0.008053538389503956 -0.015882601961493492 -0.04626673832535744 -0.006758073810487986 -0.01599583961069584 -0.04600000008940697 -0.007000000216066837 -0.016499999910593033 -0.04600000008940697 -0.007685863878577948 -0.016499999910593033 -0.04640668258070946 -0.006673446390777826 -0.015834812074899673 -0.04671667143702507 -0.0065286909230053425 -0.015582584775984287 -0.04730776697397232 0.0047213188372552395 -0.01593906618654728 -0.04612361639738083 -0.002808742690831423 -0.017584865912795067 -0.04612361639738083 -0.005057631991803646 -0.017074450850486755 -0.04658578708767891 -0.00485258037224412 -0.01638220250606537 -0.04600000008940697 -0.002917925827205181 -0.018268434330821037 -0.04600000008940697 -0.005254235118627548 -0.017738180235028267 -0.04612361639738083 2.636779683484747E-16 -0.017807766795158386 -0.04600000008940697 2.636779683484747E-16 -0.01850000023841858 -0.04612361639738083 0.002808742690831423 -0.017584865912795067 -0.04600000008940697 0.002917925827205181 -0.018268434330821037 -0.04730776697397232 -0.0026219720020890236 -0.016415538266301155 -0.04730776697397232 2.636779683484747E-16 -0.016623618081212044 -0.04730776697397232 0.0026219720020890236 -0.016415538266301155 -0.04658578708767891 0.00485258037224412 -0.01638220250606537 -0.04730776697397232 -0.0047213188372552395 -0.01593906618654728 -0.04658578708767891 -0.002694868016988039 -0.016871923580765724 -0.04658578708767891 2.636779683484747E-16 -0.017085786908864975 -0.04658578708767891 0.002694868016988039 -0.016871923580765724 -0.04612361639738083 0.005057631991803646 -0.017074450850486755 -0.04600000008940697 0.005254235118627548 -0.017738180235028267 -0.04800000041723251 0.0017500000540167093 0.012500000186264515 -0.04800000041723251 0.0015155444853007793 0.011625000275671482 -0.04800000041723251 0.0008750000270083547 0.010984455235302448 -0.04800000041723251 1.249000902703301E-16 0.01075000036507845 -0.04800000041723251 -0.0008750000270083547 0.010984455235302448 -0.04800000041723251 -0.0015155444853007793 0.011625000275671482 -0.04800000041723251 -0.0017500000540167093 0.012500000186264515 -0.04800000041723251 -0.0015155444853007793 0.013375000096857548 -0.04800000041723251 -0.0008750000270083547 0.014015544205904007 -0.04800000041723251 1.1102230246251565E-16 0.01425000000745058 -0.04800000041723251 0.0008750000270083547 0.014015544205904007 -0.04800000041723251 0.0015155444853007793 0.013375000096857548 -0.04800000041723251 0.0017500000540167093 -0.012500000186264515 -0.04800000041723251 0.0015155444853007793 -0.013375000096857548 -0.04800000041723251 0.0008750000270083547 -0.014015544205904007 -0.04800000041723251 2.914335439641036E-16 -0.01425000000745058 -0.04800000041723251 -0.0008750000270083547 -0.014015544205904007 -0.04800000041723251 -0.0015155444853007793 -0.013375000096857548 -0.04800000041723251 -0.0017500000540167093 -0.012500000186264515 -0.04800000041723251 -0.0015155444853007793 -0.011625000275671482 -0.04800000041723251 -0.0008750000270083547 -0.010984455235302448 -0.04800000041723251 2.914335439641036E-16 -0.01075000036507845 -0.04800000041723251 0.0008750000270083547 -0.010984455235302448 -0.04800000041723251 0.0015155444853007793 -0.011625000275671482 -0.04574999958276749 2.498001805406602E-16 0.028384117409586906 -0.04574999958276749 -0.001025000005029142 0.028999999165534973 -0.045237500220537186 -0.0008876760257408023 0.028999999165534973 -0.04626249894499779 -0.0008876760257408023 0.028999999165534973 -0.044725000858306885 2.498001805406602E-16 0.028999999165534973 -0.04486232250928879 0.000512500002514571 0.028999999165534973 -0.04486232250928879 -0.000512500002514571 0.028999999165534973 -0.045237500220537186 0.0008876760257408023 0.028999999165534973 -0.04574999958276749 0.001025000005029142 0.028999999165534973 -0.04626249894499779 0.0008876760257408023 0.028999999165534973 -0.046204421669244766 0.00042010005563497543 0.02875596284866333 -0.046166419982910156 0.00028322136495262384 0.028686705976724625 -0.04613230749964714 5.0740600272547454E-05 0.02861596643924713 -0.04613099619746208 -3.115530716968351E-06 0.028613051399588585 -0.04615098610520363 -0.0002091260685119778 0.028655869886279106 -0.04616363346576691 -0.0002710882399696857 0.02868126891553402 -0.04638196527957916 -0.0008069968898780644 0.028999999165534973 -0.04638196527957916 0.0008069968898780644 0.028999999165534973 -0.04609271138906479 0.004999999888241291 0.028519175946712494 -0.046439338475465775 0.004999999888241291 0.029060659930109978 -0.023065125569701195 0.004999999888241291 0.03449999913573265 -0.04749999940395355 0.004999999888241291 0.03449999913573265 -0.04698082432150841 0.004999999888241291 0.029407287016510963 -0.04749999940395355 0.004999999888241291 0.029500000178813934 -0.04600000008940697 0.004999999888241291 0.02800000086426735 -0.023323282599449158 0.004999999888241291 0.03432600572705269 -0.04600000008940697 0.004999999888241291 0.0189179927110672 -0.04673895612359047 0.005954209715127945 0.015767762437462807 -0.047307178378105164 0.005429995246231556 0.015683520585298538 -0.046287186443805695 0.0060949125327169895 0.01617499254643917 -0.04600000008940697 0.006297430954873562 0.016654113307595253 -0.0466650053858757 0.005104714073240757 0.01620950922369957 -0.046206291764974594 0.005240943282842636 0.016783777624368668 -0.04600000008940697 0.005426365416496992 0.017425641417503357 -0.04671500250697136 0.005462128669023514 0.016002852469682693 -0.04625886678695679 0.005570621695369482 0.016487080603837967 -0.04600000008940697 0.005595089867711067 0.017196664586663246 -0.04800000041723251 0.009325317107141018 0.003651923732832074 -0.04800000041723251 0.010825317353010178 0.0032500000670552254 -0.04800000041723251 0.012325317598879337 0.003651923732832074 -0.04800000041723251 0.013423393480479717 0.004749999847263098 -0.04800000041723251 0.013825317844748497 0.0062500000931322575 -0.04800000041723251 0.013423393480479717 0.00774999987334013 -0.04800000041723251 0.012325317598879337 0.00884807575494051 -0.04800000041723251 0.010825317353010178 0.00925000011920929 -0.04800000041723251 0.009325317107141018 0.00884807575494051 -0.04800000041723251 0.008227241225540638 0.00774999987334013 -0.04800000041723251 0.007825317792594433 0.0062500000931322575 -0.04800000041723251 0.008227241225540638 0.004749999847263098 -0.021492084488272667 0.01293107122182846 0.02355813980102539 -0.02069942094385624 0.014000000432133675 0.024212947115302086 -0.020741792395710945 0.013960560783743858 0.02396022155880928 -0.020585263147950172 0.014000000432133675 0.024455245584249496 -0.021493971347808838 0.012886627577245235 0.023607825860381126 -0.0214866753667593 0.012834041379392147 0.023659948259592056 -0.020529046654701233 0.014000000432133675 0.024528326466679573 -0.02147754095494747 0.012779423967003822 0.023697080090641975 -0.02040758915245533 0.014000000432133675 0.024648131802678108 -0.021470267325639725 0.012616580352187157 0.023728203028440475 -0.020742142572999 0.013853553682565689 0.02371382899582386 -0.02129378169775009 0.01312056090682745 0.023230914026498795 -0.020746638998389244 0.01392111275345087 0.023849336430430412 -0.021389175206422806 0.013083173893392086 0.023328356444835663 -0.021446499973535538 0.013034802861511707 0.023416632786393166 -0.04658578708767891 0.00973742175847292 0.014039469882845879 -0.04612361639738083 0.010148887522518635 0.014632723294198513 -0.04600000008940697 0.010499999858438969 0.015231546014547348 -0.04730776697397232 0.00947402510792017 0.01365970354527235 -0.0472615584731102 0.010717970319092274 0.012730233371257782 -0.04611844941973686 0.010499999858438969 0.014400400221347809 -0.04647001996636391 0.010499999858438969 0.013638181611895561 -0.04665301740169525 0.010516084730625153 0.013385039754211903 -0.04338208958506584 0.010746357962489128 0.012676726095378399 -0.0432865209877491 0.010712537914514542 0.01274106279015541 -0.042379073798656464 0.010518002323806286 0.013371092267334461 -0.041999999433755875 0.010499999858438969 0.013638181611895561 -0.021395962685346603 0.010499999858438969 0.02446349896490574 -0.019151849672198296 0.010499999858438969 0.026257507503032684 -0.021395184099674225 0.010502701625227928 0.024395184591412544 -0.01904986798763275 0.010530903935432434 0.026117689907550812 -0.02139873430132866 0.010524582117795944 0.02425496093928814 -0.021400006487965584 0.010530798695981503 0.024229926988482475 -0.018943505361676216 0.010646446608006954 0.02597186341881752 -0.0214348416775465 0.01068669930100441 0.023908594623208046 -0.018875418230891228 0.010826941579580307 0.025878513231873512 -0.021461904048919678 0.010853556916117668 0.0237653199583292 -0.01601545140147209 0.010826941579580307 0.027739576995372772 -0.01599999889731407 0.010999999940395355 0.027712812647223473 -0.018857205286622047 0.010999999940395355 0.02585354633629322 -0.021470267325639725 0.010999999940395355 0.023728203028440475 -0.01607322320342064 0.010646446608006954 0.02783964015543461 -0.016163472086191177 0.010530903935432434 0.02799595333635807 -0.016249999403953552 0.010499999858438969 0.02814582549035549 0.02752181515097618 0.010499999858438969 0.02371387369930744 0.027326401323080063 0.010300000198185444 0.02375645563006401 0.02759518101811409 0.010499999858438969 0.024395184591412544 0.027380820363759995 0.010300000198185444 0.024688366800546646 0.021409545093774796 0.010300000198185444 0.024688366800546646 0.021463964134454727 0.010300000198185444 0.02375645563006401 0.02126855030655861 0.010499999858438969 0.02371387369930744 0.0211951844394207 0.010499999858438969 0.024395184591412544 0.021210502833127975 0.010499999858438969 0.024707913398742676 0.021900448948144913 0.010300000198185444 0.026061411947011948 0.02173413708806038 0.010499999858438969 0.026172492653131485 0.022980738431215286 0.010300000198185444 0.027040811255574226 0.02288643643260002 0.010499999858438969 0.027217185124754906 0.024395186454057693 0.010300000198185444 0.027395183220505714 0.024395186454057693 0.010499999858438969 0.02759518474340439 0.025809627026319504 0.010300000198185444 0.027040811255574226 0.02590392902493477 0.010499999858438969 0.027217185124754906 0.026889916509389877 0.010300000198185444 0.026061411947011948 0.02705622836947441 0.010499999858438969 0.026172492653131485 0.027579862624406815 0.010499999858438969 0.024707913398742676 -0.018492277711629868 0.013853553682565689 0.0210325438529253 -0.018406257033348083 0.013937940821051598 0.021104721352458 -0.018368013203144073 0.013961940072476864 0.02113681100308895 -0.01822143793106079 0.014000000432133675 0.02125980332493782 0.021270189434289932 0.010499999858438969 0.02359418198466301 0.021466698497533798 0.010300000198185444 0.023556970059871674 0.021364804357290268 0.010300000198185444 0.02333633415400982 0.021209057420492172 0.010499999858438969 0.023461800068616867 0.021170925348997116 0.010300000198185444 0.02318980172276497 0.021092724055051804 0.010499999858438969 0.023373881354928017 0.020975429564714432 0.010300000198185444 0.023150000721216202 0.020975429564714432 0.010499999858438969 0.023350000381469727 -0.02059517800807953 0.013973128981888294 -0.023837145417928696 -0.020471304655075073 0.014000000432133675 -0.02394108846783638 -0.020577067509293556 0.013972773216664791 -0.02406477928161621 -0.020891206339001656 0.013749182224273682 -0.02404875122010708 -0.020885979756712914 0.01377094816416502 -0.02400914765894413 -0.020713593810796738 0.01392308808863163 -0.024051958695054054 -0.020841792225837708 0.013828064315021038 -0.023869588971138 -0.020713593810796738 0.013927040621638298 -0.02384657971560955 -0.020742142572999 0.013853553682565689 -0.02371382899582386 -0.020796244964003563 0.013500000350177288 -0.02432110533118248 -0.020872153341770172 0.01362967025488615 -0.024210359901189804 -0.020776161924004555 0.013673058710992336 -0.024297617375850677 -0.020891349762678146 0.013700694777071476 -0.024123527109622955 -0.020718002691864967 0.013825422152876854 -0.02422960288822651 -0.0207168310880661 0.01382751390337944 -0.024228231981396675 -0.020701073110103607 0.013853553682565689 -0.024209801107645035 -0.020583773031830788 0.013969095423817635 -0.024072619155049324 -0.020617879927158356 0.013961940072476864 -0.02381809614598751 -0.04800000041723251 0.012325317598879337 -0.003651923732832074 -0.04800000041723251 0.010825317353010178 -0.0032500000670552254 -0.04800000041723251 0.009325317107141018 -0.003651923732832074 -0.04800000041723251 0.008227241225540638 -0.004749999847263098 -0.04800000041723251 0.007825317792594433 -0.0062500000931322575 -0.04800000041723251 0.008227241225540638 -0.00774999987334013 -0.04800000041723251 0.009325317107141018 -0.00884807575494051 -0.04800000041723251 0.010825317353010178 -0.00925000011920929 -0.04800000041723251 0.012325317598879337 -0.00884807575494051 -0.04800000041723251 0.013423393480479717 -0.00774999987334013 -0.04800000041723251 0.013825317844748497 -0.0062500000931322575 -0.04800000041723251 0.013423393480479717 -0.004749999847263098 -0.04592042788863182 0.013706930913031101 0.007084447890520096 -0.04585213214159012 0.013423138298094273 0.0077504427172243595 -0.04583597928285599 0.013366570696234703 0.007844374515116215 -0.04594269022345543 0.013825317844748497 -0.0062500000931322575 -0.04592042788863182 0.013706930913031101 -0.005415552295744419 -0.04594181478023529 0.013820038177073002 -0.006427896209061146 -0.045904625207185745 0.013633164577186108 -0.007306405808776617 -0.04585207253694534 0.013422890566289425 -0.007750870659947395 -0.045814476907253265 0.01329594012349844 -0.007951771840453148 -0.04562709853053093 0.012813642621040344 -0.00849645584821701 -0.04535379633307457 0.012320159934461117 -0.008851047605276108 -0.04527688026428223 0.012206126004457474 -0.00891333818435669 -0.04472782835364342 0.01157436240464449 -0.009154983796179295 -0.04395335540175438 0.011009308509528637 -0.009244352579116821 -0.04328631982207298 0.010712500661611557 -0.012741048820316792 -0.04350844770669937 0.010795245878398418 -0.009249849244952202 -0.043010395020246506 0.010629694908857346 -0.009243614971637726 -0.042402010411024094 0.010520219802856445 -0.013354506343603134 -0.041999999433755875 0.010499999858438969 -0.009232309646904469 -0.041999999433755875 0.010499999858438969 -0.013638181611895561 -0.04594269022345543 0.013825317844748497 0.0062500000931322575 -0.04594181478023529 0.013820038177073002 0.006072103511542082 -0.045904625207185745 0.013633164577186108 0.0051935939118266106 -0.04585213214159012 0.013423138298094273 -0.004749557469040155 -0.04585207253694534 0.013422890566289425 0.00474912952631712 -0.04583597928285599 0.013366570696234703 -0.0046556256711483 -0.045814476907253265 0.01329594012349844 0.004548228811472654 -0.04564093053340912 0.012843778356909752 -0.004030582029372454 -0.04562709853053093 0.012813642621040344 0.004003543872386217 -0.04535379633307457 0.012320159934461117 0.003648952813819051 -0.04527688026428223 0.012206126004457474 0.003586662234738469 -0.04535447806119919 0.012321204878389835 -0.0036495535168796778 -0.045295726507902145 0.01223329734057188 -0.0036009259056299925 -0.044845208525657654 0.011688359081745148 -0.0033768205903470516 -0.04472782835364342 0.01157436240464449 0.0033450161572545767 -0.04418245702981949 0.011147715151309967 -0.0032673736568540335 -0.04395335540175438 0.011009308509528637 0.00325564737431705 -0.04353123903274536 0.010804618708789349 -0.0032500713132321835 -0.04350844770669937 0.010795245878398418 0.0032501507084816694 -0.043297987431287766 0.010716340504586697 -0.003251980058848858 -0.043010395020246506 0.010629694908857346 0.003256384748965502 -0.04245099425315857 0.010525459423661232 -0.0032650234643369913 -0.041999999433755875 0.010499999858438969 0.00326769077219069 -0.041999999433755875 0.010499999858438969 -0.00326769077219069 -0.04564093053340912 0.012843778356909752 0.008469417691230774 -0.04535447806119919 0.012321204878389835 0.00885044690221548 -0.04418245702981949 0.011147715151309967 0.009232626296579838 -0.04353123903274536 0.010804618708789349 0.009249928407371044 -0.043297987431287766 0.010716340504586697 0.009248020127415657 -0.045295726507902145 0.01223329734057188 0.008899074047803879 -0.044845208525657654 0.011688359081745148 0.009123179130256176 -0.04245099425315857 0.010525459423661232 0.009234976954758167 -0.041999999433755875 0.010499999858438969 0.009232309646904469 -0.04647001996636391 0.010499999858438969 -0.013638181611895561 -0.046651873737573624 0.010516275651752949 -0.013385760597884655 -0.047156136482954025 0.010671181604266167 -0.012828614562749863 -0.04726141691207886 0.010717933066189289 -0.012730325572192669 0.02126855030655861 0.010499999858438969 -0.02371387369930744 0.021463964134454727 0.010300000198185444 -0.02375645563006401 0.0211951844394207 0.010499999858438969 -0.024395184591412544 0.021409545093774796 0.010300000198185444 -0.024688366800546646 0.027380820363759995 0.010300000198185444 -0.024688366800546646 0.027326401323080063 0.010300000198185444 -0.02375645563006401 0.02752181515097618 0.010499999858438969 -0.02371387369930744 0.02759518101811409 0.010499999858438969 -0.024395184591412544 0.027579862624406815 0.010499999858438969 -0.024707913398742676 0.026889916509389877 0.010300000198185444 -0.026061411947011948 0.02705622836947441 0.010499999858438969 -0.026172492653131485 0.025809627026319504 0.010300000198185444 -0.027040811255574226 0.02590392902493477 0.010499999858438969 -0.027217185124754906 0.024395186454057693 0.010300000198185444 -0.027395183220505714 0.024395186454057693 0.010499999858438969 -0.02759518474340439 0.022980738431215286 0.010300000198185444 -0.027040811255574226 0.02288643643260002 0.010499999858438969 -0.027217185124754906 0.021900448948144913 0.010300000198185444 -0.026061411947011948 0.02173413708806038 0.010499999858438969 -0.026172492653131485 0.021210502833127975 0.010499999858438969 -0.024707913398742676 -0.016249999403953552 0.010499999858438969 -0.02814582549035549 -0.019151849672198296 0.010499999858438969 -0.026257507503032684 -0.01904986798763275 0.010530903935432434 -0.026117689907550812 -0.016163472086191177 0.010530903935432434 -0.02799595333635807 -0.018943505361676216 0.010646446608006954 -0.02597186341881752 -0.01607322320342064 0.010646446608006954 -0.02783964015543461 -0.018875418230891228 0.010826941579580307 -0.025878513231873512 -0.01601545140147209 0.010826941579580307 -0.027739576995372772 -0.018857205286622047 0.010999999940395355 -0.02585354633629322 -0.01599999889731407 0.010999999940395355 -0.027712812647223473 -0.021470267325639725 0.010999999940395355 -0.023728203028440475 -0.02146977186203003 0.01097040344029665 -0.023729834705591202 -0.021456126123666763 0.010806444101035595 -0.023793509230017662 -0.02142375148832798 0.010635499842464924 -0.023982146754860878 -0.021400058642029762 0.010530984960496426 -0.024229208007454872 -0.021395962685346603 0.010499999858438969 -0.02446349896490574 -0.021395184099674225 0.010502701625227928 -0.024395184591412544 -0.04600002244114876 0.010499998927116394 -0.015220529399812222 -0.04612361639738083 0.010148887522518635 -0.014632723294198513 -0.04613001272082329 0.010499989613890648 -0.014361688867211342 -0.04730776697397232 0.00947402510792017 -0.01365970354527235 -0.04658578708767891 0.00973742175847292 -0.014039469882845879 -0.04600000008940697 0.010499999858438969 -0.015231546014547348 -0.04619802162051201 0.005244955886155367 -0.016799628734588623 -0.04600000008940697 0.005426196381449699 -0.01742590218782425 -0.04627791419625282 0.00609573582187295 -0.01618790812790394 -0.046000003814697266 0.006196564994752407 -0.016703680157661438 -0.045999977737665176 0.005675254389643669 -0.01710651069879532 -0.046000055968761444 0.006829284597188234 -0.016508786007761955 -0.046650927513837814 0.005106971599161625 -0.016221916303038597 -0.04672610014677048 0.005954147316515446 -0.01577743887901306 -0.04729173704981804 0.005428391508758068 -0.015689555555582047 -0.046701569110155106 0.005462472792714834 -0.01601392962038517 -0.04624980688095093 0.005572665482759476 -0.01650158315896988 -0.04749999940395355 0.004999999888241291 -0.03449999913573265 -0.04749999940395355 0.004999999888241291 -0.029500000178813934 -0.04698082432150841 0.004999999888241291 -0.029407287016510963 -0.023065125569701195 0.004999999888241291 -0.03449999913573265 -0.046439338475465775 0.004999999888241291 -0.029060659930109978 -0.04609271138906479 0.004999999888241291 -0.028519175946712494 -0.023323282599449158 0.004999999888241291 -0.03432600572705269 -0.04600000008940697 0.004999999888241291 -0.02800000086426735 -0.04600000008940697 0.004999999888241291 -0.0189179927110672 -0.04574999958276749 2.498001805406602E-16 -0.028384117409586906 -0.04574999958276749 0.001025000005029142 -0.028999999165534973 -0.045237500220537186 0.0008876760257408023 -0.028999999165534973 -0.04626249894499779 0.0008876760257408023 -0.028999999165534973 -0.044725000858306885 2.498001805406602E-16 -0.028999999165534973 -0.04486232250928879 -0.000512500002514571 -0.028999999165534973 -0.04486232250928879 0.000512500002514571 -0.028999999165534973 -0.045237500220537186 -0.0008876760257408023 -0.028999999165534973 -0.04574999958276749 -0.001025000005029142 -0.028999999165534973 -0.04626249894499779 -0.0008876760257408023 -0.028999999165534973 -0.04616958647966385 -0.00029652146622538567 -0.02869281731545925 -0.04615885391831398 -0.0002491845516487956 -0.028671810403466225 -0.04613220691680908 -4.907888433081098E-05 -0.028615746647119522 -0.04613099992275238 3.074595042562578E-06 -0.028613056987524033 -0.04615113511681557 0.00020995960221625865 -0.02865617349743843 -0.046163372695446014 0.00026992260245606303 -0.02868075482547283 -0.04638196527957916 0.0008069968898780644 -0.028999999165534973 -0.04638196527957916 -0.0008069968898780644 -0.028999999165534973 -0.046125102788209915 -0.010043823160231113 -0.014700178056955338 -0.046375714242458344 -0.010131500661373138 -0.014063727110624313 -0.04658578708767891 -0.009903713129460812 -0.01392266433686018 -0.04730776697397232 -0.00963581819087267 -0.013546057045459747 -0.047171518206596375 -0.010646631009876728 -0.01283980067819357 -0.046611238270998 -0.010243541561067104 -0.013643469661474228 -0.04800000041723251 -0.009325317107141018 -0.003651923732832074 -0.04800000041723251 -0.010825317353010178 -0.0032500000670552254 -0.04800000041723251 -0.012325317598879337 -0.003651923732832074 -0.04800000041723251 -0.013423393480479717 -0.004749999847263098 -0.04800000041723251 -0.013825317844748497 -0.0062500000931322575 -0.04800000041723251 -0.013423393480479717 -0.00774999987334013 -0.04800000041723251 -0.012325317598879337 -0.00884807575494051 -0.04800000041723251 -0.010825317353010178 -0.00925000011920929 -0.04800000041723251 -0.009325317107141018 -0.00884807575494051 -0.04800000041723251 -0.008227241225540638 -0.00774999987334013 -0.04800000041723251 -0.007825317792594433 -0.0062500000931322575 -0.04800000041723251 -0.008227241225540638 -0.004749999847263098 -0.0459330677986145 -0.012109236791729927 0.0014482071856036782 -0.045849211513996124 -0.011749999597668648 0.0012990380637347698 -0.045649707317352295 -0.011200961656868458 0.000750000006519258 -0.04557925835251808 -0.01105216983705759 0.00039215621654875576 -0.04555274918675423 -0.010999999940395355 2.4610993095907538E-18 -0.04557901620864868 -0.01105168741196394 -0.0003903713950421661 -0.045649830251932144 -0.011201235465705395 -0.0007504738750867546 -0.04566628858447075 -0.011238448321819305 -0.0008114723605103791 -0.045849211513996124 -0.011749999597668648 -0.0012990380637347698 -0.045985572040081024 -0.012498479336500168 -0.0014999991981312633 -0.04593309387564659 -0.012109390459954739 -0.0014482486294582486 -0.04598569869995117 -0.012500000186264515 0.001500000013038516 -0.04600000008940697 -0.012837924063205719 0.001461440115235746 -0.04600000008940697 -0.013249999843537807 0.0012990380637347698 -0.04600000008940697 -0.013799037784337997 0.000750000006519258 -0.04600000008940697 -0.014000000432133675 1.7020657650077541E-18 -0.04600000008940697 -0.013799037784337997 -0.000750000006519258 -0.04600000008940697 -0.013249999843537807 -0.0012990380637347698 -0.04600000008940697 -0.012837924063205719 -0.001461440115235746 -0.04800000041723251 -0.009325317107141018 0.00884807575494051 -0.04800000041723251 -0.010825317353010178 0.00925000011920929 -0.04800000041723251 -0.012325317598879337 0.00884807575494051 -0.04800000041723251 -0.013423393480479717 0.00774999987334013 -0.04800000041723251 -0.013825317844748497 0.0062500000931322575 -0.04800000041723251 -0.013423393480479717 0.004749999847263098 -0.04800000041723251 -0.012325317598879337 0.003651923732832074 -0.04800000041723251 -0.010825317353010178 0.0032500000670552254 -0.04800000041723251 -0.009325317107141018 0.003651923732832074 -0.04800000041723251 -0.008227241225540638 0.004749999847263098 -0.04800000041723251 -0.007825317792594433 0.0062500000931322575 -0.04800000041723251 -0.008227241225540638 0.00774999987334013 -0.04600000008940697 -0.012837924063205719 -0.008474728092551231 -0.04600000008940697 -0.013423393480479717 -0.00774999987334013 -0.04600000008940697 -0.012837924063205719 -0.0040252720937132835 -0.04600000008940697 -0.013825317844748497 -0.0062500000931322575 -0.04600000008940697 -0.013423393480479717 -0.004749999847263098 -0.04600000008940697 -0.012837924063205719 0.008474728092551231 -0.04600000008940697 -0.013423393480479717 0.00774999987334013 -0.04600000008940697 -0.013825317844748497 0.0062500000931322575 -0.04600000008940697 -0.013423393480479717 0.004749999847263098 -0.04600000008940697 -0.012837924063205719 0.0040252720937132835 -0.04755036532878876 -0.01098291389644146 0.012382153421640396 -0.04730776697397232 -0.00963581819087267 0.013546057045459747 -0.04658578708767891 -0.009903713129460812 0.01392266433686018 -0.046375714242458344 -0.010131500661373138 0.014063727110624313 -0.046080078929662704 -0.010028038173913956 0.014875221997499466 -0.047317709773778915 -0.010771271772682667 0.012657273560762405 -0.04683805629611015 -0.01038960088044405 0.013293900527060032 -0.04619802162051201 -0.005244955886155367 0.016799628734588623 -0.04600000008940697 -0.005426196381449699 0.01742590218782425 -0.046000055968761444 -0.006829284597188234 0.016508786007761955 -0.046000003814697266 -0.006196564994752407 0.016703680157661438 -0.04627791419625282 -0.00609573582187295 0.01618790812790394 -0.045999977737665176 -0.005675254389643669 0.01710651069879532 -0.046650927513837814 -0.005106971599161625 0.016221916303038597 -0.04672610014677048 -0.005954147316515446 0.01577743887901306 -0.04729173704981804 -0.005428391508758068 0.015689555555582047 -0.046701569110155106 -0.005462472792714834 0.01601392962038517 -0.04624980688095093 -0.005572665482759476 0.01650158315896988 -0.04609271138906479 -0.004999999888241291 0.028519175946712494 -0.04600000008940697 -0.004999999888241291 0.02800000086426735 -0.0466354675590992 0.0005163093446753919 0.029225800186395645 -0.046730801463127136 0.0002977518015541136 0.029287997633218765 -0.04655405506491661 0.000635703734587878 0.029164131730794907 -0.04677499830722809 5.092155674901733E-07 0.02931315451860428 -0.04698082432150841 -0.004999999888241291 0.029407287016510963 -0.04749999940395355 -0.004999999888241291 0.029500000178813934 -0.04676761105656624 -0.00012286576384212822 0.029309166595339775 -0.046633508056402206 -0.0005196511629037559 0.02922441065311432 -0.046439338475465775 -0.004999999888241291 0.029060659930109978 -0.04600000008940697 -0.004999999888241291 0.0189179927110672 -0.04599985107779503 0.005027512554079294 0.01851840503513813 -0.04600000008940697 -0.004999999888241291 -0.02800000086426735 -0.04600000008940697 -0.004999999888241291 -0.0189179927110672 -0.04600000008940697 -0.0051289028488099575 -0.01806369051337242 -0.04609271138906479 -0.004999999888241291 -0.028519175946712494 -0.046439338475465775 -0.004999999888241291 -0.029060659930109978 -0.04698082432150841 -0.004999999888241291 -0.029407287016510963 -0.046637676656246185 -0.000512500002514571 -0.029227353632450104 -0.04673910140991211 -0.0002688869135454297 -0.02929268591105938 -0.04677499830722809 2.498001805406602E-16 -0.02931315451860428 -0.04749999940395355 -0.004999999888241291 -0.029500000178813934 -0.046739112585783005 0.00026885009719990194 -0.029292691498994827 -0.046637676656246185 0.000512500002514571 -0.029227353632450104 -0.045999929308891296 -0.005583767779171467 -0.01721070520579815 -0.04599999636411667 -0.005915133748203516 -0.016886642202734947 -0.04625213146209717 -0.00557325966656208 -0.016497178003191948 -0.04600006714463234 -0.006424311548471451 -0.01660229079425335 -0.046280212700366974 -0.006097983103245497 -0.01618364453315735 -0.047303274273872375 -0.0054299477487802505 -0.015684889629483223 -0.04599997028708458 -0.005485655274242163 -0.017338542267680168 -0.046200063079595566 -0.0052440958097577095 -0.016795599833130836 -0.04670828953385353 -0.005463036242872477 -0.01600801944732666 -0.04673248529434204 -0.005955628585070372 -0.015772026032209396 -0.04665791615843773 -0.005105945747345686 -0.01621568389236927 -0.04800000041723251 -0.0025980761274695396 0.014000000432133675 -0.04800000041723251 -0.003000000026077032 0.012500000186264515 -0.04800000041723251 -0.0025980761274695396 0.010999999940395355 -0.04800000041723251 -0.001500000013038516 0.009901924058794975 -0.04800000041723251 1.249000902703301E-16 0.009499999694526196 -0.04800000041723251 0.001500000013038516 0.009901924058794975 -0.04800000041723251 0.0025980761274695396 0.010999999940395355 -0.04800000041723251 0.003000000026077032 0.012500000186264515 -0.04800000041723251 0.0025980761274695396 0.014000000432133675 -0.04800000041723251 0.001500000013038516 0.015098076313734055 -0.04800000041723251 1.1102230246251565E-16 0.01549999974668026 -0.04800000041723251 -0.001500000013038516 0.015098076313734055 -0.04800000041723251 -0.0025980761274695396 -0.010999999940395355 -0.04800000041723251 -0.003000000026077032 -0.012500000186264515 -0.04800000041723251 -0.0025980761274695396 -0.014000000432133675 -0.04800000041723251 -0.001500000013038516 -0.015098076313734055 -0.04800000041723251 4.718447854656915E-16 -0.01549999974668026 -0.04800000041723251 0.001500000013038516 -0.015098076313734055 -0.04800000041723251 0.0025980761274695396 -0.014000000432133675 -0.04800000041723251 0.003000000026077032 -0.012500000186264515 -0.04800000041723251 0.0025980761274695396 -0.010999999940395355 -0.04800000041723251 0.001500000013038516 -0.009901924058794975 -0.04800000041723251 4.579669976578771E-16 -0.009499999694526196 -0.04800000041723251 -0.001500000013038516 -0.009901924058794975 -0.04749999940395355 -0.0044999998062849045 0.03500000014901161 -0.04749999940395355 -0.004999999888241291 0.03449999913573265 -0.03028571419417858 -0.0044999998062849045 0.03500000014901161 -0.03171428665518761 -0.004999999888241291 0.03449999913573265 -0.04749999940395355 0.0044999998062849045 0.03500000014901161 -0.023065125569701195 0.0044999998062849045 0.03500000014901161 -0.04626249894499779 0.0008876760257408023 0.03500000014901161 -0.046637676656246185 0.000512500002514571 0.03500000014901161 -0.046637676656246185 -0.000512500002514571 0.03500000014901161 -0.04677499830722809 2.498001805406602E-16 0.03500000014901161 -0.04626249894499779 -0.0008876760257408023 0.03500000014901161 -0.04574999958276749 0.001025000005029142 0.03500000014901161 -0.045237500220537186 0.0008876760257408023 0.03500000014901161 -0.04486232250928879 0.000512500002514571 0.03500000014901161 -0.044725000858306885 2.498001805406602E-16 0.03500000014901161 -0.04486232250928879 -0.000512500002514571 0.03500000014901161 -0.045237500220537186 -0.0008876760257408023 0.03500000014901161 -0.04574999958276749 -0.001025000005029142 0.03500000014901161 -0.02159198559820652 0.0046315621584653854 0.03500000014901161 -0.020163504406809807 0.005030482541769743 0.03500000014901161 -0.020426230505108833 0.005389861296862364 0.03475569933652878 -0.021657617762684822 0.00510819535702467 0.03463754802942276 -0.019187340512871742 0.005943120922893286 0.034871906042099 -0.019754234701395035 0.0056411805562675 0.0348191000521183 -0.020318901166319847 0.005424388684332371 0.034765880554914474 -0.018504858016967773 0.006638501305133104 0.03493456542491913 -0.018691912293434143 0.006358139216899872 0.034917496144771576 -0.01838577911257744 0.006323359441012144 0.03500000014901161 -0.018876956775784492 0.005764372181147337 0.03500000014901161 -0.018309835344552994 0.006466216407716274 0.03500000014901161 -0.018380537629127502 0.006678386125713587 0.03496292233467102 -0.01842493936419487 0.006910022348165512 0.03494182974100113 -0.018419694155454636 0.007000000216066837 0.03494230657815933 -0.04600000008940697 0.010499999858438969 0.016258200630545616 -0.04600000008940697 0.010300000198185444 0.016499999910593033 -0.022199267521500587 0.010300000198185444 0.0326717384159565 -0.022086866199970245 0.010499999858438969 0.032506313174963 -0.022934241220355034 0.005123617127537727 0.03375343605875969 -0.02252848446369171 0.005585786420851946 0.03315626084804535 -0.022268742322921753 0.00630776584148407 0.03277398645877838 -0.022199267521500587 0.007000000216066837 0.0326717384159565 0.0012426420580595732 0.005499999970197678 0.03792965039610863 0.0012426420580595732 0.005499999970197678 0.039280347526073456 0.0006709180888719857 0.005445018410682678 0.03799927979707718 0.000666242849547416 0.005444107111543417 0.03929498419165611 -6.502792530227453E-05 0.005200000014156103 0.038249943405389786 -0.0008786797407083213 0.004621320404112339 0.03928675875067711 -0.0008786797407083213 0.004621320404112339 0.03823990747332573 -0.00027291401056572795 0.005089033395051956 0.03929821774363518 -0.0002246901422040537 0.005116666667163372 0.038249313831329346 -0.000124599042464979 0.005170328542590141 0.03929940611124039 9.460076398681849E-05 0.005271642468869686 0.039299994707107544 0.027323666960000992 0.010300000198185444 0.023556970059871674 0.02751493826508522 0.010499999858438969 0.023649999871850014 0.027520176023244858 0.010499999858438969 0.02359418198466301 0.027581308037042618 0.010499999858438969 0.023461800068616867 0.027425561100244522 0.010300000198185444 0.02333633415400982 0.027697641402482986 0.010499999858438969 0.023373881354928017 0.027619440108537674 0.010300000198185444 0.02318980172276497 0.02781493589282036 0.010499999858438969 0.023350000381469727 0.02781493589282036 0.010300000198185444 0.023150000721216202 0.02998378500342369 0.010300000198185444 0.023150000721216202 0.02998378500342369 0.010499999858438969 0.023350000381469727 0.03028223291039467 0.010499999858438969 0.02340775355696678 0.030356843024492264 0.010300000198185444 0.023222191259264946 0.030598867684602737 0.010499999858438969 0.023638460785150528 0.03075264021754265 0.010300000198185444 0.023510577157139778 0.03076799586415291 0.010499999858438969 0.023991847410798073 0.030964050441980362 0.010300000198185444 0.023952309042215347 0.030749056488275528 0.010499999858438969 0.02438316121697426 0.030940372496843338 0.010300000198185444 0.024441450834274292 0.030606824904680252 0.010499999858438969 0.024651817977428436 0.03076258674263954 0.010300000198185444 0.02477727271616459 0.021463964134454727 0.007799999788403511 0.02375645563006401 0.021395180374383926 0.007799999788403511 0.024395184591412544 0.021409545093774796 0.007799999788403511 0.024688366800546646 0.021900448948144913 0.007799999788403511 0.026061411947011948 0.022980738431215286 0.007799999788403511 0.027040811255574226 0.024395186454057693 0.007799999788403511 0.027395183220505714 0.025809627026319504 0.007799999788403511 0.027040811255574226 0.026889916509389877 0.007799999788403511 0.026061411947011948 0.027380820363759995 0.007799999788403511 0.024688366800546646 0.027395185083150864 0.007799999788403511 0.024395184591412544 0.027326401323080063 0.007799999788403511 0.02375645563006401 -0.022059708833694458 0.011671371757984161 -0.022462114691734314 -0.02201143652200699 0.01155046746134758 -0.022573716938495636 -0.02243196777999401 0.010839657858014107 -0.02212703973054886 -0.021615177392959595 0.012534260749816895 -0.022752461954951286 -0.021654102951288223 0.012300265952944756 -0.022384176030755043 -0.02129378169775009 0.01312056090682745 -0.023230914026498795 -0.021388713270425797 0.013084078207612038 -0.0233292393386364 -0.02144475467503071 0.013036901131272316 -0.02341350167989731 -0.02168859727680683 0.012450500391423702 -0.022872449830174446 -0.021486319601535797 0.012959642335772514 -0.02352241799235344 -0.021713940426707268 0.012342900037765503 -0.02299327589571476 -0.021492430940270424 0.012930527329444885 -0.023557797074317932 -0.021494591608643532 0.01290216576308012 -0.023590076714754105 -0.022990714758634567 0.010500038042664528 -0.02154707722365856 -0.0230171587318182 0.01050015352666378 -0.021458825096488 -0.022473927587270737 0.011168421246111393 -0.021673796698451042 -0.023024288937449455 0.01050001010298729 -0.021303586661815643 -0.022230135276913643 0.011389573104679585 -0.021653877571225166 -0.02301606349647045 0.010500009171664715 -0.02126147970557213 -0.022944089025259018 0.010499999858438969 -0.02112080343067646 -0.022525038570165634 0.011089819483458996 -0.021853165701031685 -0.02250729687511921 0.010969995521008968 -0.022015513852238655 -0.022841552272439003 0.010499999858438969 -0.02178582176566124 -0.02266111597418785 0.010500002652406693 -0.02194720320403576 -0.02205340936779976 0.011784354224801064 -0.02231854386627674 -0.02198847010731697 0.01186602283269167 -0.02216862142086029 -0.021798737347126007 0.011979769915342331 -0.022892696782946587 -0.02169092558324337 0.012229233048856258 -0.02309686504304409 -0.0214866753667593 0.012834041379392147 -0.023659948259592056 -0.021470267325639725 0.012616580352187157 -0.023728203028440475 -0.021470868960022926 0.012669702991843224 -0.02372557856142521 -0.02147669717669487 0.012771137990057468 -0.02370060794055462 -0.022507740184664726 0.01096936035901308 0.022015154361724854 -0.022432386875152588 0.010839013382792473 0.02212667651474476 -0.022011658176779747 0.011550050228834152 0.022573424503207207 -0.02266111597418785 0.010500002652406693 0.02194720320403576 -0.022856812924146652 0.010500050149857998 0.02176806703209877 -0.022525504231452942 0.01108919084072113 0.02185279317200184 -0.022991200909018517 0.010500059463083744 0.021545778959989548 -0.02301385998725891 0.010500156320631504 0.02147330716252327 -0.02247440814971924 0.011167788878083229 0.021673398092389107 -0.02301882579922676 0.010500169359147549 0.021273799240589142 -0.021611589938402176 0.012380111962556839 0.022457728162407875 -0.022187380120158195 0.011449521407485008 0.0216961856931448 -0.021988727152347565 0.011865613050758839 0.022168297320604324 -0.021615268662571907 0.012534072622656822 0.02275227941572666 -0.021688686683773994 0.01245031226426363 0.022872276604175568 -0.021714024245738983 0.012342710047960281 0.02299311012029648 -0.02169100195169449 0.012229042127728462 0.023096702992916107 -0.022053660824894905 0.011783945374190807 0.022318236529827118 -0.02205994725227356 0.011670960113406181 0.022461820393800735 -0.022944089025259018 0.010499999858438969 0.02112080343067646 -0.021798687055706978 0.011979878880083561 0.02289278246462345 -0.02752997912466526 0.010499999858438969 0.00326769077219069 -0.027509383857250214 0.009785637259483337 0.003435916732996702 -0.02750110626220703 0.009624230675399303 0.0035009291023015976 -0.02739541418850422 0.008603468537330627 0.004234216175973415 -0.027422070503234863 0.008771384134888649 0.004063368309289217 -0.027440927922725677 0.008914300240576267 0.003937423229217529 -0.02748117968440056 0.009325055405497551 0.003652075072750449 -0.02698611281812191 0.007825317792594433 0.0062500000931322575 -0.027125099673867226 0.007884718477725983 0.005655963439494371 -0.027227239683270454 0.008026329800486565 0.005170338321477175 -0.02728458121418953 0.00815960019826889 0.0048737907782197 -0.027314556762576103 0.00825049914419651 0.0047104195691645145 -0.026792103424668312 0.007917016744613647 0.0069860611110925674 -0.026742340996861458 0.007967042736709118 0.007161187473684549 -0.026271479204297066 0.008989955298602581 0.008623066358268261 -0.026407910510897636 0.008571662940084934 0.008230161853134632 -0.02647494710981846 0.0084096509963274 0.00802891980856657 -0.026511788368225098 0.008330307900905609 0.007915811613202095 -0.02656475640833378 0.008227157406508923 0.0077498541213572025 -0.026116173714399338 0.010499999858438969 0.009232309646904469 -0.02604827657341957 0.010433313436806202 0.00922427885234356 -0.026101522147655487 0.00984437670558691 0.00908509362488985 -0.026190215721726418 0.009324331767857075 0.00884750671684742 -0.02623872458934784 0.009114464744925499 0.0087143424898386 -0.020908955484628677 0.010499999858438969 0.018695427104830742 -0.018295161426067352 0.01396520622074604 0.02109202928841114 -0.018061049282550812 0.013666694052517414 0.020816532894968987 -0.018079839646816254 0.013681375421583652 0.02081589587032795 -0.018081270158290863 0.013840971514582634 0.02092202939093113 -0.01818062737584114 0.01374968234449625 0.02082853391766548 -0.018295161426067352 0.013851333409547806 0.020911766216158867 -0.018352612853050232 0.013829177245497704 0.020907048135995865 -0.018376905471086502 0.013836457394063473 0.020924203097820282 -0.017964530736207962 0.013806837610900402 0.02096005529165268 -0.01791616529226303 0.013673058710992336 0.020903628319501877 -0.018015660345554352 0.013628315180540085 0.020822549238801003 -0.017896056175231934 0.013500000350177288 0.020880162715911865 -0.01810881868004799 0.013969095423817635 0.021128403022885323 -0.018083110451698303 0.013952567242085934 0.021098408848047256 -0.018078863620758057 0.013949444517493248 0.021093454211950302 -0.017991356551647186 0.013853553682565689 0.020991357043385506 -0.01599999889731407 0.014000000432133675 0.027712812647223473 -0.018840767443180084 0.014000000432133675 0.025865526869893074 -0.02179710939526558 0.010499999858438969 0.02589518390595913 -0.0014999986160546541 0.010499999858438969 0.031901922076940536 7.450580152834618E-10 0.010499999858438969 0.03150000050663948 -0.013750000856816769 0.010499999858438969 0.02381569892168045 -0.014526787213981152 0.010499999858438969 0.023350000381469727 -0.016429565846920013 0.010499999858438969 0.0357009693980217 -0.02289518527686596 0.010499999858438969 0.02699325978755951 -0.024395184591412544 0.010499999858438969 0.027395183220505714 -0.02589518390595913 0.010499999858438969 0.02699325978755951 -0.024721037596464157 0.010499999858438969 0.012496412731707096 -0.02699326165020466 0.010499999858438969 0.02589518390595913 -0.02289518527686596 0.010499999858438969 0.02179710753262043 -0.0025980763603001833 0.010499999858438969 0.032999999821186066 -0.0030000016558915377 0.010499999858438969 0.03449999913573265 -0.0025980763603001833 0.010499999858438969 0.035999998450279236 -0.010323247872292995 0.010499999858438969 0.03791992366313934 -0.0014999986160546541 0.010499999858438969 0.037098076194524765 -0.003934792242944241 0.010499999858438969 0.039102524518966675 7.450580152834618E-10 0.010499999858438969 0.03750000149011612 0.0025611973833292723 0.010499999858438969 0.039216455072164536 0.001500000013038516 0.010499999858438969 0.037098076194524765 -0.027395185083150864 0.010499999858438969 0.024395184591412544 -0.02699326165020466 0.010499999858438969 0.02289518341422081 0.026127148419618607 0.010499999858438969 0.029357489198446274 0.02093340829014778 0.010499999858438969 0.03326082229614258 0.0025980777572840452 0.010499999858438969 0.035999998450279236 0.008987192995846272 0.010499999858438969 0.03825859725475311 0.002999999327585101 0.010499999858438969 0.03449999913573265 0.015167568810284138 0.010499999858438969 0.036255136132240295 -0.024395184591412544 0.010499999858438969 0.021395184099674225 -0.02589518390595913 0.010499999858438969 0.02179710753262043 -0.02255481481552124 0.010499999858438969 0.01608012244105339 -0.020811259746551514 0.010499999858438969 0.018614398315548897 -0.020692288875579834 0.010499999858438969 0.01857113651931286 -0.020558852702379227 0.010499999858438969 0.01856403984129429 0.0025980777572840452 0.010499999858438969 0.032999999821186066 0.001500000013038516 0.010499999858438969 0.031901922076940536 -0.01400000136345625 0.014000000432133675 0.02424871176481247 -0.0161798857152462 0.014000000432133675 0.022851943969726562 0.02227216586470604 0.00570000009611249 0.023150000721216202 0.02227216586470604 0.007799999788403511 0.023150000721216202 0.022501762956380844 0.007799999788403511 0.0232058335095644 0.022501762956380844 0.00570000009611249 0.0232058335095644 0.02268008515238762 0.007799999788403511 0.023360861465334892 0.02268008515238762 0.00570000009611249 0.023360861465334892 0.022767309099435806 0.007799999788403511 0.023580463603138924 0.022767309099435806 0.00570000009611249 0.023580463603138924 0.02274395152926445 0.007799999788403511 0.023815596476197243 0.02274395152926445 0.00570000009611249 0.023815596476197243 0.021475430577993393 0.007799999788403511 0.023649999871850014 0.021466698497533798 0.007799999788403511 0.023556970059871674 0.021364804357290268 0.007799999788403511 0.02333633415400982 0.021170925348997116 0.007799999788403511 0.02318980172276497 0.020975429564714432 0.007799999788403511 0.023150000721216202 -0.014843433164060116 0.010300000198185444 0.023150000721216202 -0.01599999889731407 0.013500000350177288 -0.027712812647223473 -0.01847611740231514 0.013500000350177288 -0.026127249002456665 -0.018261894583702087 0.013956916518509388 -0.020992422476410866 -0.017995141446590424 0.014000000432133675 -0.02099011279642582 -0.01849227398633957 0.013853553682565689 -0.021032540127635002 -0.01840626448392868 0.01390027068555355 -0.02101362869143486 -0.018458273261785507 0.013673058710992336 -0.026102017611265182 -0.01598455011844635 0.013673058710992336 -0.027686048299074173 -0.01839156076312065 0.013853553682565689 -0.026007680222392082 -0.015926778316497803 0.013853553682565689 -0.027585987001657486 -0.01828734576702118 0.013969095423817635 -0.025860309600830078 -0.015836529433727264 0.013969095423817635 -0.027429673820734024 -0.018187426030635834 0.014000000432133675 -0.025719011202454567 -0.01575000211596489 0.014000000432133675 -0.027279799804091454 -0.020908955484628677 0.010499999858438969 -0.018695427104830742 -0.026048287749290466 0.010433324612677097 -0.009224280714988708 -0.026116173714399338 0.010499999858438969 -0.009232309646904469 -0.026097184047102928 0.009878167882561684 -0.009096560999751091 -0.02633127011358738 0.008789535611867905 -0.00845354050397873 -0.026406921446323395 0.008574294857680798 -0.008233153261244297 -0.026280255988240242 0.008958583697676659 -0.008598468266427517 -0.026190277189016342 0.009324113838374615 -0.008847380988299847 -0.02612810581922531 0.00966063141822815 -0.009014689363539219 -0.026699107140302658 0.00801866501569748 -0.007309576030820608 -0.026602022349834442 0.008161918260157108 -0.0076306904666125774 -0.02654520608484745 0.008263826370239258 -0.007811653893440962 -0.027195144444704056 0.007970365695655346 -0.005328452680259943 -0.027162594720721245 0.007924904115498066 -0.005483448971062899 -0.026986144483089447 0.007825317792594433 -0.0062500000931322575 -0.026832424104213715 0.007884014397859573 -0.006840537302196026 -0.027466243132948875 0.009150393307209015 -0.0037610989529639482 -0.02748122438788414 0.009325161576271057 -0.003652013838291168 -0.027514399960637093 0.009900374338030815 -0.0033961464650928974 -0.027530020102858543 0.010499999858438969 -0.00326769077219069 -0.027452532202005386 0.00901485700160265 -0.003857881296426058 -0.02739538438618183 0.008603079244494438 -0.004234645050019026 -0.02736050635576248 0.008427521213889122 -0.0044470662251114845 -0.027337532490491867 0.008332460187375546 -0.004580969922244549 -0.027307333424687386 0.008226912468671799 -0.00475057028234005 -0.027226943522691727 0.008025692775845528 -0.005171992816030979 -0.037098076194524765 0.010499999858438969 0.001500000013038516 -0.03750000149011612 0.010499999858438969 -1.2088494234210791E-16 -0.037098076194524765 0.010499999858438969 -0.001500000013038516 -0.03449999913573265 0.010499999858438969 0.003000000026077032 -0.035999998450279236 0.010499999858438969 0.0025980761274695396 -0.035999998450279236 0.010499999858438969 -0.0025980761274695396 -0.03449999913573265 0.010499999858438969 -0.003000000026077032 -0.032999999821186066 0.010499999858438969 -0.0025980761274695396 -0.031901922076940536 0.010499999858438969 -0.001500000013038516 -0.02750934474170208 0.010499999858438969 -0.0032443800009787083 -0.03150000050663948 0.010499999858438969 -1.184202088144959E-16 -0.027700001373887062 0.010499999858438969 2.243101349108656E-08 -0.027509339153766632 0.010499999858438969 0.00324442470446229 -0.031901922076940536 0.010499999858438969 0.001500000013038516 -0.032999999821186066 0.010499999858438969 0.0025980761274695396 0.021466698497533798 0.010300000198185444 -0.023556970059871674 0.021270189434289932 0.010499999858438969 -0.02359418198466301 0.021209057420492172 0.010499999858438969 -0.023461800068616867 0.021364804357290268 0.010300000198185444 -0.02333633415400982 0.021092724055051804 0.010499999858438969 -0.023373881354928017 0.021170925348997116 0.010300000198185444 -0.02318980172276497 0.020975429564714432 0.010499999858438969 -0.023350000381469727 0.020975429564714432 0.010300000198185444 -0.023150000721216202 0.027326401323080063 0.007799999788403511 -0.02375645563006401 0.027380820363759995 0.007799999788403511 -0.024688366800546646 0.026889916509389877 0.007799999788403511 -0.026061411947011948 0.025809627026319504 0.007799999788403511 -0.027040811255574226 0.024395186454057693 0.007799999788403511 -0.027395183220505714 0.022980738431215286 0.007799999788403511 -0.027040811255574226 0.021900448948144913 0.007799999788403511 -0.026061411947011948 0.021409545093774796 0.007799999788403511 -0.024688366800546646 0.021395180374383926 0.007799999788403511 -0.024395184591412544 0.021463964134454727 0.007799999788403511 -0.02375645563006401 0.02751493826508522 0.010499999858438969 -0.023649999871850014 0.027323666960000992 0.010300000198185444 -0.023556970059871674 0.027520176023244858 0.010499999858438969 -0.02359418198466301 0.027425561100244522 0.010300000198185444 -0.02333633415400982 0.027581308037042618 0.010499999858438969 -0.023461800068616867 0.027619440108537674 0.010300000198185444 -0.02318980172276497 0.027697641402482986 0.010499999858438969 -0.023373881354928017 0.02781493589282036 0.010300000198185444 -0.023150000721216202 0.02781493589282036 0.010499999858438969 -0.023350000381469727 -0.0025980763603001833 0.010499999858438969 -0.032999999821186066 -0.0030000016558915377 0.010499999858438969 -0.03449999913573265 -0.024634500965476036 0.010499999858438969 -0.012666149996221066 -0.022086866199970245 0.010499999858438969 -0.032506313174963 -0.04600000008940697 0.010499999858438969 -0.016258200630545616 -0.02589518390595913 0.010499999858438969 -0.02179710753262043 -0.02699326165020466 0.010499999858438969 -0.02289518341422081 -0.016429565846920013 0.010499999858438969 -0.0357009693980217 -0.010323247872292995 0.010499999858438969 -0.03791992366313934 -0.0025980763603001833 0.010499999858438969 -0.035999998450279236 -0.003934792242944241 0.010499999858438969 -0.039102524518966675 -0.0014999986160546541 0.010499999858438969 -0.037098076194524765 0.0025611973833292723 0.010499999858438969 -0.039216455072164536 -0.027395185083150864 0.010499999858438969 -0.024395184591412544 -0.02699326165020466 0.010499999858438969 -0.02589518390595913 -0.014526787213981152 0.010499999858438969 -0.023350000381469727 -0.013750000856816769 0.010499999858438969 -0.02381569892168045 7.450580152834618E-10 0.010499999858438969 -0.03150000050663948 -0.0014999986160546541 0.010499999858438969 -0.031901922076940536 7.450580152834618E-10 0.010499999858438969 -0.03750000149011612 0.001500000013038516 0.010499999858438969 -0.037098076194524765 0.008987192995846272 0.010499999858438969 -0.03825859725475311 0.0025980777572840452 0.010499999858438969 -0.035999998450279236 0.015167568810284138 0.010499999858438969 -0.036255136132240295 0.002999999327585101 0.010499999858438969 -0.03449999913573265 0.02093340829014778 0.010499999858438969 -0.03326082229614258 -0.020558852702379227 0.010499999858438969 -0.01856403984129429 -0.020707305520772934 0.010499999858438969 -0.01857435703277588 -0.022664882242679596 0.010499999858438969 -0.01592460833489895 -0.02084425464272499 0.010499999858438969 -0.018635446205735207 -0.024395184591412544 0.010499999858438969 -0.021395184099674225 -0.02289518527686596 0.010499999858438969 -0.02179710753262043 -0.02179710939526558 0.010499999858438969 -0.02589518390595913 -0.02289518527686596 0.010499999858438969 -0.02699325978755951 -0.024395184591412544 0.010499999858438969 -0.027395183220505714 -0.02589518390595913 0.010499999858438969 -0.02699325978755951 0.0025980777572840452 0.010499999858438969 -0.032999999821186066 0.026127148419618607 0.010499999858438969 -0.029357489198446274 0.030606824904680252 0.010499999858438969 -0.024651817977428436 0.030610214918851852 0.010499999858438969 -0.023652421310544014 0.03076424077153206 0.010499999858438969 -0.023974252864718437 0.030763033777475357 0.010499999858438969 -0.024331040680408478 0.03033159300684929 0.010499999858438969 -0.023429561406373978 0.001500000013038516 0.010499999858438969 -0.031901922076940536 0.02998378500342369 0.010499999858438969 -0.023350000381469727 -0.04600000008940697 0.010300000198185444 -0.016499999910593033 -0.022199267521500587 0.010300000198185444 -0.0326717384159565 -0.022199267521500587 0.007000000216066837 -0.0326717384159565 -0.022268742322921753 0.00630776584148407 -0.03277398645877838 -0.02252848446369171 0.005585786420851946 -0.03315626084804535 -0.022934241220355034 0.005123617127537727 -0.03375343605875969 -0.04749999940395355 0.0044999998062849045 -0.03500000014901161 -0.023065125569701195 0.0044999998062849045 -0.03500000014901161 -0.018406573683023453 0.006811622995883226 -0.03494922071695328 -0.01846987009048462 0.006722174119204283 -0.034937746822834015 -0.018419694155454636 0.007000000216066837 -0.03494230657815933 -0.018309835344552994 0.006466215942054987 -0.03500000014901161 -0.01838577911257744 0.006323359441012144 -0.03500000014901161 -0.0186481773853302 0.006410990841686726 -0.034921493381261826 -0.018876956775784492 0.005764372181147337 -0.03500000014901161 -0.019099241122603416 0.006001979578286409 -0.034880053251981735 -0.019969061017036438 0.005551027599722147 -0.03479892387986183 -0.020163504406809807 0.005030482541769743 -0.03500000014901161 -0.02028239145874977 0.005436568055301905 -0.03476933762431145 -0.02159198559820652 0.0046315621584653854 -0.03500000014901161 -0.021647019311785698 0.00510982982814312 -0.034638576209545135 -0.04749999940395355 -0.0044999998062849045 -0.03500000014901161 -0.03028571419417858 -0.0044999998062849045 -0.03500000014901161 -0.04749999940395355 -0.004999999888241291 -0.03449999913573265 -0.03171428665518761 -0.004999999888241291 -0.03449999913573265 -0.04626249894499779 -0.0008876760257408023 -0.03500000014901161 -0.046637676656246185 -0.000512500002514571 -0.03500000014901161 -0.046637676656246185 0.000512500002514571 -0.03500000014901161 -0.04677499830722809 2.498001805406602E-16 -0.03500000014901161 -0.04626249894499779 0.0008876760257408023 -0.03500000014901161 -0.04574999958276749 -0.001025000005029142 -0.03500000014901161 -0.045237500220537186 -0.0008876760257408023 -0.03500000014901161 -0.04486232250928879 -0.000512500002514571 -0.03500000014901161 -0.044725000858306885 2.498001805406602E-16 -0.03500000014901161 -0.04486232250928879 0.000512500002514571 -0.03500000014901161 -0.045237500220537186 0.0008876760257408023 -0.03500000014901161 -0.04574999958276749 0.001025000005029142 -0.03500000014901161 -0.04387365281581879 -0.009303884580731392 -0.01432641502469778 -0.04354410246014595 -0.009147971868515015 -0.014679722487926483 -0.0433214008808136 -0.009062490426003933 -0.014911169186234474 -0.04467184096574783 -0.00986113678663969 -0.013422741554677486 -0.045967020094394684 -0.012325317598879337 -0.00884807575494051 -0.0433214008808136 -0.009062490426003933 -0.008677435107529163 -0.04391352832317352 -0.009325317107141018 -0.00884807575494051 -0.04465995728969574 -0.009850514121353626 -0.009087209589779377 -0.045456793159246445 -0.010825317353010178 -0.00925000011920929 -0.045698411762714386 -0.011314191855490208 -0.009209899231791496 -0.03985995054244995 -0.007850983180105686 -0.006641578394919634 -0.03978662192821503 -0.007825317792594433 -0.0062500000931322575 -0.045967020094394684 -0.012325317598879337 -0.003651923732832074 -0.04566628858447075 -0.011238448321819305 -0.0032785823568701744 -0.045456793159246445 -0.010825317353010178 -0.0032500000670552254 -0.0447208397090435 -0.009905853308737278 -0.0033943764865398407 -0.04391352832317352 -0.009325317107141018 -0.003651923732832074 -0.0433214008808136 -0.009062490426003933 -0.003822564845904708 -0.041988860815763474 -0.008596101775765419 -0.004242365248501301 -0.03985995054244995 -0.007850983180105686 -0.005858421325683594 -0.04007868468761444 -0.007927539758384228 -0.005473542958498001 -0.0409349761903286 -0.008227241225540638 -0.004749999847263098 -0.041988860815763474 -0.008596101775765419 -0.008257634937763214 -0.0409349761903286 -0.008227241225540638 -0.00774999987334013 -0.04007868468761444 -0.007927539758384228 -0.007026457227766514 -0.0433214008808136 -0.009062490426003933 0.003822564845904708 -0.04391352832317352 -0.009325317107141018 0.003651923732832074 -0.0447208397090435 -0.009905853308737278 0.0033943764865398407 -0.04555274918675423 -0.010999999940395355 2.0937053861641014E-18 -0.045456793159246445 -0.010825317353010178 0.0032500000670552254 -0.04566628858447075 -0.011238448321819305 0.0032785823568701744 -0.045967020094394684 -0.012325317598879337 0.003651923732832074 -0.03985995054244995 -0.007850983180105686 0.005858421325683594 -0.03978662192821503 -0.007825317792594433 0.0062500000931322575 -0.045967020094394684 -0.012325317598879337 0.00884807575494051 -0.045698411762714386 -0.011314191855490208 0.009209899231791496 -0.045456793159246445 -0.010825317353010178 0.00925000011920929 -0.04465995728969574 -0.009850514121353626 0.009087209589779377 -0.04391352832317352 -0.009325317107141018 0.00884807575494051 -0.0433214008808136 -0.009062490426003933 0.008677435107529163 -0.041988860815763474 -0.008596101775765419 0.008257634937763214 -0.03985995054244995 -0.007850983180105686 0.006641578394919634 -0.04007868468761444 -0.007927539758384228 0.007026457227766514 -0.0409349761903286 -0.008227241225540638 0.00774999987334013 -0.041988860815763474 -0.008596101775765419 0.004242365248501301 -0.0409349761903286 -0.008227241225540638 0.004749999847263098 -0.04007868468761444 -0.007927539758384228 0.005473542958498001 -0.043863244354724884 -0.009298385120928288 0.014337851665914059 -0.0433214008808136 -0.009062490426003933 0.014911169186234474 -0.0447147898375988 -0.009900301694869995 0.013371627777814865 -0.03742857277393341 -0.007000000216066837 0.022323977202177048 -0.033387962728738785 -0.005585786420851946 0.02577763795852661 -0.035241808742284775 -0.006234633270651102 0.02399386093020439 -0.03214925900101662 -0.005152240861207247 0.02740374393761158 -0.031824082136154175 -0.005038429517298937 0.028078287839889526 -0.03171428665518761 -0.004999999888241291 0.02862461842596531 -0.03171428665518761 -0.004999999888241291 -0.02862461842596531 -0.031803276389837265 -0.005031147040426731 -0.028139078989624977 -0.03206747770309448 -0.005123617127537727 -0.02754773013293743 -0.03261590003967285 -0.005315565504133701 -0.026708371937274933 -0.033387962728738785 -0.005585786420851946 -0.02577763795852661 -0.0343477800488472 -0.005921723321080208 -0.02479878067970276 -0.035450760275125504 -0.00630776584148407 -0.023817280307412148 -0.03742857277393341 -0.007000000216066837 -0.022323977202177048 -0.01648121327161789 0.0003315750800538808 0.03564656153321266 -0.01648121327161789 0.0003315750800538808 0.03451712802052498 -0.01604057103395462 0.0004490762366913259 0.03586100414395332 -0.015490162186324596 0.0005000000237487257 0.03497309610247612 -0.015490162186324596 0.0005000000237487257 0.036118485033512115 -0.004121321253478527 0.0013786796480417252 0.038027323782444 -0.004121321253478527 0.0013786796480417252 0.039068132638931274 -0.005097801797091961 0.0007270335336215794 0.038957905024290085 -0.005094590596854687 0.0007283614249899983 0.03790920227766037 -0.004580656997859478 0.0010024388320744038 0.03901897370815277 -0.006242639385163784 0.0005000000237487257 0.03880102187395096 -0.006242639385163784 0.0005000000237487257 0.03773714229464531 -0.005499894730746746 0.0005933987558819354 0.038906220346689224 -0.00533400010317564 0.0006409144843928516 0.038927990943193436 -0.012146144174039364 0.0005000000237487257 0.03627028688788414 -0.010948865674436092 0.0005000000237487257 0.03774403780698776 -0.03694610297679901 0.001500000013038516 0.009901924058794975 -0.03640734404325485 0.002899215556681156 0.011728930287063122 -0.0366341732442379 0.0025980761274695396 0.010999999940395355 -0.036814264953136444 0.0021239849738776684 0.010381347499787807 -0.03702498972415924 -0.0007784172776155174 0.009602748788893223 -0.0370514839887619 1.249000902703301E-16 0.009499999694526196 -0.03702494502067566 0.0007790417294017971 0.009602916426956654 -0.036814115941524506 -0.002124516060575843 0.010381880216300488 -0.03694610297679901 -0.001500000013038516 0.009901924058794975 -0.036407943814992905 -0.0028987214900553226 0.011727075092494488 -0.0366341732442379 -0.0025980761274695396 0.010999999940395355 -0.035872410982847214 -0.0028980954084545374 0.01327526941895485 -0.03614986315369606 -0.003000000026077032 0.012500000186264515 -0.035346612334251404 -0.0021248573902994394 0.014617777429521084 -0.03559582307934761 -0.0025980761274695396 0.014000000432133675 -0.03498953580856323 -0.0005289849359542131 0.015452994033694267 -0.0351441390812397 -0.001500000013038516 0.015098076313734055 -0.03498953580856323 0.0005289849359542131 0.015452994033694267 -0.03496873751282692 1.1102230246251565E-16 0.01549999974668026 -0.035347145050764084 0.00212613376788795 0.014616495929658413 -0.0351441390812397 0.001500000013038516 0.015098076313734055 -0.03614986315369606 0.003000000026077032 0.012500000186264515 -0.03587165102362633 0.0028975470922887325 0.013277316465973854 -0.03559582307934761 0.0025980761274695396 0.014000000432133675 -0.03559582307934761 0.0025980761274695396 -0.014000000432133675 -0.035872410982847214 0.0028980954084545374 -0.01327526941895485 -0.035346612334251404 0.0021248573902994394 -0.014617777429521084 -0.0351441390812397 0.001500000013038516 -0.015098076313734055 -0.03498953580856323 0.0005289849359542131 -0.015452994033694267 -0.03496873751282692 4.579669976578771E-16 -0.01549999974668026 -0.03498953580856323 -0.0005289849359542131 -0.015452994033694267 -0.0351441390812397 -0.001500000013038516 -0.015098076313734055 -0.035347145050764084 -0.00212613376788795 -0.014616495929658413 -0.03559582307934761 -0.0025980761274695396 -0.014000000432133675 -0.03587165102362633 -0.0028975470922887325 -0.013277316465973854 -0.03614986315369606 -0.003000000026077032 -0.012500000186264515 -0.03694610297679901 -0.001500000013038516 -0.009901924058794975 -0.036814264953136444 -0.0021239849738776684 -0.010381347499787807 -0.0366341732442379 -0.0025980761274695396 -0.010999999940395355 -0.03640734404325485 -0.002899215556681156 -0.011728930287063122 -0.03702498972415924 0.0007784172776155174 -0.009602748788893223 -0.0370514839887619 4.579669976578771E-16 -0.009499999694526196 -0.03702494502067566 -0.0007790417294017971 -0.009602916426956654 -0.036814115941524506 0.002124516060575843 -0.010381880216300488 -0.03694610297679901 0.001500000013038516 -0.009901924058794975 -0.03614986315369606 0.003000000026077032 -0.012500000186264515 -0.036407943814992905 0.0028987214900553226 -0.011727075092494488 -0.0366341732442379 0.0025980761274695396 -0.010999999940395355 -0.015568993054330349 0.000699999975040555 0.036302290856838226 -0.01612033322453499 0.0006526333745568991 0.03606085106730461 -0.01663149520754814 0.0005203467444516718 0.03582796826958656 -0.0178082138299942 -0.00013287461479194462 0.03500000014901161 -0.018005836755037308 -0.00010640506661729887 0.03500000014901161 -0.018309835344552994 -6.409775232896209E-05 0.03500000014901161 -0.02032984234392643 0.007000000216066837 0.03386661410331726 -0.02063133381307125 0.005585786420851946 0.034368857741355896 -0.02039346471428871 0.00630776584148407 0.0339726023375988 -0.01919456198811531 0.010300000198185444 0.03452272713184357 -0.013306147418916225 0.010300000198185444 0.037191350013017654 -0.01651317998766899 0.010300000198185444 0.035882655531167984 -0.0006272971513681114 0.010300000198185444 0.039495017379522324 -0.010375781916081905 0.010300000198185444 0.03811290115118027 -0.007061298005282879 0.010300000198185444 0.038863711059093475 -0.003954815678298473 0.010300000198185444 0.039301518350839615 0.0025742321740835905 0.010300000198185444 0.039416030049324036 0.005823508836328983 0.010300000198185444 0.03906835988163948 0.009032928384840488 0.010300000198185444 0.038453299552202225 0.012118318118155003 0.010300000198185444 0.03759516403079033 0.015244756825268269 0.010300000198185444 0.03643964231014252 0.018088508397340775 0.010300000198185444 0.035114891827106476 0.021039944142103195 0.010300000198185444 0.03343008831143379 0.023574162274599075 0.010300000198185444 0.03169398754835129 0.02626011148095131 0.010300000198185444 0.02950689196586609 -0.0010252923239022493 0.004762741737067699 0.03948669135570526 -0.0006443329039029777 0.005086819641292095 0.039494745433330536 0.001248963875696063 0.00570000009611249 0.03948025032877922 0.000678268086630851 0.005649222061038017 0.03949417546391487 1.873523069662042E-05 0.005456657614558935 0.03949999436736107 -0.00014795288734603673 0.005382418632507324 0.03949972242116928 -0.0003389410558156669 0.005282810889184475 0.03949854522943497 -0.004284433089196682 0.0015201009809970856 0.03926695138216019 -0.003104347037151456 0.0026942146942019463 0.03937782347202301 -0.006274408660829067 0.000699999975040555 0.03899848461151123 -0.005611545406281948 0.000778778048697859 0.03909936919808388 -0.0054783811792731285 0.0008143454324454069 0.03911824896931648 -0.005200455896556377 0.0009118979796767235 0.03915616497397423 -0.004742271266877651 0.0011513279750943184 0.03921429440379143 -0.007061298005282879 0.000699999975040555 0.038863711059093475 -0.013306147418916225 0.000699999975040555 0.037191350013017654 -0.011004584841430187 0.000699999975040555 0.03793611750006676 0.027328308671712875 0.007799999788403511 0.023535141721367836 0.027425561100244522 0.007799999788403511 0.02333633415400982 0.027599100023508072 0.007799999788403511 0.023198982700705528 0.02781493589282036 0.007799999788403511 0.023150000721216202 0.03076258674263954 0.00570000009611249 0.02477727271616459 0.030957844108343124 0.00570000009611249 0.02437630109488964 0.0309593565762043 0.00570000009611249 0.023930314928293228 0.03076682612299919 0.00570000009611249 0.023528028279542923 0.03041854128241539 0.00570000009611249 0.02324945293366909 0.02998378500342369 0.00570000009611249 0.023150000721216202 0.026046421378850937 0.00570000009611249 0.023815596476197243 0.026046421378850937 0.007799999788403511 0.023815596476197243 0.026023056358098984 0.007799999788403511 0.023580463603138924 0.026023056358098984 0.00570000009611249 0.023580463603138924 0.02611028030514717 0.007799999788403511 0.023360861465334892 0.02611028030514717 0.00570000009611249 0.023360861465334892 0.026288602501153946 0.007799999788403511 0.0232058335095644 0.026288602501153946 0.00570000009611249 0.0232058335095644 0.02651819959282875 0.007799999788403511 0.023150000721216202 0.02651819959282875 0.00570000009611249 0.023150000721216202 0.022662188857793808 0.007799999788403511 0.02463855780661106 0.022967461496591568 0.007799999788403511 0.02540716715157032 0.02359158918261528 0.007799999788403511 0.025949768722057343 0.024395186454057693 0.007799999788403511 0.02614518441259861 0.02519877627491951 0.007799999788403511 0.025949768722057343 0.025822903960943222 0.007799999788403511 0.02540716715157032 0.026128176599740982 0.007799999788403511 0.02463855780661106 -0.02179710939526558 0.007799999788403511 -0.02289518341422081 -0.021395184099674225 0.007799999788403511 -0.024395184591412544 -0.02179710939526558 0.007799999788403511 -0.02589518390595913 -0.02289518527686596 0.007799999788403511 -0.02699325978755951 -0.024395184591412544 0.007799999788403511 -0.027395183220505714 -0.02589518390595913 0.007799999788403511 -0.02699325978755951 -0.02699326165020466 0.007799999788403511 -0.02589518390595913 -0.027395185083150864 0.007799999788403511 -0.024395184591412544 -0.02699326165020466 0.007799999788403511 -0.02289518341422081 -0.02589518390595913 0.007799999788403511 -0.02179710753262043 -0.024395184591412544 0.007799999788403511 -0.021395184099674225 -0.02289518527686596 0.007799999788403511 -0.02179710753262043 -0.03150000050663948 0.007799999788403511 -1.1960462557255344E-16 -0.031901922076940536 0.007799999788403511 -0.001500000013038516 -0.032999999821186066 0.007799999788403511 -0.0025980761274695396 -0.03449999913573265 0.007799999788403511 -0.003000000026077032 -0.035999998450279236 0.007799999788403511 -0.0025980761274695396 -0.037098076194524765 0.007799999788403511 -0.001500000013038516 -0.03750000149011612 0.007799999788403511 -1.2133457125331214E-16 -0.037098076194524765 0.007799999788403511 0.001500000013038516 -0.035999998450279236 0.007799999788403511 0.0025980761274695396 -0.03449999913573265 0.007799999788403511 0.003000000026077032 -0.032999999821186066 0.007799999788403511 0.0025980761274695396 -0.031901922076940536 0.007799999788403511 0.001500000013038516 0.002999999327585101 0.007799999788403511 -0.03449999913573265 0.0025980777572840452 0.007799999788403511 -0.035999998450279236 0.001500000013038516 0.007799999788403511 -0.037098076194524765 7.450580152834618E-10 0.007799999788403511 -0.03750000149011612 -0.0014999986160546541 0.007799999788403511 -0.037098076194524765 -0.0025980763603001833 0.007799999788403511 -0.035999998450279236 -0.0030000016558915377 0.007799999788403511 -0.03449999913573265 -0.0025980763603001833 0.007799999788403511 -0.032999999821186066 -0.0014999986160546541 0.007799999788403511 -0.031901922076940536 7.450580152834618E-10 0.007799999788403511 -0.03150000050663948 0.001500000013038516 0.007799999788403511 -0.031901922076940536 0.0025980777572840452 0.007799999788403511 -0.032999999821186066 0.002999999327585101 0.007799999788403511 0.03449999913573265 0.0025980777572840452 0.007799999788403511 0.032999999821186066 0.001500000013038516 0.007799999788403511 0.031901922076940536 7.450580152834618E-10 0.007799999788403511 0.03150000050663948 -0.0014999986160546541 0.007799999788403511 0.031901922076940536 -0.0025980763603001833 0.007799999788403511 0.032999999821186066 -0.0030000016558915377 0.007799999788403511 0.03449999913573265 -0.0025980763603001833 0.007799999788403511 0.035999998450279236 -0.0014999986160546541 0.007799999788403511 0.037098076194524765 7.450580152834618E-10 0.007799999788403511 0.03750000149011612 0.001500000013038516 0.007799999788403511 0.037098076194524765 0.0025980777572840452 0.007799999788403511 0.035999998450279236 -0.02179710939526558 0.007799999788403511 0.02289518341422081 -0.021395184099674225 0.007799999788403511 0.024395184591412544 -0.02179710939526558 0.007799999788403511 0.02589518390595913 -0.02289518527686596 0.007799999788403511 0.02699325978755951 -0.024395184591412544 0.007799999788403511 0.027395183220505714 -0.02589518390595913 0.007799999788403511 0.02699325978755951 -0.02699326165020466 0.007799999788403511 0.02589518390595913 -0.027395185083150864 0.007799999788403511 0.024395184591412544 -0.02699326165020466 0.007799999788403511 0.02289518341422081 -0.02589518390595913 0.007799999788403511 0.02179710753262043 -0.024395184591412544 0.007799999788403511 0.021395184099674225 -0.02289518527686596 0.007799999788403511 0.02179710753262043 -0.026212261989712715 0.008433700539171696 0.00831669196486473 -0.025974389165639877 0.01037940289825201 0.009271172806620598 -0.025865545496344566 0.010300000198185444 0.009339355863630772 -0.02594844624400139 0.009520655497908592 0.009106493555009365 -0.025988681241869926 0.009286307729780674 0.008991021662950516 -0.0261568371206522 0.008600588887929916 0.008489398285746574 -0.02642727456986904 0.007952427491545677 0.007605864200741053 -0.026482082903385162 0.007864804938435555 0.007412780541926622 -0.026700735092163086 0.007647113874554634 0.006581855472177267 -0.026748906821012497 0.007629550993442535 0.006383259780704975 -0.02732807770371437 0.010300000198185444 0.00307020777836442 -0.02731049805879593 0.009719321504235268 0.003222845960408449 -0.02729380689561367 0.009396547451615334 0.003361266106367111 -0.02693803608417511 0.0076972730457782745 0.005531029310077429 -0.026977308094501495 0.007746396120637655 0.005336190108209848 -0.027030251920223236 0.007838965393602848 0.005061181262135506 -0.027120325714349747 0.008090363815426826 0.0045539019629359245 -0.027148911729454994 0.00820469856262207 0.004380253609269857 -0.027197210118174553 0.008454738184809685 0.004069621674716473 -0.02724279835820198 0.008789952844381332 0.0037523233331739902 -0.02726001664996147 0.008956292644143105 0.00362512213177979 -0.024542545899748802 0.01029999926686287 0.012406185269355774 -0.0254975575953722 0.010300000198185444 0.010301681235432625 -0.020498786121606827 0.010434563271701336 0.01853291317820549 -0.020423827692866325 0.010376724414527416 0.018529517576098442 -0.022391963750123978 0.01029999926686287 0.015964020043611526 -0.0203508660197258 0.010338222607970238 0.018552519381046295 -0.020253466442227364 0.010308342054486275 0.018614672124385834 -0.020166512578725815 0.010300000198185444 0.01869657076895237 -0.02306344173848629 0.010300000198185444 0.014977573417127132 -0.019781092181801796 0.010867185890674591 0.019103873521089554 -0.013765453360974789 0.013673058710992336 0.02384246326982975 -0.013750000856816769 0.013500000350177288 0.02381569892168045 -0.01589095965027809 0.013500000350177288 0.022443873807787895 -0.01590881496667862 0.013673058710992336 0.02246909588575363 -0.015975583344697952 0.013853553682565689 0.022563394159078598 -0.013823221437633038 0.013853553682565689 0.023942524567246437 -0.01607988402247429 0.013969095423817635 0.022710703313350677 -0.013913470320403576 0.013969095423817635 0.0240988377481699 -0.014843433164060116 0.00570000009611249 0.023150000721216202 -0.013750000856816769 0.014000000432133675 -0.02381569892168045 -0.01577335223555565 0.014000000432133675 -0.022526681423187256 -0.01752035692334175 0.014000000432133675 -0.0211963951587677 -0.01774965599179268 0.014000000432133675 -0.02105451375246048 -0.019781015813350677 0.01086729671806097 -0.019103949889540672 -0.020274430513381958 0.010312879458069801 -0.01859855093061924 -0.020166512578725815 0.010300000198185444 -0.01869657076895237 -0.020364630967378616 0.010344342328608036 -0.01854649931192398 -0.020439017564058304 0.010386770591139793 -0.018527721986174583 -0.02050679735839367 0.010442123748362064 -0.018535327166318893 -0.022501235827803612 0.01029999926686287 -0.01580962911248207 -0.025865526869893074 0.010300000198185444 -0.009339408949017525 -0.0254975575953722 0.010300000198185444 -0.010301681235432625 -0.024456635117530823 0.01029999926686287 -0.012574697844684124 -0.02306344173848629 0.010300000198185444 -0.014977573417127132 -0.02719963528215885 0.008469590917229652 -0.0040533822029829025 -0.0272226482629776 0.00862613134086132 -0.003895827801898122 -0.027289465069770813 0.009327658452093601 -0.003396345302462578 -0.027328085154294968 0.010300000198185444 -0.0030701400246471167 -0.027300624176859856 0.009515133686363697 -0.0033054465893656015 -0.027085959911346436 0.007977476343512535 -0.004754030145704746 -0.026996010914444923 0.007775283418595791 -0.005240747705101967 -0.027046237140893936 0.007873824797570705 -0.004975050687789917 -0.026881853118538857 0.0076507763005793095 -0.005797934252768755 -0.02682678960263729 0.007628352381289005 -0.006047594826668501 -0.02662057988345623 0.007701728958636522 -0.006898893043398857 -0.025919906795024872 0.00972104910761118 -0.009187405928969383 -0.026563426479697227 0.007758793421089649 -0.007115785498172045 -0.026505911722779274 0.007830728776752949 -0.0073271202854812145 -0.026341434568166733 0.008116703480482101 -0.007898030802607536 -0.026294907554984093 0.008220499381422997 -0.008051575161516666 -0.02621583826839924 0.008423563092947006 -0.008305411785840988 -0.026096109300851822 0.00881087314337492 -0.008674276992678642 -0.026056386530399323 0.00896807573735714 -0.008792882785201073 -0.025979360565543175 0.009336668998003006 -0.009017921052873135 -0.027499999850988388 0.010300000198185444 2.226905593261108E-08 0.02274395152926445 0.005499999970197678 -0.023815596476197243 0.02274395152926445 0.007799999788403511 -0.023815596476197243 0.02277212217450142 0.007799999788403511 -0.02365657314658165 0.02227216586470604 0.007799999788403511 -0.023150000721216202 0.02227216586470604 0.005499999970197678 -0.023150000721216202 0.022431548684835434 0.005499999970197678 -0.023176083341240883 0.022431548684835434 0.007799999788403511 -0.023176083341240883 0.02261088415980339 0.005499999970197678 -0.023282205685973167 0.02261088415980339 0.007799999788403511 -0.023282205685973167 0.02273138239979744 0.005499999970197678 -0.023452213034033775 0.02273138239979744 0.007799999788403511 -0.023452213034033775 0.022772166877985 0.005499999970197678 -0.023649999871850014 0.02277212217450142 0.005499999970197678 -0.02365657314658165 0.021475430577993393 0.007799999788403511 -0.023649999871850014 0.021466698497533798 0.007799999788403511 -0.023556970059871674 0.021364804357290268 0.007799999788403511 -0.02333633415400982 0.021170925348997116 0.007799999788403511 -0.02318980172276497 0.020975429564714432 0.007799999788403511 -0.023150000721216202 -0.014843433164060116 0.010300000198185444 -0.023150000721216202 0.026046421378850937 0.007799999788403511 -0.023815596476197243 0.026128176599740982 0.007799999788403511 -0.02463855780661106 0.025822903960943222 0.007799999788403511 -0.02540716715157032 0.02519877627491951 0.007799999788403511 -0.025949768722057343 0.024395186454057693 0.007799999788403511 -0.02614518441259861 0.02359158918261528 0.007799999788403511 -0.025949768722057343 0.022967461496591568 0.007799999788403511 -0.02540716715157032 0.022662188857793808 0.007799999788403511 -0.02463855780661106 0.02781493589282036 0.007799999788403511 -0.023150000721216202 0.027599100023508072 0.007799999788403511 -0.023198982700705528 0.02651819959282875 0.007799999788403511 -0.023150000721216202 0.027425561100244522 0.007799999788403511 -0.02333633415400982 0.026288602501153946 0.007799999788403511 -0.0232058335095644 0.027328308671712875 0.007799999788403511 -0.023535141721367836 0.02611028030514717 0.007799999788403511 -0.023360861465334892 0.026023056358098984 0.007799999788403511 -0.023580463603138924 0.02651819959282875 0.005499999970197678 -0.023150000721216202 0.026288602501153946 0.005499999970197678 -0.0232058335095644 0.02611028030514717 0.005499999970197678 -0.023360861465334892 0.026023056358098984 0.005499999970197678 -0.023580463603138924 0.026046421378850937 0.005499999970197678 -0.023815596476197243 0.02998378500342369 0.010300000198185444 -0.023150000721216202 0.03041854128241539 0.010300000198185444 -0.02324945293366909 0.03076682612299919 0.010300000198185444 -0.023528028279542923 0.0309593565762043 0.010300000198185444 -0.023930314928293228 0.030957844108343124 0.010300000198185444 -0.02437630109488964 0.03076258674263954 0.010300000198185444 -0.02477727271616459 0.02626011148095131 0.010300000198185444 -0.02950689196586609 0.021039944142103195 0.010300000198185444 -0.03343008831143379 0.015244756825268269 0.010300000198185444 -0.03643964231014252 0.009032928384840488 0.010300000198185444 -0.038453299552202225 0.0025742321740835905 0.010300000198185444 -0.039416030049324036 -0.003954815678298473 0.010300000198185444 -0.039301518350839615 -0.010375781916081905 0.010300000198185444 -0.03811290115118027 -0.01651317998766899 0.010300000198185444 -0.035882655531167984 -0.02063133381307125 0.005585786420851946 -0.034368857741355896 -0.02032984234392643 0.007000000216066837 -0.03386661410331726 -0.02039346471428871 0.00630776584148407 -0.0339726023375988 -0.018309835344552994 -0.00030844169668853283 -0.03500000014901161 -0.01648121327161789 0.0003315750800538808 -0.03589734807610512 -0.01648121327161789 0.0003315750800538808 -0.03451712802052498 -0.017984386533498764 -0.00019453527056612074 0.03375832363963127 -0.023326082155108452 -0.002064128639176488 0.03031429462134838 -0.03706533461809158 -0.00687286676838994 -0.009445823729038239 -0.03811776265501976 -0.007241216488182545 -0.00317785469815135 -0.023326082155108452 -0.002064128639176488 -0.03031429462134838 -0.028023745864629745 -0.003708310890942812 -0.02603328973054886 -0.028023745864629745 -0.003708310890942812 0.02603328973054886 -0.03706533461809158 -0.00687286676838994 0.009445823729038239 -0.03811776265501976 -0.007241216488182545 0.00317785469815135 -0.017984386533498764 -0.00019453527056612074 -0.03375832363963127 -0.03498953580856323 -0.006146336905658245 0.015452994033694267 -0.031947676092386246 -0.005081686656922102 0.021033508703112602 -0.03498953580856323 -0.006146336905658245 -0.015452994033694267 -0.031947676092386246 -0.005081686656922102 -0.021033508703112602 -0.015490162186324596 0.0005000000237487257 -0.03633600100874901 -0.015490162186324596 0.0005000000237487257 -0.03497309610247612 -0.012146144174039364 0.0005000000237487257 -0.03627028688788414 -0.010375781916081905 0.0005000000237487257 -0.03811290115118027 -0.006242639385163784 0.0005000000237487257 -0.03773714229464531 -0.006242639385163784 0.0005000000237487257 -0.039003580808639526 -0.005094590596854687 0.0007283614249899983 -0.03917007893323898 -0.005094590596854687 0.0007283614249899983 -0.03790920227766037 -0.004121321253478527 0.0013786796480417252 -0.03928440809249878 -0.004121321253478527 0.0013786796480417252 -0.038027323782444 -0.0008786797407083213 0.004621320404112339 -0.03823990747332573 -0.0008786797407083213 0.004621320404112339 -0.0394902266561985 0.0012426420580595732 0.005499999970197678 -0.03948044776916504 0.0012426420580595732 0.005499999970197678 -0.03792965039610863 0.0006488755461759865 0.0054406533017754555 -0.03800380602478981 9.45895881159231E-05 0.005271638743579388 -0.03949988633394241 -6.502792530227453E-05 0.005200000014156103 -0.038249943405389786 -0.004796947352588177 0.005200000014156103 -0.037948016077280045 -0.004796947352588177 0.005200000014156103 0.037948016077280045 -0.005972548387944698 0.005200000014156103 -0.03778083249926567 -0.011148168705403805 0.005200000014156103 -0.036589354276657104 -0.012146144174039364 0.005200000014156103 -0.03627028688788414 -0.01717795804142952 0.005200000014156103 -0.034175727516412735 -0.017984386533498764 0.005200000014156103 -0.03375832363963127 -0.0227124635130167 0.005200000014156103 -0.030776720494031906 -0.023326082155108452 0.005200000014156103 -0.03031429462134838 -0.02759210579097271 0.005200000014156103 -0.026490341871976852 -0.031947676092386246 0.005200000014156103 -0.021033508703112602 -0.031676195561885834 0.005200000014156103 -0.0214401762932539 -0.028023745864629745 0.005200000014156103 -0.02603328973054886 -0.03498953580856323 0.005200000014156103 -0.015452994033694267 -0.03484697639942169 0.005200000014156103 -0.015771832317113876 -0.03706533461809158 0.005200000014156103 -0.009445823729038239 -0.03701302781701088 0.005200000014156103 -0.009648744948208332 -0.03706533461809158 0.005200000014156103 0.009445823729038239 -0.03701302781701088 0.005200000014156103 0.009648744948208332 -0.03498953580856323 0.005200000014156103 0.015452994033694267 -0.03811189532279968 0.005200000014156103 -0.0032474594190716743 -0.03811189532279968 0.005200000014156103 0.0032474594190716743 -0.03484697639942169 0.005200000014156103 0.015771832317113876 -0.031947676092386246 0.005200000014156103 0.021033508703112602 -0.031676195561885834 0.005200000014156103 0.0214401762932539 -0.028023745864629745 0.005200000014156103 0.02603328973054886 -0.02759210579097271 0.005200000014156103 0.026490341871976852 -0.023326082155108452 0.005200000014156103 0.03031429462134838 -0.0227124635130167 0.005200000014156103 0.030776720494031906 -0.017984386533498764 0.005200000014156103 0.03375832363963127 -0.01717795804142952 0.005200000014156103 0.034175727516412735 -0.005972548387944698 0.005200000014156103 0.03778083249926567 -0.011148168705403805 0.005200000014156103 0.036589354276657104 -0.012146144174039364 0.005200000014156103 0.03627028688788414 0.026902440935373306 0.00570000009611249 0.028922459110617638 0.005823508836328983 0.00570000009611249 0.03906835988163948 0.006882932968437672 0.00570000009611249 0.03889569640159607 0.012375366874039173 0.00570000009611249 0.03751133754849434 0.017613325268030167 0.00570000009611249 0.03535563126206398 0.018088508397340775 0.00570000009611249 0.035114891827106476 0.02248910441994667 0.00570000009611249 0.032472915947437286 0.023574162274599075 0.00570000009611249 0.03169398754835129 0.022662188857793808 0.00570000009611249 0.02463855780661106 0.022967461496591568 0.00570000009611249 0.02540716715157032 0.02359158918261528 0.00570000009611249 0.025949768722057343 0.024395186454057693 0.00570000009611249 0.02614518441259861 0.02519877627491951 0.00570000009611249 0.025949768722057343 0.025822903960943222 0.00570000009611249 0.02540716715157032 0.026128176599740982 0.00570000009611249 0.02463855780661106 -0.009803603403270245 0.008500000461935997 0.025769280269742012 -0.009270894341170788 0.008500000461935997 0.025313759222626686 -0.008589382283389568 0.008500000461935997 0.0251499991863966 0.009647947736084461 0.008500000461935997 0.027712751179933548 0.009049528278410435 0.008500000461935997 0.028077678754925728 0.008589384146034718 0.008500000461935997 0.0251499991863966 0.004580308683216572 0.008500000461935997 0.02914225123822689 7.450580152834618E-10 0.008500000461935997 0.029500000178813934 0.010015235282480717 0.008500000461935997 0.027115777134895325 0.010071192868053913 0.008500000461935997 0.02641710266470909 0.009803605265915394 0.008500000461935997 0.025769280269742012 0.009270896203815937 0.008500000461935997 0.025313759222626686 -0.009049530141055584 0.008500000461935997 0.028077678754925728 -0.009647945873439312 0.008500000461935997 0.027712751179933548 -0.010015233419835567 0.008500000461935997 0.027115777134895325 -0.004580310545861721 0.008500000461935997 0.02914225123822689 -0.010071191005408764 0.008500000461935997 0.02641710266470909 -0.02352018468081951 0.007799999788403511 -0.022879639640450478 -0.022879639640450478 0.007799999788403511 -0.02352018468081951 -0.02264518477022648 0.007799999788403511 -0.024395184591412544 -0.022879639640450478 0.007799999788403511 -0.025270184502005577 -0.02352018468081951 0.007799999788403511 -0.02591072767972946 -0.024395184591412544 0.007799999788403511 -0.02614518441259861 -0.025270184502005577 0.007799999788403511 -0.02591072767972946 -0.02591072954237461 0.007799999788403511 -0.025270184502005577 -0.02614518441259861 0.007799999788403511 -0.024395184591412544 -0.02591072954237461 0.007799999788403511 -0.02352018468081951 -0.025270184502005577 0.007799999788403511 -0.022879639640450478 -0.024395184591412544 0.007799999788403511 -0.02264518477022648 -0.03362499922513962 0.007799999788403511 0.0015155444853007793 -0.032984454184770584 0.007799999788403511 0.0008750000270083547 -0.032749999314546585 0.007799999788403511 -1.1918231347389816E-16 -0.032984454184770584 0.007799999788403511 -0.0008750000270083547 -0.03362499922513962 0.007799999788403511 -0.0015155444853007793 -0.03449999913573265 0.007799999788403511 -0.0017500000540167093 -0.035374999046325684 0.007799999788403511 -0.0015155444853007793 -0.03601554408669472 0.007799999788403511 -0.0008750000270083547 -0.036249998956918716 0.007799999788403511 -1.2062007249252353E-16 -0.03601554408669472 0.007799999788403511 0.0008750000270083547 -0.035374999046325684 0.007799999788403511 0.0015155444853007793 -0.03449999913573265 0.007799999788403511 0.0017500000540167093 0.0008750006672926247 0.007799999788403511 -0.032984454184770584 0.0015155456494539976 0.007799999788403511 -0.03362499922513962 0.0017500005196779966 0.007799999788403511 -0.03449999913573265 0.0015155456494539976 0.007799999788403511 -0.035374999046325684 0.0008750006672926247 0.007799999788403511 -0.03601554408669472 7.450580152834618E-10 0.007799999788403511 -0.036249998956918716 -0.000874999153893441 0.007799999788403511 -0.03601554408669472 -0.0015155442524701357 0.007799999788403511 -0.035374999046325684 -0.0017499991226941347 0.007799999788403511 -0.03449999913573265 -0.0015155442524701357 0.007799999788403511 -0.03362499922513962 -0.000874999153893441 0.007799999788403511 -0.032984454184770584 7.450580152834618E-10 0.007799999788403511 -0.032749999314546585 0.0008750006672926247 0.007799999788403511 0.03601554408669472 0.0015155456494539976 0.007799999788403511 0.035374999046325684 0.0017500005196779966 0.007799999788403511 0.03449999913573265 0.0015155456494539976 0.007799999788403511 0.03362499922513962 0.0008750006672926247 0.007799999788403511 0.032984454184770584 7.450580152834618E-10 0.007799999788403511 0.032749999314546585 -0.000874999153893441 0.007799999788403511 0.032984454184770584 -0.0015155442524701357 0.007799999788403511 0.03362499922513962 -0.0017499991226941347 0.007799999788403511 0.03449999913573265 -0.0015155442524701357 0.007799999788403511 0.035374999046325684 -0.000874999153893441 0.007799999788403511 0.03601554408669472 7.450580152834618E-10 0.007799999788403511 0.036249998956918716 -0.02352018468081951 0.007799999788403511 0.02591072767972946 -0.022879639640450478 0.007799999788403511 0.025270184502005577 -0.02264518477022648 0.007799999788403511 0.024395184591412544 -0.022879639640450478 0.007799999788403511 0.02352018468081951 -0.02352018468081951 0.007799999788403511 0.022879639640450478 -0.024395184591412544 0.007799999788403511 0.02264518477022648 -0.025270184502005577 0.007799999788403511 0.022879639640450478 -0.02591072954237461 0.007799999788403511 0.02352018468081951 -0.02614518441259861 0.007799999788403511 0.024395184591412544 -0.02591072954237461 0.007799999788403511 0.025270184502005577 -0.025270184502005577 0.007799999788403511 0.02591072767972946 -0.024395184591412544 0.007799999788403511 0.02614518441259861 -0.020519213750958443 0.005499999970197678 0.027553800493478775 -0.02010851539671421 0.005499999970197678 0.02696898579597473 -0.020519213750958443 0.008500000461935997 0.027553800493478775 -0.02010851539671421 0.008500000461935997 0.02696898579597473 -0.004851086996495724 0.005499999970197678 0.03328882157802582 -0.0049742041155695915 0.005499999970197678 0.03399275243282318 -0.004851086996495724 0.008500000461935997 0.03328882157802582 -0.0049742041155695915 0.008500000461935997 0.03399275243282318 -0.018838906660676003 0.008500000461935997 0.026048656553030014 -0.01803889498114586 0.008500000461935997 0.02603025734424591 -0.017295707017183304 0.008500000461935997 0.02632695436477661 -0.004816482774913311 0.008500000461935997 0.0324893444776535 -0.007367587648332119 0.008500000461935997 0.0357486866414547 -0.020068468526005745 0.008500000461935997 0.03048781119287014 -0.019567668437957764 0.008500000461935997 0.026379205286502838 -0.005098062567412853 0.008500000461935997 0.031740300357341766 -0.02065204456448555 0.008500000461935997 0.029897421598434448 -0.020945634692907333 0.008500000461935997 0.02912093885242939 -0.020898660644888878 0.008500000461935997 0.028292136266827583 -0.016068216413259506 0.008500000461935997 0.032772891223430634 -0.01205452810972929 0.008500000461935997 0.029102204367518425 -0.011811989359557629 0.008500000461935997 0.03453587740659714 -0.006386055611073971 0.008500000461935997 0.030845878645777702 -0.005650746636092663 0.008500000461935997 0.0311615951359272 -0.0057808151468634605 0.008500000461935997 0.035402413457632065 -0.006537470035254955 0.008500000461935997 0.035743869841098785 -0.005227978341281414 0.008500000461935997 0.03478314355015755 -0.02696898765861988 0.005499999970197678 0.02010851353406906 -0.027553800493478775 0.005499999970197678 0.020519213750958443 -0.02696898765861988 0.008500000461935997 0.02010851353406906 -0.027553800493478775 0.008500000461935997 0.020519213750958443 -0.031957000494003296 0.008500000461935997 0.010999999940395355 -0.031957000494003296 0.005499999970197678 0.010999999940395355 -0.030874747782945633 0.008500000461935997 0.010999999940395355 -0.030874747782945633 0.005499999970197678 0.010999999940395355 -0.033616404980421066 0.008500000461935997 0.011883587576448917 -0.032896995544433594 0.008500000461935997 0.011234663426876068 -0.03048781119287014 0.008500000461935997 0.020068466663360596 -0.02632695622742176 0.008500000461935997 0.017295705154538155 -0.029031479731202126 0.008500000461935997 0.012223880738019943 -0.032303374260663986 0.008500000461935997 0.016992410644888878 -0.029466038569808006 0.008500000461935997 0.011580304242670536 -0.030112970620393753 0.008500000461935997 0.011150757782161236 -0.026379205286502838 0.008500000461935997 0.019567668437957764 -0.026048656553030014 0.008500000461935997 0.018838904798030853 -0.02603025734424591 0.008500000461935997 0.01803889311850071 -0.028292136266827583 0.008500000461935997 0.02089865878224373 -0.02912093885242939 0.008500000461935997 0.020945632830262184 -0.029897421598434448 0.008500000461935997 0.0206520427018404 -0.03394641727209091 0.008500000461935997 0.0127944927662611 -0.03380958363413811 0.008500000461935997 0.013753622770309448 -0.0049742041155695915 0.005499999970197678 -0.03399275243282318 -0.004851086996495724 0.005499999970197678 -0.03328882157802582 -0.0049742041155695915 0.008500000461935997 -0.03399275243282318 -0.004851086996495724 0.008500000461935997 -0.03328882157802582 -0.02010851539671421 0.005499999970197678 -0.02696898579597473 -0.020519213750958443 0.005499999970197678 -0.027553800493478775 -0.02010851539671421 0.008500000461935997 -0.02696898579597473 -0.020519213750958443 0.008500000461935997 -0.027553800493478775 -0.005098062567412853 0.008500000461935997 -0.031740300357341766 -0.005650746636092663 0.008500000461935997 -0.0311615951359272 -0.006386055611073971 0.008500000461935997 -0.030845878645777702 -0.01205452810972929 0.008500000461935997 -0.029102204367518425 -0.017295707017183304 0.008500000461935997 -0.02632695436477661 -0.020068468526005745 0.008500000461935997 -0.03048781119287014 -0.007367587648332119 0.008500000461935997 -0.0357486866414547 -0.004816482774913311 0.008500000461935997 -0.0324893444776535 -0.006537470035254955 0.008500000461935997 -0.035743869841098785 -0.0057808151468634605 0.008500000461935997 -0.035402413457632065 -0.019567668437957764 0.008500000461935997 -0.026379205286502838 -0.018838906660676003 0.008500000461935997 -0.026048656553030014 -0.01803889498114586 0.008500000461935997 -0.02603025734424591 -0.005227978341281414 0.008500000461935997 -0.03478314355015755 -0.011811989359557629 0.008500000461935997 -0.03453587740659714 -0.016068216413259506 0.008500000461935997 -0.032772891223430634 -0.020898660644888878 0.008500000461935997 -0.028292136266827583 -0.020945634692907333 0.008500000461935997 -0.02912093885242939 -0.02065204456448555 0.008500000461935997 -0.029897421598434448 0.020519215613603592 0.005499999970197678 -0.027553800493478775 0.020108509808778763 0.005499999970197678 -0.02696898579597473 0.020519215613603592 0.008500000461935997 -0.027553800493478775 0.020108509808778763 0.008500000461935997 -0.02696898579597473 0.0048510851338505745 0.005499999970197678 -0.03328882157802582 0.004974202252924442 0.005499999970197678 -0.03399275243282318 0.0048510851338505745 0.008500000461935997 -0.03328882157802582 0.004974202252924442 0.008500000461935997 -0.03399275243282318 0.018838901072740555 0.008500000461935997 -0.026048656553030014 0.01803889498114586 0.008500000461935997 -0.02603025734424591 0.017295707017183304 0.008500000461935997 -0.02632695436477661 0.020068462938070297 0.008500000461935997 -0.03048781119287014 0.019567664712667465 0.008500000461935997 -0.026379205286502838 0.016068216413259506 0.008500000461935997 -0.032772891223430634 0.01205452997237444 0.008500000461935997 -0.029102204367518425 0.01181198749691248 0.008500000461935997 -0.03453587740659714 0.00638605747371912 0.008500000461935997 -0.030845878645777702 0.007367589510977268 0.008500000461935997 -0.0357486866414547 0.005650748498737812 0.008500000461935997 -0.0311615951359272 0.0050980644300580025 0.008500000461935997 -0.031740300357341766 0.005227976478636265 0.008500000461935997 -0.03478314355015755 0.005780813284218311 0.008500000461935997 -0.035402413457632065 0.02065204456448555 0.008500000461935997 -0.029897421598434448 0.020945634692907333 0.008500000461935997 -0.02912093885242939 0.02089865878224373 0.008500000461935997 -0.028292136266827583 0.006537468172609806 0.008500000461935997 -0.035743869841098785 0.00481648463755846 0.008500000461935997 -0.0324893444776535 -0.031957000494003296 0.005499999970197678 -0.010999999940395355 -0.031957000494003296 0.008500000461935997 -0.010999999940395355 -0.030874747782945633 0.005499999970197678 -0.010999999940395355 -0.030874747782945633 0.008500000461935997 -0.010999999940395355 -0.027553800493478775 0.005499999970197678 -0.020519213750958443 -0.02696898765861988 0.005499999970197678 -0.02010851353406906 -0.027553800493478775 0.008500000461935997 -0.020519213750958443 -0.02696898765861988 0.008500000461935997 -0.02010851353406906 -0.026048656553030014 0.008500000461935997 -0.018838904798030853 -0.02603025734424591 0.008500000461935997 -0.01803889311850071 -0.02632695622742176 0.008500000461935997 -0.017295705154538155 -0.03048781119287014 0.008500000461935997 -0.020068466663360596 -0.026379205286502838 0.008500000461935997 -0.019567668437957764 -0.033616404980421066 0.008500000461935997 -0.011883587576448917 -0.03394641727209091 0.008500000461935997 -0.0127944927662611 -0.032896995544433594 0.008500000461935997 -0.011234663426876068 -0.03380958363413811 0.008500000461935997 -0.013753622770309448 -0.032303374260663986 0.008500000461935997 -0.016992410644888878 -0.029466038569808006 0.008500000461935997 -0.011580304242670536 -0.030112970620393753 0.008500000461935997 -0.011150757782161236 -0.029897421598434448 0.008500000461935997 -0.0206520427018404 -0.02912093885242939 0.008500000461935997 -0.020945632830262184 -0.028292136266827583 0.008500000461935997 -0.02089865878224373 -0.029031479731202126 0.008500000461935997 -0.012223880738019943 0.020528648048639297 0.005499999970197678 0.02669733576476574 0.020927604287862778 0.005499999970197678 0.02726326324045658 0.020528648048639297 0.008500000461935997 0.02669733576476574 0.020927604287862778 0.008500000461935997 0.02726326324045658 0.004974202252924442 0.005499999970197678 0.03399275243282318 0.0048510851338505745 0.005499999970197678 0.03328882157802582 0.004974202252924442 0.008500000461935997 0.03399275243282318 0.0048510851338505745 0.008500000461935997 0.03328882157802582 0.01197949517518282 0.008500000461935997 0.03447813540697098 0.00481648463755846 0.008500000461935997 0.0324893444776535 0.0050980644300580025 0.008500000461935997 0.031740300357341766 0.014139746315777302 0.008500000461935997 0.028148137032985687 0.016385626047849655 0.008500000461935997 0.03261535242199898 0.01035116333514452 0.008500000461935997 0.02975068800151348 0.00638605747371912 0.008500000461935997 0.030845878645777702 0.005650748498737812 0.008500000461935997 0.0311615951359272 0.005780813284218311 0.008500000461935997 0.035402413457632065 0.005227976478636265 0.008500000461935997 0.03478314355015755 0.006537468172609806 0.008500000461935997 0.035743869841098785 0.007367589510977268 0.008500000461935997 0.0357486866414547 0.01768719032406807 0.008500000461935997 0.026065556332468987 0.01843501254916191 0.008500000461935997 0.025756018236279488 0.019244272261857986 0.008500000461935997 0.025768188759684563 0.021366458386182785 0.008500000461935997 0.02882004901766777 0.021083299070596695 0.008500000461935997 0.02959660440683365 0.021311428397893906 0.008500000461935997 0.027995312586426735 0.02051030471920967 0.008500000461935997 0.030192337930202484 0.01998244598507881 0.008500000461935997 0.026100078597664833 -0.009049530141055584 0.008500000461935997 -0.028077678754925728 -0.004580310545861721 0.008500000461935997 -0.02914225123822689 -0.008589382283389568 0.008500000461935997 -0.0251499991863966 7.450580152834618E-10 0.008500000461935997 -0.029500000178813934 0.008589384146034718 0.008500000461935997 -0.0251499991863966 0.004580308683216572 0.008500000461935997 -0.02914225123822689 0.009049528278410435 0.008500000461935997 -0.028077678754925728 0.009647947736084461 0.008500000461935997 -0.027712751179933548 -0.010015233419835567 0.008500000461935997 -0.027115777134895325 -0.009647945873439312 0.008500000461935997 -0.027712751179933548 -0.009803603403270245 0.008500000461935997 -0.025769280269742012 -0.010071191005408764 0.008500000461935997 -0.02641710266470909 0.009803605265915394 0.008500000461935997 -0.025769280269742012 0.009270896203815937 0.008500000461935997 -0.025313759222626686 0.010071192868053913 0.008500000461935997 -0.02641710266470909 0.010015235282480717 0.008500000461935997 -0.027115777134895325 -0.009270894341170788 0.008500000461935997 -0.025313759222626686 0.02227216586470604 0.005499999970197678 0.023350000381469727 0.01552910078316927 0.005499999970197678 0.023350000381469727 0.00327076087705791 0.005499999970197678 0.023350000381469727 -0.003270759480074048 0.005499999970197678 0.023350000381469727 -0.014526787213981152 0.005499999970197678 0.023350000381469727 -0.01577335223555565 0.005499999970197678 0.022526681423187256 -0.026994748041033745 0.005499999970197678 -0.005247247405350208 -0.027499999850988388 0.005499999970197678 1.1668177460629119E-17 -0.0254975575953722 0.005499999970197678 -0.010301681235432625 -0.024456635117530823 0.010300000198185444 -0.012574697844684124 -0.02306344173848629 0.005499999970197678 -0.014977573417127132 -0.01577335223555565 0.005499999970197678 -0.022526681423187256 -0.019781844690442085 0.005499999970197678 -0.01910310611128807 -0.022501235827803612 0.010300000198185444 -0.01580962911248207 -0.014843433164060116 0.005499999970197678 -0.023150000721216202 -0.019781844690442085 0.005499999970197678 0.01910310611128807 -0.022391963750123978 0.010300000198185444 0.015964020043611526 -0.02306344173848629 0.005499999970197678 0.014977573417127132 -0.0254975575953722 0.005499999970197678 0.010301681235432625 -0.026994748041033745 0.005499999970197678 0.005247247405350208 -0.024542545899748802 0.010300000198185444 0.012406185269355774 -0.003270759480074048 0.005499999970197678 -0.023150000721216202 0.00327076087705791 0.005499999970197678 -0.023150000721216202 0.01552910078316927 0.005499999970197678 -0.023150000721216202 0.026128176599740982 0.005499999970197678 -0.02463855780661106 0.025822903960943222 0.005499999970197678 -0.02540716715157032 0.02519877627491951 0.005499999970197678 -0.025949768722057343 0.024395186454057693 0.005499999970197678 -0.02614518441259861 0.02359158918261528 0.005499999970197678 -0.025949768722057343 0.022967461496591568 0.005499999970197678 -0.02540716715157032 0.022662188857793808 0.005499999970197678 -0.02463855780661106 0.02998378500342369 0.005499999970197678 -0.023150000721216202 0.03041854128241539 0.005499999970197678 -0.02324945293366909 0.03076682612299919 0.005499999970197678 -0.023528028279542923 0.0309593565762043 0.005499999970197678 -0.023930314928293228 0.030957844108343124 0.005499999970197678 -0.02437630109488964 0.03076258674263954 0.005499999970197678 -0.02477727271616459 0.0025742321740835905 0.005499999970197678 -0.039416030049324036 0.00327843870036304 0.005499999970197678 -0.039363712072372437 0.009032928384840488 0.005499999970197678 -0.038453299552202225 0.015244756825268269 0.005499999970197678 -0.03643964231014252 0.021039944142103195 0.005499999970197678 -0.03343008831143379 0.02626011148095131 0.005499999970197678 -0.02950689196586609 -0.034573666751384735 0.005499999970197678 -0.0156481321901083 -0.004759321920573711 0.005499999970197678 -0.03765038400888443 -0.004759321920573711 0.005499999970197678 0.03765038400888443 -0.011060732416808605 0.005499999970197678 -0.03630238026380539 -0.017043229192495346 0.005499999970197678 -0.033907681703567505 -0.0225343257188797 0.005499999970197678 -0.03053533472120762 -0.028000297024846077 0.005499999970197678 -0.025616126134991646 -0.02737569808959961 0.005499999970197678 -0.026282574981451035 -0.03142775595188141 0.005499999970197678 -0.021272016689181328 -0.029410740360617638 0.005499999970197678 -0.023983554914593697 -0.029554080218076706 0.005499999970197678 -0.023806696757674217 -0.036722730845212936 0.005499999970197678 -0.009573068469762802 -0.0378129780292511 0.005499999970197678 -0.003221989143639803 -0.0378129780292511 0.005499999970197678 0.003221989143639803 -0.036722730845212936 0.005499999970197678 0.009573068469762802 -0.034573666751384735 0.005499999970197678 0.0156481321901083 -0.03142775595188141 0.005499999970197678 0.021272016689181328 -0.029554080218076706 0.005499999970197678 0.023806696757674217 -0.029410740360617638 0.005499999970197678 0.023983554914593697 -0.0281208548694849 0.005499999970197678 0.025483720004558563 -0.02737569808959961 0.005499999970197678 0.026282574981451035 -0.0225343257188797 0.005499999970197678 0.03053533472120762 -0.017043229192495346 0.005499999970197678 0.033907681703567505 -0.011060732416808605 0.005499999970197678 0.03630238026380539 0.030606824904680252 0.005499999970197678 0.024651817977428436 0.029922839254140854 0.005499999970197678 0.025477703660726547 0.026766229420900345 0.005499999970197678 0.02877601608633995 0.022375237196683884 0.005499999970197678 0.03230849653482437 0.01752414181828499 0.005499999970197678 0.03517661616206169 0.0068480828776955605 0.005499999970197678 0.03869875520467758 0.012312703765928745 0.005499999970197678 0.03732140362262726 0.02998378500342369 0.005499999970197678 0.023350000381469727 0.03033159300684929 0.005499999970197678 0.023429561406373978 0.030610214918851852 0.005499999970197678 0.023652421310544014 0.03076424077153206 0.005499999970197678 0.023974252864718437 0.030763033777475357 0.005499999970197678 0.024331040680408478 0.02651819959282875 0.005499999970197678 0.023350000381469727 0.026235129684209824 0.005499999970197678 0.02374935708940029 0.02622111514210701 0.005499999970197678 0.02360827848315239 0.026273448020219803 0.005499999970197678 0.02347651682794094 0.02638043835759163 0.005499999970197678 0.023383500054478645 0.026326235383749008 0.005499999970197678 0.024666372686624527 0.025986071676015854 0.005499999970197678 0.02552282251417637 0.02529061958193779 0.005499999970197678 0.026127437129616737 0.024395186454057693 0.005499999970197678 0.026345184072852135 0.023499745875597 0.005499999970197678 0.026127437129616737 0.022804293781518936 0.005499999970197678 0.02552282251417637 0.022464130073785782 0.005499999970197678 0.024666372686624527 0.022555235773324966 0.005499999970197678 0.02374935708940029 0.02240992709994316 0.005499999970197678 0.023383500054478645 0.022516917437314987 0.005499999970197678 0.02347651682794094 0.02256925031542778 0.005499999970197678 0.02360827848315239 -0.008589382283389568 0.005499999970197678 0.0251499991863966 -0.003270759480074048 0.005499999970197678 0.0251499991863966 0.00327076087705791 0.005499999970197678 0.0251499991863966 0.008589384146034718 0.005499999970197678 0.0251499991863966 0.009270896203815937 0.005499999970197678 0.025313759222626686 0.009803605265915394 0.005499999970197678 0.025769280269742012 0.010071192868053913 0.005499999970197678 0.02641710266470909 0.010015235282480717 0.005499999970197678 0.027115777134895325 0.009647947736084461 0.005499999970197678 0.027712751179933548 0.009049528278410435 0.005499999970197678 0.028077678754925728 0.004580308683216572 0.005499999970197678 0.02914225123822689 7.450580152834618E-10 0.005499999970197678 0.029500000178813934 -0.004580310545861721 0.005499999970197678 0.02914225123822689 -0.009049530141055584 0.005499999970197678 0.028077678754925728 -0.009647945873439312 0.005499999970197678 0.027712751179933548 -0.010015233419835567 0.005499999970197678 0.027115777134895325 -0.010071191005408764 0.005499999970197678 0.02641710266470909 -0.009803603403270245 0.005499999970197678 0.025769280269742012 -0.009270894341170788 0.005499999970197678 0.025313759222626686 -0.02264518477022648 0.005499999970197678 -0.024395184591412544 -0.022879639640450478 0.005499999970197678 -0.025270184502005577 -0.02352018468081951 0.005499999970197678 -0.02591072767972946 -0.024395184591412544 0.005499999970197678 -0.02614518441259861 -0.025270184502005577 0.005499999970197678 -0.02591072767972946 -0.02591072954237461 0.005499999970197678 -0.025270184502005577 -0.02614518441259861 0.005499999970197678 -0.024395184591412544 -0.02591072954237461 0.005499999970197678 -0.02352018468081951 -0.025270184502005577 0.005499999970197678 -0.022879639640450478 -0.024395184591412544 0.005499999970197678 -0.02264518477022648 -0.02352018468081951 0.005499999970197678 -0.022879639640450478 -0.022879639640450478 0.005499999970197678 -0.02352018468081951 -0.032749999314546585 0.005499999970197678 -1.199939695607148E-16 -0.032984454184770584 0.005499999970197678 -0.0008750000270083547 -0.03362499922513962 0.005499999970197678 -0.0015155444853007793 -0.03449999913573265 0.005499999970197678 -0.0017500000540167093 -0.035374999046325684 0.005499999970197678 -0.0015155444853007793 -0.03601554408669472 0.005499999970197678 -0.0008750000270083547 -0.036249998956918716 0.005499999970197678 -1.210031034382499E-16 -0.03601554408669472 0.005499999970197678 0.0008750000270083547 -0.035374999046325684 0.005499999970197678 0.0015155444853007793 -0.03449999913573265 0.005499999970197678 0.0017500000540167093 -0.03362499922513962 0.005499999970197678 0.0015155444853007793 -0.032984454184770584 0.005499999970197678 0.0008750000270083547 0.0017500005196779966 0.005499999970197678 -0.03449999913573265 0.0015155456494539976 0.005499999970197678 -0.035374999046325684 0.0008750006672926247 0.005499999970197678 -0.03601554408669472 7.450580152834618E-10 0.005499999970197678 -0.036249998956918716 -0.000874999153893441 0.005499999970197678 -0.03601554408669472 -0.0015155442524701357 0.005499999970197678 -0.035374999046325684 -0.0017499991226941347 0.005499999970197678 -0.03449999913573265 -0.0015155442524701357 0.005499999970197678 -0.03362499922513962 -0.000874999153893441 0.005499999970197678 -0.032984454184770584 7.450580152834618E-10 0.005499999970197678 -0.032749999314546585 0.0008750006672926247 0.005499999970197678 -0.032984454184770584 0.0015155456494539976 0.005499999970197678 -0.03362499922513962 0.0017500005196779966 0.005499999970197678 0.03449999913573265 0.0015155456494539976 0.005499999970197678 0.03362499922513962 0.0008750006672926247 0.005499999970197678 0.032984454184770584 7.450580152834618E-10 0.005499999970197678 0.032749999314546585 -0.000874999153893441 0.005499999970197678 0.032984454184770584 -0.0015155442524701357 0.005499999970197678 0.03362499922513962 -0.0017499991226941347 0.005499999970197678 0.03449999913573265 -0.0015155442524701357 0.005499999970197678 0.035374999046325684 -0.000874999153893441 0.005499999970197678 0.03601554408669472 7.450580152834618E-10 0.005499999970197678 0.036249998956918716 0.0008750006672926247 0.005499999970197678 0.03601554408669472 0.0015155456494539976 0.005499999970197678 0.035374999046325684 -0.02264518477022648 0.005499999970197678 0.024395184591412544 -0.022879639640450478 0.005499999970197678 0.02352018468081951 -0.02352018468081951 0.005499999970197678 0.022879639640450478 -0.024395184591412544 0.005499999970197678 0.02264518477022648 -0.025270184502005577 0.005499999970197678 0.022879639640450478 -0.02591072954237461 0.005499999970197678 0.02352018468081951 -0.02614518441259861 0.005499999970197678 0.024395184591412544 -0.02591072954237461 0.005499999970197678 0.025270184502005577 -0.025270184502005577 0.005499999970197678 0.02591072767972946 -0.024395184591412544 0.005499999970197678 0.02614518441259861 -0.02352018468081951 0.005499999970197678 0.02591072767972946 -0.022879639640450478 0.005499999970197678 0.025270184502005577 -0.007367587648332119 0.005499999970197678 0.0357486866414547 -0.011811989359557629 0.005499999970197678 0.03453587740659714 -0.016068216413259506 0.005499999970197678 0.032772891223430634 -0.020068468526005745 0.005499999970197678 0.03048781119287014 -0.02065204456448555 0.005499999970197678 0.029897421598434448 -0.020945634692907333 0.005499999970197678 0.02912093885242939 -0.020898660644888878 0.005499999970197678 0.028292136266827583 -0.017295707017183304 0.005499999970197678 0.02632695436477661 -0.01803889498114586 0.005499999970197678 0.02603025734424591 -0.018838906660676003 0.005499999970197678 0.026048656553030014 -0.019567668437957764 0.005499999970197678 0.026379205286502838 -0.01205452810972929 0.005499999970197678 0.029102204367518425 -0.006386055611073971 0.005499999970197678 0.030845878645777702 -0.004816482774913311 0.005499999970197678 0.0324893444776535 -0.005098062567412853 0.005499999970197678 0.031740300357341766 -0.005650746636092663 0.005499999970197678 0.0311615951359272 -0.005227978341281414 0.005499999970197678 0.03478314355015755 -0.0057808151468634605 0.005499999970197678 0.035402413457632065 -0.006537470035254955 0.005499999970197678 0.035743869841098785 -0.029031479731202126 0.005499999970197678 0.012223880738019943 -0.02632695622742176 0.005499999970197678 0.017295705154538155 -0.026379205286502838 0.005499999970197678 0.019567668437957764 -0.026048656553030014 0.005499999970197678 0.018838904798030853 -0.02603025734424591 0.005499999970197678 0.01803889311850071 -0.028292136266827583 0.005499999970197678 0.02089865878224373 -0.02912093885242939 0.005499999970197678 0.020945632830262184 -0.029897421598434448 0.005499999970197678 0.0206520427018404 -0.03048781119287014 0.005499999970197678 0.020068466663360596 -0.032303374260663986 0.005499999970197678 0.016992410644888878 -0.03380958363413811 0.005499999970197678 0.013753622770309448 -0.03394641727209091 0.005499999970197678 0.0127944927662611 -0.033616404980421066 0.005499999970197678 0.011883587576448917 -0.032896995544433594 0.005499999970197678 0.011234663426876068 -0.030112970620393753 0.005499999970197678 0.011150757782161236 -0.029466038569808006 0.005499999970197678 0.011580304242670536 -0.020068468526005745 0.005499999970197678 -0.03048781119287014 -0.016068216413259506 0.005499999970197678 -0.032772891223430634 -0.011811989359557629 0.005499999970197678 -0.03453587740659714 -0.007367587648332119 0.005499999970197678 -0.0357486866414547 -0.006537470035254955 0.005499999970197678 -0.035743869841098785 -0.0057808151468634605 0.005499999970197678 -0.035402413457632065 -0.005227978341281414 0.005499999970197678 -0.03478314355015755 -0.006386055611073971 0.005499999970197678 -0.030845878645777702 -0.005650746636092663 0.005499999970197678 -0.0311615951359272 -0.005098062567412853 0.005499999970197678 -0.031740300357341766 -0.004816482774913311 0.005499999970197678 -0.0324893444776535 -0.01205452810972929 0.005499999970197678 -0.029102204367518425 -0.017295707017183304 0.005499999970197678 -0.02632695436477661 -0.019567668437957764 0.005499999970197678 -0.026379205286502838 -0.018838906660676003 0.005499999970197678 -0.026048656553030014 -0.01803889498114586 0.005499999970197678 -0.02603025734424591 -0.020898660644888878 0.005499999970197678 -0.028292136266827583 -0.020945634692907333 0.005499999970197678 -0.02912093885242939 -0.02065204456448555 0.005499999970197678 -0.029897421598434448 0.007367589510977268 0.005499999970197678 -0.0357486866414547 0.01181198749691248 0.005499999970197678 -0.03453587740659714 0.016068216413259506 0.005499999970197678 -0.032772891223430634 0.020068462938070297 0.005499999970197678 -0.03048781119287014 0.02065204456448555 0.005499999970197678 -0.029897421598434448 0.020945634692907333 0.005499999970197678 -0.02912093885242939 0.02089865878224373 0.005499999970197678 -0.028292136266827583 0.017295707017183304 0.005499999970197678 -0.02632695436477661 0.01803889498114586 0.005499999970197678 -0.02603025734424591 0.018838901072740555 0.005499999970197678 -0.026048656553030014 0.019567664712667465 0.005499999970197678 -0.026379205286502838 0.01205452997237444 0.005499999970197678 -0.029102204367518425 0.00638605747371912 0.005499999970197678 -0.030845878645777702 0.00481648463755846 0.005499999970197678 -0.0324893444776535 0.0050980644300580025 0.005499999970197678 -0.031740300357341766 0.005650748498737812 0.005499999970197678 -0.0311615951359272 0.005227976478636265 0.005499999970197678 -0.03478314355015755 0.005780813284218311 0.005499999970197678 -0.035402413457632065 0.006537468172609806 0.005499999970197678 -0.035743869841098785 -0.02632695622742176 0.005499999970197678 -0.017295705154538155 -0.02603025734424591 0.005499999970197678 -0.01803889311850071 -0.026048656553030014 0.005499999970197678 -0.018838904798030853 -0.026379205286502838 0.005499999970197678 -0.019567668437957764 -0.029031479731202126 0.005499999970197678 -0.012223880738019943 -0.029466038569808006 0.005499999970197678 -0.011580304242670536 -0.030112970620393753 0.005499999970197678 -0.011150757782161236 -0.032896995544433594 0.005499999970197678 -0.011234663426876068 -0.033616404980421066 0.005499999970197678 -0.011883587576448917 -0.03394641727209091 0.005499999970197678 -0.0127944927662611 -0.03380958363413811 0.005499999970197678 -0.013753622770309448 -0.032303374260663986 0.005499999970197678 -0.016992410644888878 -0.03048781119287014 0.005499999970197678 -0.020068466663360596 -0.029897421598434448 0.005499999970197678 -0.0206520427018404 -0.02912093885242939 0.005499999970197678 -0.020945632830262184 -0.028292136266827583 0.005499999970197678 -0.02089865878224373 0.00638605747371912 0.005499999970197678 0.030845878645777702 0.005650748498737812 0.005499999970197678 0.0311615951359272 0.0050980644300580025 0.005499999970197678 0.031740300357341766 0.00481648463755846 0.005499999970197678 0.0324893444776535 0.01035116333514452 0.005499999970197678 0.02975068800151348 0.014139746315777302 0.005499999970197678 0.028148137032985687 0.01768719032406807 0.005499999970197678 0.026065556332468987 0.01998244598507881 0.005499999970197678 0.026100078597664833 0.019244272261857986 0.005499999970197678 0.025768188759684563 0.01843501254916191 0.005499999970197678 0.025756018236279488 0.021311428397893906 0.005499999970197678 0.027995312586426735 0.021366458386182785 0.005499999970197678 0.02882004901766777 0.021083299070596695 0.005499999970197678 0.02959660440683365 0.02051030471920967 0.005499999970197678 0.030192337930202484 0.016385626047849655 0.005499999970197678 0.03261535242199898 0.01197949517518282 0.005499999970197678 0.03447813540697098 0.007367589510977268 0.005499999970197678 0.0357486866414547 0.006537468172609806 0.005499999970197678 0.035743869841098785 0.005780813284218311 0.005499999970197678 0.035402413457632065 0.005227976478636265 0.005499999970197678 0.03478314355015755 -0.009049530141055584 0.005499999970197678 -0.028077678754925728 -0.004580310545861721 0.005499999970197678 -0.02914225123822689 7.450580152834618E-10 0.005499999970197678 -0.029500000178813934 0.004580308683216572 0.005499999970197678 -0.02914225123822689 0.009049528278410435 0.005499999970197678 -0.028077678754925728 0.009647947736084461 0.005499999970197678 -0.027712751179933548 0.010015235282480717 0.005499999970197678 -0.027115777134895325 0.010071192868053913 0.005499999970197678 -0.02641710266470909 0.009803605265915394 0.005499999970197678 -0.025769280269742012 0.009270896203815937 0.005499999970197678 -0.025313759222626686 0.008589384146034718 0.005499999970197678 -0.0251499991863966 0.00327076087705791 0.005499999970197678 -0.0251499991863966 -0.003270759480074048 0.005499999970197678 -0.0251499991863966 -0.008589382283389568 0.005499999970197678 -0.0251499991863966 -0.009270894341170788 0.005499999970197678 -0.025313759222626686 -0.009803603403270245 0.005499999970197678 -0.025769280269742012 -0.010071191005408764 0.005499999970197678 -0.02641710266470909 -0.010015233419835567 0.005499999970197678 -0.027115777134895325 -0.009647945873439312 0.005499999970197678 -0.027712751179933548 -0.003270759480074048 0.005499999970197678 0.03601992875337601 0.00327076087705791 0.005499999970197678 0.03112499974668026 0.01552910078316927 0.005499999970197678 0.025435255840420723 -0.015529102645814419 0.005499999970197678 0.025435255840420723 -0.015529102645814419 0.005499999970197678 0.02389759197831154 0.02618512138724327 0.005499999970197678 0.025435255840420723 0.00327076087705791 0.005499999970197678 0.03601992875337601 -0.015529102645814419 0.005499999970197678 -0.025574253872036934 0.00327076087705791 0.005499999970197678 -0.03112499974668026 -0.015529102645814419 0.005499999970197678 -0.02389759197831154 -0.029447592794895172 0.005499999970197678 0.0063749998807907104 0.00327076087705791 0.005499999970197678 0.02389759197831154 -0.003270759480074048 0.005499999970197678 0.02389759197831154 -0.021807005628943443 0.005499999970197678 -0.02389759197831154 0.01552910078316927 0.005499999970197678 -0.02389759197831154 0.01552910078316927 0.005499999970197678 -0.025574253872036934 0.02618512138724327 0.005499999970197678 -0.025574253872036934 0.02618512138724327 0.005499999970197678 -0.02389759197831154 -0.003270759480074048 0.005499999970197678 -0.03112499974668026 -0.021807005628943443 0.005499999970197678 -0.025574253872036934 -0.029447592794895172 0.005499999970197678 -0.0063749998807907104 -0.021807005628943443 0.005499999970197678 0.025435255840420723 -0.003270759480074048 0.005499999970197678 0.03112499974668026 0.01552910078316927 0.005499999970197678 0.02389759197831154 -0.021807005628943443 0.005499999970197678 0.02389759197831154 -0.003270759480074048 0.005499999970197678 -0.02389759197831154 0.00327076087705791 0.005499999970197678 -0.02389759197831154 -0.04309871047735214 0.0062500000931322575 0.010825317353010178 -0.04399999976158142 0.005499999970197678 0.009526279754936695 -0.04399999976158142 0.004950962029397488 0.010075317695736885 -0.04399999976158142 0.0062500000931322575 0.009325317107141018 -0.04399999976158142 0.004950962029397488 0.011575317941606045 -0.04399999976158142 0.005499999970197678 0.012124355882406235 -0.04399999976158142 0.004749999847263098 0.010825317353010178 -0.04399999976158142 0.007000000216066837 0.012124355882406235 -0.04399999976158142 0.007549038156867027 0.011575317941606045 -0.04399999976158142 0.0062500000931322575 0.012325317598879337 -0.04399999976158142 0.007549038156867027 0.010075317695736885 -0.04399999976158142 0.007000000216066837 0.009526279754936695 -0.04399999976158142 0.00774999987334013 0.010825317353010178 -0.04309871047735214 0.0062500000931322575 -0.010825317353010178 -0.04399999976158142 0.007549038156867027 -0.011575317941606045 -0.04399999976158142 0.007000000216066837 -0.012124355882406235 -0.04399999976158142 0.00774999987334013 -0.010825317353010178 -0.04399999976158142 0.005499999970197678 -0.012124355882406235 -0.04399999976158142 0.004950962029397488 -0.011575317941606045 -0.04399999976158142 0.0062500000931322575 -0.012325317598879337 -0.04399999976158142 0.004950962029397488 -0.010075317695736885 -0.04399999976158142 0.005499999970197678 -0.009526279754936695 -0.04399999976158142 0.004749999847263098 -0.010825317353010178 -0.04399999976158142 0.007000000216066837 -0.009526279754936695 -0.04399999976158142 0.007549038156867027 -0.010075317695736885 -0.04399999976158142 0.0062500000931322575 -0.009325317107141018 -0.04899999871850014 0.004000000189989805 4.574308787418243E-18 -0.04899999871850014 -0.0026194429956376553 -0.0030229983385652304 -0.04899999871850014 -0.003365014214068651 -0.002162563381716609 -0.04899999871850014 -0.004000000189989805 3.805378647191506E-18 -0.04899999871850014 0.0026194429956376553 0.0030229983385652304 -0.04899999871850014 0.003365014214068651 0.002162563381716609 -0.04899999871850014 -0.0038379719480872154 -0.0011269302340224385 -0.04899999871850014 0.0038379719480872154 0.0011269302340224385 -0.04899999871850014 0.0038379719480872154 -0.0011269302340224385 -0.04899999871850014 0.003365014214068651 -0.002162563381716609 -0.04899999871850014 0.0026194429956376553 -0.0030229983385652304 -0.04899999871850014 -0.0038379719480872154 0.0011269302340224385 -0.04899999871850014 -0.003365014214068651 0.002162563381716609 -0.04899999871850014 -0.0026194429956376553 0.0030229983385652304 -0.04899999871850014 -0.0016616600332781672 0.0036385280545800924 -0.04899999871850014 -0.0005692593404091895 0.00395928556099534 -0.04899999871850014 0.0005692593404091895 0.00395928556099534 -0.04899999871850014 0.0016616600332781672 0.0036385280545800924 -0.04899999871850014 0.0016616600332781672 -0.0036385280545800924 -0.04899999871850014 0.0005692593404091895 -0.00395928556099534 -0.04899999871850014 -0.0016616600332781672 -0.0036385280545800924 -0.04899999871850014 -0.0005692593404091895 -0.00395928556099534 -0.052000001072883606 0.006467156577855349 0.0026787840761244297 -0.05096164718270302 0.006538535933941603 0.0019198873778805137 -0.052000001072883606 0.005888774525374174 0.003784485626965761 -0.05096164718270302 0.005732784513384104 0.003684236900880933 -0.052000001072883606 0.004949747584760189 0.004949747584760189 -0.05096164718270302 0.004462596960365772 0.0051501113921403885 -0.052000001072883606 0.004584025125950575 0.005290247034281492 -0.05096164718270302 0.0028308762703090906 0.006198754534125328 -0.052000001072883606 2.498001805406602E-16 0.007000000216066837 -0.052000001072883606 0.0009962038602679968 0.006928750313818455 -0.05096164718270302 0.0009698150097392499 0.006745211314409971 -0.052000001072883606 0.0026787840761244297 0.006467156577855349 -0.052000001072883606 0.0029079050291329622 0.006367424037307501 -0.052000001072883606 -0.0009962038602679968 0.006928750313818455 -0.05096164718270302 -0.0009698150097392499 0.006745211314409971 -0.052000001072883606 -0.0026787840761244297 0.006467156577855349 -0.05096164718270302 -0.0028308762703090906 0.006198754534125328 -0.052000001072883606 -0.0029079050291329622 0.006367424037307501 -0.05096164718270302 -0.004462596960365772 0.0051501113921403885 -0.052000001072883606 -0.004584025125950575 0.005290247034281492 -0.052000001072883606 -0.004949747584760189 0.004949747584760189 -0.05096164718270302 -0.005732784513384104 0.003684236900880933 -0.052000001072883606 -0.005888774525374174 0.003784485626965761 -0.052000001072883606 -0.006467156577855349 0.0026787840761244297 -0.05096164718270302 -0.006538535933941603 0.0019198873778805137 -0.052000001072883606 -0.006716450676321983 0.001972127938643098 -0.05096164718270302 -0.0068145738914608955 1.628565184113283E-18 -0.052000001072883606 -0.007000000216066837 -1.2385778562305103E-18 -0.05096164718270302 -0.006538535933941603 -0.0019198873778805137 -0.052000001072883606 -0.006716450676321983 -0.001972127938643098 -0.05096164718270302 -0.0028308762703090906 -0.006198754534125328 -0.052000001072883606 -0.004584025125950575 -0.005290247034281492 -0.05096164718270302 -0.004462596960365772 -0.0051501113921403885 -0.052000001072883606 -0.004949747584760189 -0.004949747584760189 -0.05096164718270302 -0.005732784513384104 -0.003684236900880933 -0.052000001072883606 -0.005888774525374174 -0.003784485626965761 -0.052000001072883606 -0.006467156577855349 -0.0026787840761244297 -0.05096164718270302 -0.0009698150097392499 -0.006745211314409971 -0.052000001072883606 -0.0026787840761244297 -0.006467156577855349 -0.052000001072883606 -0.0029079050291329622 -0.006367424037307501 -0.05096164718270302 0.0009698150097392499 -0.006745211314409971 -0.052000001072883606 2.498001805406602E-16 -0.007000000216066837 -0.052000001072883606 -0.0009962038602679968 -0.006928750313818455 -0.05096164718270302 0.004462596960365772 -0.0051501113921403885 -0.052000001072883606 0.0029079050291329622 -0.006367424037307501 -0.05096164718270302 0.0028308762703090906 -0.006198754534125328 -0.052000001072883606 0.0026787840761244297 -0.006467156577855349 -0.052000001072883606 0.0009962038602679968 -0.006928750313818455 -0.05096164718270302 0.005732784513384104 -0.003684236900880933 -0.052000001072883606 0.004949747584760189 -0.004949747584760189 -0.052000001072883606 0.004584025125950575 -0.005290247034281492 -0.052000001072883606 0.006716450676321983 0.001972127938643098 -0.052000001072883606 0.007000000216066837 5.0587677926752375E-18 -0.05096164718270302 0.0068145738914608955 5.03312891599885E-18 -0.052000001072883606 0.006716450676321983 -0.001972127938643098 -0.05096164718270302 0.006538535933941603 -0.0019198873778805137 -0.052000001072883606 0.006467156577855349 -0.0026787840761244297 -0.052000001072883606 0.005888774525374174 -0.003784485626965761 -0.04918542504310608 0.005038351286202669 4.746292871657818E-18 -0.04918542504310608 0.004834262654185295 0.0014194675022736192 -0.04918542504310608 0.004238530527800322 0.0027239383198320866 -0.04918542504310608 0.003299418371170759 0.003807731671258807 -0.04918542504310608 0.0020930066239088774 0.004583045374602079 -0.04918542504310608 0.0007170321187004447 0.004987068008631468 -0.04918542504310608 -0.0007170321187004447 0.004987068008631468 -0.04918542504310608 -0.0020930066239088774 0.004583045374602079 -0.04918542504310608 -0.003299418371170759 0.003807731671258807 -0.04918542504310608 -0.004238530527800322 0.0027239383198320866 -0.04918542504310608 -0.004834262654185295 0.0014194675022736192 -0.04918542504310608 -0.005038351286202669 2.229130982460977E-18 -0.04918542504310608 -0.004834262654185295 -0.0014194675022736192 -0.04918542504310608 -0.004238530527800322 -0.0027239383198320866 -0.04918542504310608 -0.003299418371170759 -0.003807731671258807 -0.04918542504310608 -0.0020930066239088774 -0.004583045374602079 -0.04918542504310608 -0.0007170321187004447 -0.004987068008631468 -0.04918542504310608 0.0007170321187004447 -0.004987068008631468 -0.04918542504310608 0.0020930066239088774 -0.004583045374602079 -0.04918542504310608 0.003299418371170759 -0.003807731671258807 -0.04918542504310608 0.004238530527800322 -0.0027239383198320866 -0.04918542504310608 0.004834262654185295 -0.0014194675022736192 -0.04987867921590805 0.006121320184320211 4.923144913802268E-18 -0.04987867921590805 0.005873363930732012 0.0017245751805603504 -0.04987867921590805 0.005149582400918007 0.0033094356767833233 -0.04987867921590805 0.0040086121298372746 0.004626185167580843 -0.04987867921590805 0.002542888280004263 0.005568149033933878 -0.04987867921590805 0.0008711547125130892 0.006059014238417149 -0.04987867921590805 -0.0008711547125130892 0.006059014238417149 -0.04987867921590805 -0.002542888280004263 0.005568149033933878 -0.04987867921590805 -0.0040086121298372746 0.004626185167580843 -0.04987867921590805 -0.005149582400918007 0.0033094356767833233 -0.04987867921590805 -0.005873363930732012 0.0017245751805603504 -0.04987867921590805 -0.006121320184320211 1.8649308033793917E-18 -0.04987867921590805 -0.005873363930732012 -0.0017245751805603504 -0.04987867921590805 -0.005149582400918007 -0.0033094356767833233 -0.04987867921590805 -0.0040086121298372746 -0.004626185167580843 -0.04987867921590805 -0.002542888280004263 -0.005568149033933878 -0.04987867921590805 -0.0008711547125130892 -0.006059014238417149 -0.04987867921590805 0.0008711547125130892 -0.006059014238417149 -0.04987867921590805 0.002542888280004263 -0.005568149033933878 -0.04987867921590805 0.0040086121298372746 -0.004626185167580843 -0.04987867921590805 0.005149582400918007 -0.0033094356767833233 -0.04987867921590805 0.005873363930732012 -0.0017245751805603504 -0.054999999701976776 0.007000000216066837 6.758132192597547E-18 -0.054999999701976776 0.006467156577855349 -0.0026787840761244297 -0.054999999701976776 0.004949747584760189 -0.004949747584760189 -0.054999999701976776 0.0026787840761244297 -0.006467156577855349 -0.054999999701976776 2.498001805406602E-16 -0.007000000216066837 -0.054999999701976776 -0.0026787840761244297 -0.006467156577855349 -0.054999999701976776 -0.004949747584760189 -0.004949747584760189 -0.054999999701976776 -0.006467156577855349 -0.0026787840761244297 -0.054999999701976776 -0.007000000216066837 1.854905581150402E-18 -0.054999999701976776 -0.006467156577855349 0.0026787840761244297 -0.052000001072883606 -0.007000000216066837 1.870046708672879E-18 -0.054999999701976776 -0.004949747584760189 0.004949747584760189 -0.054999999701976776 -0.0026787840761244297 0.006467156577855349 -0.054999999701976776 2.498001805406602E-16 0.007000000216066837 -0.054999999701976776 0.0026787840761244297 0.006467156577855349 -0.054999999701976776 0.004949747584760189 0.004949747584760189 -0.054999999701976776 0.006467156577855349 0.0026787840761244297 -0.054999999701976776 0.002393483417108655 -0.009451652877032757 -0.054999999701976776 -0.0008051486220210791 -0.00971669889986515 -0.054999999701976776 -0.003916530404239893 -0.008928789757192135 -0.054999999701976776 -0.006603495217859745 -0.0071733081713318825 -0.054999999701976776 -0.008574869483709335 -0.004640487022697926 -0.054999999701976776 -0.009617023169994354 -0.0016047972021624446 -0.054999999701976776 -0.009617023169994354 0.0016047972021624446 -0.054999999701976776 -0.008574869483709335 0.004640487022697926 -0.054999999701976776 -0.006603495217859745 0.0071733081713318825 -0.054999999701976776 -0.003916530404239893 0.008928789757192135 -0.054999999701976776 -0.0008051486220210791 0.00971669889986515 -0.054999999701976776 0.002393483417108655 0.009451652877032757 -0.054999999701976776 0.0053327446803450584 0.00816237274557352 -0.054999999701976776 0.007694120053201914 0.005988574121147394 -0.054999999701976776 0.009221717715263367 0.003165819915011525 -0.054999999701976776 0.009750000201165676 5.5015939705218256E-18 -0.054999999701976776 0.009221717715263367 -0.003165819915011525 -0.054999999701976776 0.007694120053201914 -0.005988574121147394 -0.054999999701976776 0.0053327446803450584 -0.00816237274557352 -0.04878000169992447 0.010238297283649445 0.010962539352476597 -0.04878000169992447 0.006900975480675697 0.013318277895450592 -0.04878000169992447 0.0030518402345478535 0.014686261303722858 -0.04878000169992447 -0.0010236361995339394 0.014965031296014786 -0.04878000169992447 -0.005023194011300802 0.014133913442492485 -0.04878000169992447 -0.008650205098092556 0.012254548259079456 -0.04878000169992447 -0.011635669507086277 0.009466319344937801 -0.04878000169992447 -0.013758169487118721 0.005976016167551279 -0.04878000169992447 -0.014860289171338081 0.0020424998365342617 -0.04878000169992447 -0.014860289171338081 -0.0020424998365342617 -0.04878000169992447 -0.013758169487118721 -0.005976016167551279 -0.04878000169992447 -0.011635669507086277 -0.009466319344937801 -0.04878000169992447 -0.008650205098092556 -0.012254548259079456 -0.04878000169992447 -0.005023194011300802 -0.014133913442492485 -0.04878000169992447 -0.0010236361995339394 -0.014965031296014786 -0.04878000169992447 0.0030518402345478535 -0.014686261303722858 -0.04878000169992447 0.006900975480675697 -0.013318277895450592 -0.04878000169992447 0.010238297283649445 -0.010962539352476597 -0.04878000169992447 0.01281629130244255 -0.0077937594614923 -0.04878000169992447 0.014443758875131607 -0.004046951420605183 -0.04878000169992447 0.014999999664723873 1.0081227319543072E-17 -0.04878000169992447 0.014443758875131607 0.004046951420605183 -0.04878000169992447 0.01281629130244255 0.0077937594614923 -0.018053565174341202 -0.06070000305771828 -0.013258579187095165 -0.01450929045677185 -0.06070000305771828 -0.01706463098526001 -0.01027613040059805 -0.06696844846010208 -0.01168743148446083 -0.010182815603911877 -0.06070000305771828 -0.01995072327554226 -0.009349177591502666 -0.06700687855482101 -0.01238891389220953 -0.010070636868476868 -0.06698359549045563 -0.01184327993541956 -0.012543370947241783 -0.06696844846010208 -0.009211880154907703 -0.014329669065773487 -0.06696844846010208 -0.0060708727687597275 -0.020624568685889244 -0.06070000305771828 -0.008737754076719284 -0.01534345094114542 -0.06696844846010208 -0.002602582797408104 -0.022083694115281105 -0.06070000305771828 -0.003745873924344778 -0.015530062839388847 -0.06696844846010208 0.0010060141794383526 -0.02235228382050991 -0.06070000305771828 0.0014479467645287514 -0.014879444614052773 -0.06696844846010208 0.004560375586152077 -0.02141585573554039 -0.06070000305771828 0.0065637086518108845 -0.013426673598587513 -0.06696844846010208 0.007868886925280094 -0.01932489313185215 -0.06070000305771828 0.01132561918348074 -0.011250065639615059 -0.06696844846010208 0.010753183625638485 -0.01619211956858635 -0.06070000305771828 0.015476962551474571 -0.008466963656246662 -0.06696844846010208 0.013057773001492023 -0.012186426669359207 -0.06070000305771828 0.01879393868148327 -0.0052274055778980255 -0.06696844846010208 0.01465841569006443 -0.007523759268224239 -0.06070000305771828 0.021097730845212936 -0.0017060362733900547 -0.06696844846010208 0.015468819066882133 -0.002455483889207244 -0.06070000305771828 0.022264136001467705 0.0019073047442361712 -0.06696844846010208 0.015445293858647346 0.0027451668865978718 -0.06070000305771828 0.022230276837944984 0.005417822860181332 -0.06696844846010208 0.01458910945802927 0.007797825150191784 -0.06070000305771828 0.020997976884245872 0.008636265061795712 -0.06696844846010208 0.012946422211825848 0.0124301016330719 -0.06070000305771828 0.01863367296755314 0.011389123275876045 -0.06696844846010208 0.010605789721012115 0.016392266377806664 -0.06070000305771828 0.01526482030749321 0.013527992181479931 -0.06696844846010208 0.007693396881222725 0.01947071962058544 -0.06070000305771828 0.011073037981987 0.014937562867999077 -0.06696844846010208 0.004366251174360514 0.021499503403902054 -0.06070000305771828 0.0062843067571520805 0.015541845001280308 -0.06696844846010208 0.000803719216492027 0.02236924320459366 -0.06070000305771828 0.0011567847104743123 0.015308262780308723 -0.06696844846010208 -0.002802141709253192 0.022033048793673515 -0.06070000305771828 -0.004033097997307777 0.0142494086176157 -0.06696844846010208 -0.006256938446313143 0.02050904929637909 -0.06070000305771828 -0.009005555883049965 0.012422364205121994 -0.06696844846010208 -0.009374421089887619 0.01787940040230751 -0.06070000305771828 -0.0134925227612257 0.009925628080964088 -0.06696844846010208 -0.011986526660621166 0.014285868965089321 -0.06070000305771828 -0.017252102494239807 0.006893797777593136 -0.06696844846010208 -0.013952435925602913 0.009922182187438011 -0.06070000305771828 -0.020081618800759315 0.00349032087251544 -0.06696844846010208 -0.015166165307164192 0.005023589823395014 -0.06070000305771828 -0.021828530356287956 -0.00010131949238711968 -0.06696844846010208 -0.015562282875180244 -0.00014582803123630583 -0.06070000305771828 -0.022398658096790314 -0.0036874974612146616 -0.06696844846010208 -0.015119434334337711 -0.005307382438331842 -0.06070000305771828 -0.021761268377304077 -0.007074881810694933 -0.06696844846010208 -0.013861492276191711 -0.008420335128903389 -0.06696844846010208 -0.013087890110909939 -0.027410980314016342 -0.06070000305771828 -0.01612073741853237 -0.02373928762972355 -0.06070000305771828 -0.021158598363399506 -0.019155306741595268 -0.06070000305771828 -0.025383347645401955 -0.013835196383297443 -0.06070000305771828 -0.028632627800107002 -0.007983408868312836 -0.06070000305771828 -0.030781572684645653 -0.0018248227424919605 -0.06070000305771828 -0.03174759820103645 -0.025383347645401955 -0.06070000305771828 0.019155306741595268 -0.028632627800107002 -0.06070000305771828 0.013835196383297443 -0.030781572684645653 -0.06070000305771828 0.007983408868312836 -0.03174759820103645 -0.06070000305771828 0.0018248227424919605 -0.03149358183145523 -0.06070000305771828 -0.004403890110552311 -0.030029285699129105 -0.06070000305771828 -0.01046336442232132 0.007983408868312836 -0.06070000305771828 0.030781572684645653 0.0018248227424919605 -0.06070000305771828 0.03174759820103645 -0.004403890110552311 -0.06070000305771828 0.03149358183145523 -0.01046336442232132 -0.06070000305771828 0.030029285699129105 -0.01612073741853237 -0.06070000305771828 0.027410980314016342 -0.021158598363399506 -0.06070000305771828 0.02373928762972355 0.004403890110552311 -0.06070000305771828 -0.03149358183145523 0.01046336442232132 -0.06070000305771828 -0.030029285699129105 0.01612073741853237 -0.06070000305771828 -0.027410980314016342 0.021158598363399506 -0.06070000305771828 -0.02373928762972355 0.025383347645401955 -0.06070000305771828 -0.019155306741595268 0.028632627800107002 -0.06070000305771828 -0.013835196383297443 0.030781572684645653 -0.06070000305771828 -0.007983408868312836 0.03174759820103645 -0.06070000305771828 -0.0018248227424919605 0.03149358183145523 -0.06070000305771828 0.004403890110552311 0.030029285699129105 -0.06070000305771828 0.01046336442232132 0.027410980314016342 -0.06070000305771828 0.01612073741853237 0.02373928762972355 -0.06070000305771828 0.021158598363399506 0.019155306741595268 -0.06070000305771828 0.025383347645401955 0.013835196383297443 -0.06070000305771828 0.028632627800107002 1.9567680809018384E-14 0.011702165938913822 -2.0065124624215995E-14 0.014691691845655441 0.011731544509530067 -0.017742188647389412 0.010204045102000237 0.011731544509530067 -0.020652083680033684 0.018387306481599808 0.011731544509530067 -0.0138758085668087 -0.00014997003017924726 0.011731544509530067 -0.023034943267703056 -0.005458150990307331 0.011731544509530067 -0.022379446774721146 0.005166295450180769 0.011731544509530067 -0.022448617964982986 -0.014921460300683975 0.011731544509530067 -0.017549391835927963 -0.018566418439149857 0.011731544509530067 -0.013635220006108284 -0.010472082532942295 0.011731544509530067 -0.020517470315098763 -0.02271103300154209 0.011731544509530067 -0.003852283349260688 -0.022987252101302147 0.011731544509530067 0.0014890794409438968 -0.021210456266999245 0.011731544509530067 -0.008985970169305801 -0.019873859360814095 0.011731544509530067 0.01164734922349453 -0.016652094200253487 0.011731544509530067 0.015916621312499046 -0.02202422171831131 0.011731544509530067 0.006750165950506926 -0.007737488951534033 0.011731544509530067 0.021697059273719788 -0.0025252385530620813 0.011731544509530067 0.022896599024534225 -0.012532609514892101 0.011731544509530067 0.01932782307267189 0.008019340224564075 0.011731544509530067 0.021594472229480743 0.012783206067979336 0.011731544509530067 0.01916300505399704 0.002823149785399437 0.011731544509530067 0.022861778736114502 0.020023830235004425 0.011731544509530067 0.011387593112885952 0.022110246121883392 0.011731544509530067 0.006462826393544674 0.016857925802469254 0.011731544509530067 0.015698453411459923 0.022658947855234146 0.011731544509530067 -0.004147667903453112 0.021091654896736145 0.011731544509530067 -0.009261379018425941 0.023004692047834396 0.011731544509530067 0.001189646776765585 0.014691691845655441 0.005499999970197678 -0.017742188647389412 0.010204045102000237 0.005499999970197678 -0.020652083680033684 0.005166295450180769 0.005499999970197678 -0.022448617964982986 -0.00014997003017924726 0.005499999970197678 -0.023034943267703056 -0.005458150990307331 0.005499999970197678 -0.022379446774721146 -0.010472082532942295 0.005499999970197678 -0.020517470315098763 -0.014921460300683975 0.005499999970197678 -0.017549391835927963 -0.018566418439149857 0.005499999970197678 -0.013635220006108284 -0.021210456266999245 0.005499999970197678 -0.008985970169305801 -0.02271103300154209 0.005499999970197678 -0.003852283349260688 -0.022987252101302147 0.005499999970197678 0.0014890794409438968 -0.02202422171831131 0.005499999970197678 0.006750165950506926 -0.019873859360814095 0.005499999970197678 0.01164734922349453 -0.016652094200253487 0.005499999970197678 0.015916621312499046 -0.012532609514892101 0.005499999970197678 0.01932782307267189 -0.007737488951534033 0.005499999970197678 0.021697059273719788 -0.0025252385530620813 0.005499999970197678 0.022896599024534225 0.002823149785399437 0.005499999970197678 0.022861778736114502 0.008019340224564075 0.005499999970197678 0.021594472229480743 0.012783206067979336 0.005499999970197678 0.01916300505399704 0.016857925802469254 0.005499999970197678 0.015698453411459923 0.020023830235004425 0.005499999970197678 0.011387593112885952 0.022110246121883392 0.005499999970197678 0.006462826393544674 0.023004692047834396 0.005499999970197678 0.001189646776765585 0.022658947855234146 0.005499999970197678 -0.004147667903453112 0.021091654896736145 0.005499999970197678 -0.009261379018425941 0.018387306481599808 0.005499999970197678 -0.0138758085668087 -0.03726005181670189 0.005499999970197678 0.00746247498318553 -0.03532879054546356 0.005499999970197678 0.013995588757097721 -0.032262034714221954 0.005499999970197678 0.02007887326180935 -0.02815834991633892 0.005499999970197678 0.025516806170344353 0.036441121250391006 0.005499999970197678 -0.010772396810352802 0.03393201157450676 0.005499999970197678 -0.01710609346628189 0.030332300812005997 0.005499999970197678 -0.022889986634254456 0.031142868101596832 0.005499999970197678 0.02177433669567108 0.03453034535050392 0.005499999970197678 0.01586364023387432 0.036807991564273834 0.005499999970197678 0.009443074464797974 0.0379025973379612 0.005499999970197678 0.0027189990505576134 0.03777898848056793 0.005499999970197678 -0.004092467483133078 -0.03296933323144913 0.005499999970197678 -0.01889505609869957 -0.0358133427798748 0.005499999970197678 -0.012704502791166306 -0.037506286054849625 0.005499999970197678 -0.006105614826083183 -0.037993744015693665 0.005499999970197678 0.0006895086844451725 -0.012396475300192833 0.005499999970197678 -0.0359211266040802 -0.018611224368214607 0.005499999970197678 -0.03313038498163223 -0.024227792397141457 0.005499999970197678 -0.029274802654981613 -0.029065659269690514 0.005499999970197678 -0.024478305131196976 0.02575768157839775 0.005499999970197678 -0.027938175946474075 0.020355192944407463 0.005499999970197678 -0.03208841010928154 0.014298469759523869 0.005499999970197678 -0.035207297652959824 0.00778218125924468 0.005499999970197678 -0.037194591015577316 0.0010157669894397259 0.005499999970197678 -0.03798642009496689 -0.005783293396234512 0.005499999970197678 -0.03755733370780945 0.009126625955104828 0.005499999970197678 0.03688773140311241 0.015566514804959297 0.005499999970197678 0.0346653088927269 0.021506084129214287 0.005499999970197678 0.0313287116587162 0.026754431426525116 0.005499999970197678 0.02698518894612789 -0.023149631917476654 0.005499999970197678 0.03013460710644722 -0.017396867275238037 0.005499999970197678 0.03378386050462723 -0.011084948666393757 0.005499999970197678 0.036347270011901855 -0.004416756331920624 0.005499999970197678 0.03774244710803032 0.0023933988995850086 0.005499999970197678 0.03792455047369003 0.02575768157839775 -0.0215000007301569 -0.027938175946474075 0.020355192944407463 -0.0215000007301569 -0.03208841010928154 0.014298469759523869 -0.0215000007301569 -0.035207297652959824 0.00778218125924468 -0.0215000007301569 -0.037194591015577316 0.0010157669894397259 -0.0215000007301569 -0.03798642009496689 -0.005783293396234512 -0.0215000007301569 -0.03755733370780945 -0.012396475300192833 -0.0215000007301569 -0.0359211266040802 -0.018611224368214607 -0.0215000007301569 -0.03313038498163223 -0.024227792397141457 -0.0215000007301569 -0.029274802654981613 -0.029065659269690514 -0.0215000007301569 -0.024478305131196976 -0.03296933323144913 -0.0215000007301569 -0.01889505609869957 -0.0358133427798748 -0.0215000007301569 -0.012704502791166306 -0.037506286054849625 -0.0215000007301569 -0.006105614826083183 -0.037993744015693665 -0.0215000007301569 0.0006895086844451725 -0.03726005181670189 -0.0215000007301569 0.00746247498318553 -0.03532879054546356 -0.0215000007301569 0.013995588757097721 -0.032262034714221954 -0.0215000007301569 0.02007887326180935 -0.02815834991633892 -0.0215000007301569 0.025516806170344353 -0.023149631917476654 -0.0215000007301569 0.03013460710644722 -0.017396867275238037 -0.0215000007301569 0.03378386050462723 -0.011084948666393757 -0.0215000007301569 0.036347270011901855 -0.004416756331920624 -0.0215000007301569 0.03774244710803032 0.0023933988995850086 -0.0215000007301569 0.03792455047369003 0.009126625955104828 -0.0215000007301569 0.03688773140311241 0.015566514804959297 -0.0215000007301569 0.0346653088927269 0.021506084129214287 -0.0215000007301569 0.0313287116587162 0.026754431426525116 -0.0215000007301569 0.02698518894612789 0.031142868101596832 -0.0215000007301569 0.02177433669567108 0.03453034535050392 -0.0215000007301569 0.01586364023387432 0.036807991564273834 -0.0215000007301569 0.009443074464797974 0.0379025973379612 -0.0215000007301569 0.0027189990505576134 0.03777898848056793 -0.0215000007301569 -0.004092467483133078 0.036441121250391006 -0.0215000007301569 -0.010772396810352802 0.03393201157450676 -0.0215000007301569 -0.01710609346628189 0.030332300812005997 -0.0215000007301569 -0.022889986634254456 -0.0018248227424919605 -0.0215000007301569 -0.03174759820103645 0.004403890110552311 -0.0215000007301569 -0.03149358183145523 0.01046336442232132 -0.0215000007301569 -0.030029285699129105 0.01612073741853237 -0.0215000007301569 -0.027410980314016342 0.021158598363399506 -0.0215000007301569 -0.02373928762972355 0.025383347645401955 -0.0215000007301569 -0.019155306741595268 0.028632627800107002 -0.0215000007301569 -0.013835196383297443 0.030781572684645653 -0.0215000007301569 -0.007983408868312836 0.03174759820103645 -0.0215000007301569 -0.0018248227424919605 0.03149358183145523 -0.0215000007301569 0.004403890110552311 0.030029285699129105 -0.0215000007301569 0.01046336442232132 -0.025383347645401955 -0.0215000007301569 0.019155306741595268 -0.028632627800107002 -0.0215000007301569 0.013835196383297443 -0.030781572684645653 -0.0215000007301569 0.007983408868312836 -0.03174759820103645 -0.0215000007301569 0.0018248227424919605 -0.03149358183145523 -0.0215000007301569 -0.004403890110552311 -0.030029285699129105 -0.0215000007301569 -0.01046336442232132 -0.027410980314016342 -0.0215000007301569 -0.01612073741853237 -0.02373928762972355 -0.0215000007301569 -0.021158598363399506 -0.019155306741595268 -0.0215000007301569 -0.025383347645401955 -0.013835196383297443 -0.0215000007301569 -0.028632627800107002 -0.007983408868312836 -0.0215000007301569 -0.030781572684645653 0.027410980314016342 -0.0215000007301569 0.01612073741853237 0.02373928762972355 -0.0215000007301569 0.021158598363399506 0.019155306741595268 -0.0215000007301569 0.025383347645401955 0.013835196383297443 -0.0215000007301569 0.028632627800107002 0.007983408868312836 -0.0215000007301569 0.030781572684645653 0.0018248227424919605 -0.0215000007301569 0.03174759820103645 -0.004403890110552311 -0.0215000007301569 0.03149358183145523 -0.01046336442232132 -0.0215000007301569 0.030029285699129105 -0.01612073741853237 -0.0215000007301569 0.027410980314016342 -0.021158598363399506 -0.0215000007301569 0.02373928762972355 </float_array>
          <technique_common>
            <accessor source="#mesh_1-position-array" count="2783" stride="3">
              <param name="X" type="float" />
              <param name="Y" type="float" />
              <param name="Z" type="float" />
            </accessor>
          </technique_common>
        </source>
        <source id="mesh_1-normal" name="normal">
          <float_array id="mesh_1-normal-array" count="9195">-7.852008275222033E-05 0.7019537091255188 0.7122225761413574 -2.3820437490940094E-05 -0.696378231048584 -0.717674970626831 -0.05065791681408882 -0.6079798340797424 0.7923347353935242 -0.234872967004776 -0.6201621294021606 0.7484875917434692 -1.7408070585098896E-17 -0.5404287576675415 0.8413897752761841 -0.08193325996398926 -0.8217636346817017 0.5639073252677917 -1.6157664666494337E-17 -0.7436288595199585 0.668592631816864 -1.6560415598023956E-17 -0.7000458836555481 0.7140978574752808 0.0006304988055489957 -0.6970527172088623 0.7170196175575256 -0.002189735183492303 -0.6639708280563354 0.7477552890777588 -7.369681915504179E-19 -0.9238795638084412 -0.38268330693244934 -5.255563572978647E-18 -0.9914448261260986 -0.1305263340473175 5.606367611670773E-16 -0.9914448261260986 -0.1305263340473175 -5.704124742904576E-16 -0.9914448261260986 0.1305263340473175 -9.416010325289153E-18 -0.9914448261260986 0.1305263340473175 -1.2934763859195828E-17 -0.9238795638084412 0.38268330693244934 -1.557203899078027E-17 -0.7933533191680908 0.6087614297866821 2.999281059601344E-05 -0.7201685905456543 -0.6937991380691528 -0.011390785686671734 -0.755550742149353 -0.654991090297699 -0.04890311509370804 -0.7924041152000427 -0.6080330610275269 2.916605339047167E-18 -0.8245358467102051 -0.5658096671104431 -0.0025102635845541954 -0.6633986830711365 -0.7482619285583496 0.0012806388549506664 -0.7022176384925842 -0.7119612097740173 -0.03505824878811836 -0.6376175284385681 -0.7695549130439758 -0.16482672095298767 -0.6004351377487183 -0.782502293586731 9.41071223346575E-18 -0.5404287576675415 -0.8413897752761841 1.048911338831542E-17 -0.47630009055137634 -0.8792827725410461 1.404367060785584E-17 -0.20855098962783813 -0.9780114889144897 1.3330460594461595E-17 -0.27143728733062744 -0.9624561071395874 -0.02193502150475979 -0.3092847168445587 -0.950716495513916 -0.093320831656456 -0.35497862100601196 -0.9302050471305847 -0.1581859588623047 -0.3778650760650635 -0.912247359752655 -0.16499406099319458 -0.3748900592327118 -0.9122688174247742 -0.057184893637895584 -0.4311605393886566 -0.9004612565040588 -0.27444764971733093 -0.07607340812683105 -0.958588182926178 1.8541195461558788E-15 -0.1305263340473175 -0.9914448261260986 -1.0983050592990517E-15 0.07911111414432526 -0.9968658089637756 -0.17045113444328308 0.12861622869968414 -0.9769361615180969 1.7129845077344235E-17 0.20855098962783813 -0.9780114889144897 -0.08532729744911194 0.3498334586620331 -0.9329178929328918 -0.022306930273771286 0.30992162227630615 -0.9505003690719604 1.734723806849052E-17 0.27143728733062744 -0.9624561071395874 1.7537486300655267E-17 0.47630009055137634 -0.8792827725410461 -0.057184893637895584 0.4311605393886566 -0.9004612565040588 -0.15978971123695374 0.3777662217617035 -0.9120087027549744 -0.15454064309597015 0.3766222894191742 -0.9133853912353516 -0.10400458425283432 0.3588598966598511 -0.9275789260864258 1.6628692740145308E-17 0.691554605960846 -0.7223241925239563 -0.09976282715797424 0.6057244539260864 -0.7893955111503601 -0.1873575747013092 0.6131724119186401 -0.767409086227417 1.7421960601944886E-17 0.535415768623352 -0.8445886373519897 -0.032890886068344116 0.7929241061210632 -0.6084320545196533 -0.06650471687316895 0.8083269596099854 -0.5849654674530029 -0.01856987178325653 0.7688221335411072 -0.6391929984092712 -0.0005307061364874244 0.7301849722862244 -0.6832493543624878 -5.365672041079961E-05 0.7080509662628174 -0.7061613202095032 -8.711657574167475E-05 0.6911516785621643 -0.7227097749710083 -0.020229505375027657 0.9286081790924072 -0.37050995230674744 -4.032853394164704E-05 0.8726083040237427 -0.48842066526412964 -4.883842484559864E-05 0.8523246049880981 -0.5230131149291992 1.2934763859195828E-17 0.9238795638084412 -0.38268330693244934 9.416010325289153E-18 0.9914448261260986 -0.1305263340473175 -2.5952260668897984E-17 0.9914448261260986 -0.1305263340473175 4.320524150658809E-17 0.9914448261260986 0.1305263340473175 5.255563572978647E-18 0.9914448261260986 0.1305263340473175 9.661619481105388E-19 0.928798258304596 0.3705857992172241 -0.018221866339445114 0.9237262010574341 0.3826197683811188 -3.630964056355879E-05 0.8725956678390503 0.4884432852268219 1.5969209243849036E-06 0.7213752269744873 0.6925444006919861 -0.009896304458379745 0.7558705806732178 0.6546462774276733 -0.043768130242824554 0.7925930619239807 0.6081780791282654 -0.036370206624269485 0.7983977794647217 0.6010308861732483 -5.631416570395231E-05 0.8467556238174438 0.5319820642471313 -6.506687484354902E-18 0.6866000890731812 0.7270352840423584 -0.0008854087209329009 0.6908591985702515 0.7229887843132019 -0.08199486881494522 0.622124433517456 0.7786129117012024 -0.15462753176689148 0.6014397740364075 0.7838115692138672 -9.498784634826109E-18 0.535415768623352 0.8445886373519897 -1.048911338831542E-17 0.47630009055137634 0.8792827725410461 -1.404367060785584E-17 0.20855098962783813 0.9780114889144897 -1.3330460594461595E-17 0.27143728733062744 0.9624561071395874 -0.02193502150475979 0.3092847168445587 0.950716495513916 -0.093320831656456 0.35497862100601196 0.9302050471305847 -0.1581859588623047 0.3778650760650635 0.912247359752655 -0.16499406099319458 0.3748900592327118 0.9122688174247742 -0.057184893637895584 0.4311605393886566 0.9004612565040588 -0.27444764971733093 0.07607340812683105 0.958588182926178 2.437544193521616E-15 0.1305263340473175 0.9914448261260986 -1.5028428068309036E-15 -0.07911111414432526 0.9968658089637756 -0.17045113444328308 -0.12861622869968414 0.9769361615180969 -1.7129845077344235E-17 -0.20855098962783813 0.9780114889144897 -0.08532729744911194 -0.3498334586620331 0.9329178929328918 -0.022306930273771286 -0.30992162227630615 0.9505003690719604 -1.734723806849052E-17 -0.27143728733062744 0.9624561071395874 -1.7537486300655267E-17 -0.47630009055137634 0.8792827725410461 -0.057184893637895584 -0.4311605393886566 0.9004612565040588 -0.15978971123695374 -0.3777662217617035 0.9120087027549744 -0.15454064309597015 -0.3766222894191742 0.9133853912353516 -0.10400458425283432 -0.3588598966598511 0.9275789260864258 -1 5.752311256133791E-17 -5.0470487113468925E-18 -1.1271809881886572E-17 -0.9659259915351868 0.2588183879852295 -1.6501244060085587E-17 -0.7071065306663513 0.7071070671081543 -1.7309172871062056E-17 -0.2588193416595459 0.9659257531166077 -1.3479118185427174E-17 0.2588193416595459 0.9659257531166077 -6.037346445563233E-18 0.7071070671081543 0.7071065306663513 3.022115328105603E-18 0.9659257531166077 0.2588193416595459 1.1271823116776372E-17 0.9659257531166077 -0.2588193416595459 1.6501240751363137E-17 0.7071070671081543 -0.7071065306663513 1.7309172871062056E-17 0.2588193416595459 -0.9659257531166077 1.3479118185427174E-17 -0.2588193416595459 -0.9659257531166077 6.037358439682115E-18 -0.7071065306663513 -0.7071070671081543 -3.0221324921033134E-18 -0.9659259915351868 -0.2588183879852295 -0.21245256066322327 0.36644604802131653 0.9058593511581421 -0.5374144315719604 0.3084045648574829 0.7849027514457703 -0.7806828618049622 0.2777741253376007 0.5597997307777405 -0.8372114300727844 0.145278200507164 0.5272297859191895 -0.9003965854644775 0.12317463755607605 0.41726964712142944 -0.9381248950958252 1.1163391318999246E-16 0.3462970554828644 -0.9489481449127197 0.14836972951889038 0.2783591151237488 -0.980538547039032 8.90985950108469E-17 0.19632668793201447 -0.7822547554969788 0.13743484020233154 0.6076093912124634 -0.76882004737854 0.13190357387065887 0.6257133483886719 -0.6767470836639404 0.2464533895254135 0.6937392354011536 -0.5640506744384766 0.2613586187362671 0.783286988735199 -0.5070464015007019 0.31064683198928833 0.8039916157722473 -0.17573878169059753 0.42235884070396423 0.8892293572425842 -0.1780700832605362 0.42057621479034424 0.8896104097366333 -0.17573101818561554 0.42084309458732605 -0.8899492621421814 -0.8839114308357239 -2.703475884932163E-17 -0.46765437722206116 -0.5056427121162415 0.26915574073791504 -0.8196832537651062 -0.9817448258399963 0.1450752317905426 -0.12300533056259155 -0.770074725151062 0.1406380981206894 -0.6222586631774902 -0.21245256066322327 0.36644604802131653 -0.9058593511581421 -0.17712828516960144 0.42201629281044006 -0.8891163468360901 -0.5466167330741882 0.2925633490085602 -0.7846125364303589 -0.5374144315719604 0.3084045648574829 -0.7849027514457703 -0.8420608639717102 0.26096630096435547 -0.472048819065094 -0.9381248950958252 -3.706177357869859E-18 -0.3462970554828644 -0.9486353397369385 0.11193473637104034 -0.2959081828594208 -0.769756019115448 0.1383742094039917 -0.6231598854064941 -0.7792141437530518 0.11689852178096771 -0.6157597303390503 -0.6795730590820312 0.24332688748836517 -0.6920783519744873 -1.1271823116776372E-17 -0.9659257531166077 0.2588193416595459 -1.6501240751363137E-17 -0.7071070671081543 0.7071065306663513 -6.037358439682115E-18 0.7071065306663513 0.7071070671081543 3.0221324921033134E-18 0.9659259915351868 0.2588183879852295 1.1271809881886572E-17 0.9659259915351868 -0.2588183879852295 1.6501244060085587E-17 0.7071065306663513 -0.7071070671081543 6.037346445563233E-18 -0.7071070671081543 -0.7071065306663513 -3.022115328105603E-18 -0.9659257531166077 -0.2588193416595459 1 -5.752311256133791E-17 5.0470487113468925E-18 -0.17573101818561554 -0.42084309458732605 0.8899492621421814 -0.8839114308357239 1.2872543664391834E-16 0.46765437722206116 -0.5036464333534241 -0.2680170238018036 0.8212838768959045 -0.9817448258399963 -0.1450752317905426 0.12300533056259155 -0.770074725151062 -0.1406380981206894 0.6222586631774902 -0.21245256066322327 -0.36644604802131653 0.9058593511581421 -0.17712828516960144 -0.42201629281044006 0.8891163468360901 -0.5466167330741882 -0.2925633490085602 0.7846125364303589 -0.5374144315719604 -0.3084045648574829 0.7849027514457703 -0.8420608639717102 -0.26096630096435547 0.472048819065094 -0.9486353397369385 -0.11193473637104034 0.2959081828594208 -0.769756019115448 -0.1383742094039917 0.6231598854064941 -0.7792141437530518 -0.11689852178096771 0.6157597303390503 -0.6781567335128784 -0.24489642679691315 0.6929135918617249 -0.17578274011611938 -0.2672107517719269 0.9474697113037109 -0.8417022824287415 0.11950752139091492 0.52655029296875 -0.9843625426292419 0.03898882865905762 0.17178550362586975 -0.9843624830245972 0.03898908570408821 0.17178595066070557 -0.9843307137489319 0.013949811458587646 0.17577961087226868 -0.9843307137489319 0.013949822634458542 0.1757795363664627 -0.9843307137489319 -0.013949805870652199 0.1757795363664627 -0.9843307137489319 -0.01394982822239399 0.17577961087226868 -0.13635312020778656 -0.20660318434238434 0.9688771367073059 -0.1755690723657608 0.2053115963935852 0.9628201723098755 -0.17526273429393768 0.07788661122322083 0.981436014175415 -0.175263449549675 0.07788679748773575 0.9814358949661255 -0.17526346445083618 -0.07788659632205963 0.9814358949661255 -0.17526273429393768 -0.07788680493831635 0.981436014175415 -0.1754392385482788 -0.21790018677711487 0.9600732326507568 -0.5383341908454895 -0.18652428686618805 0.8218302726745605 -0.17578274011611938 0.2672107517719269 0.9474697113037109 -0.1444271355867386 0.21901242434978485 0.9649737477302551 -0.5383359789848328 0.18652403354644775 0.8218291401863098 -0.5379390120506287 0.06668955087661743 0.8403416872024536 -0.5379377603530884 0.0666891485452652 0.8403425216674805 -0.5379377603530884 -0.0666896179318428 0.8403424620628357 -0.5379389524459839 -0.06668908149003983 0.8403417468070984 -0.538335919380188 -0.18652485311031342 0.8218289613723755 -0.8417022824287415 -0.11950748413801193 0.52655029296875 -0.9843625426292419 -0.03898882865905762 0.17178550362586975 -0.9843624830245972 -0.03898908570408821 0.17178595066070557 -0.8417023420333862 -0.11950749903917313 0.5265501737594604 -0.8414474129676819 -0.04274672642350197 0.5386455059051514 -0.8414475917816162 -0.04274660721421242 0.5386452674865723 -0.8414475917816162 0.042746707797050476 0.5386452674865723 -0.8414474129676819 0.04274662956595421 0.5386455059051514 -0.8417023420333862 0.11950746178627014 0.5265501737594604 -0.5383341908454895 0.1865251064300537 0.8218300938606262 -0.21245256066322327 -0.36644604802131653 -0.9058593511581421 -0.5374144315719604 -0.3084045648574829 -0.7849027514457703 -0.7806828618049622 -0.2777741253376007 -0.5597997307777405 -0.8372114300727844 -0.145278200507164 -0.5272297859191895 -0.9003965854644775 -0.12317463755607605 -0.41726964712142944 -0.9489481449127197 -0.14836972951889038 -0.2783591151237488 -0.980538547039032 2.3708668914968355E-17 -0.19632668793201447 -0.7822547554969788 -0.13743484020233154 -0.6076093912124634 -0.76882004737854 -0.13190357387065887 -0.6257133483886719 -0.6781567335128784 -0.24489642679691315 -0.6929135918617249 -0.5638043284416199 -0.26181119680404663 -0.7833132147789001 -0.5087794661521912 -0.30988025665283203 -0.8031921982765198 -0.17573878169059753 -0.42235884070396423 -0.8892293572425842 -0.1780700832605362 -0.42057621479034424 -0.8896104097366333 -0.17578274011611938 0.2672107517719269 -0.9474697113037109 -0.8417022824287415 -0.11950752139091492 -0.52655029296875 -0.9843625426292419 -0.03898882865905762 -0.17178550362586975 -0.9843624830245972 -0.03898908570408821 -0.17178595066070557 -0.9843307137489319 -0.013949811458587646 -0.17577961087226868 -0.9843307137489319 -0.013949822634458542 -0.1757795363664627 -0.9843307137489319 0.013949805870652199 -0.1757795363664627 -0.9843307137489319 0.01394982822239399 -0.17577961087226868 -0.13635312020778656 0.20660318434238434 -0.9688771367073059 -0.1755690723657608 -0.2053115963935852 -0.9628201723098755 -0.17526273429393768 -0.07788661122322083 -0.981436014175415 -0.175263449549675 -0.07788679748773575 -0.9814358949661255 -0.17526346445083618 0.07788659632205963 -0.9814358949661255 -0.17526273429393768 0.07788680493831635 -0.981436014175415 -0.1754392385482788 0.21790018677711487 -0.9600732326507568 -0.5383341908454895 0.18652428686618805 -0.8218302726745605 -0.17578274011611938 -0.2672107517719269 -0.9474697113037109 -0.1444271355867386 -0.21901242434978485 -0.9649737477302551 -0.5383359789848328 -0.18652403354644775 -0.8218291401863098 -0.5379390120506287 -0.06668955087661743 -0.8403416872024536 -0.5379377603530884 -0.0666891485452652 -0.8403425216674805 -0.5379377603530884 0.0666896179318428 -0.8403424620628357 -0.5379389524459839 0.06668908149003983 -0.8403417468070984 -0.538335919380188 0.18652485311031342 -0.8218289613723755 -0.8417022824287415 0.11950748413801193 -0.52655029296875 -0.9843625426292419 0.03898882865905762 -0.17178550362586975 -0.9843624830245972 0.03898908570408821 -0.17178595066070557 -0.8417023420333862 0.11950749903917313 -0.5265501737594604 -0.8414474129676819 0.04274672642350197 -0.5386455059051514 -0.8414475917816162 0.04274660721421242 -0.5386452674865723 -0.8414475917816162 -0.042746707797050476 -0.5386452674865723 -0.8414474129676819 -0.04274662956595421 -0.5386455059051514 -0.8417023420333862 -0.11950746178627014 -0.5265501737594604 -0.5383341908454895 -0.1865251064300537 -0.8218300938606262 -1.1271819808053922E-17 -0.9659258127212524 0.2588191032409668 -1.6501239097001912E-17 -0.7071071267127991 0.7071064710617065 -1.7309169562339606E-17 -0.2588183581829071 0.9659259915351868 -1.347912976595575E-17 0.2588183581829071 0.9659259915351868 -6.037344791202008E-18 0.7071071267127991 0.7071064710617065 3.022119670803819E-18 0.9659258127212524 0.2588191032409668 1.1271819808053922E-17 0.9659258127212524 -0.2588191032409668 1.6501244060085587E-17 0.7071065902709961 -0.7071069478988647 1.730917121670083E-17 0.2588193118572235 -0.9659257531166077 1.3479119012607787E-17 -0.2588193118572235 -0.9659257531166077 6.03735678532089E-18 -0.7071065902709961 -0.7071069478988647 -3.022119670803819E-18 -0.9659258127212524 -0.2588191032409668 -1.6501244060085587E-17 -0.7071065902709961 0.7071069478988647 -1.730917121670083E-17 -0.2588193118572235 0.9659257531166077 -1.3479119012607787E-17 0.2588193118572235 0.9659257531166077 -6.03735678532089E-18 0.7071065902709961 0.7071069478988647 1.6501239097001912E-17 0.7071071267127991 -0.7071064710617065 1.7309169562339606E-17 0.2588183581829071 -0.9659259915351868 1.347912976595575E-17 -0.2588183581829071 -0.9659259915351868 6.037344791202008E-18 -0.7071071267127991 -0.7071064710617065 -0.1367083638906479 0.5102023482322693 0.8491197824478149 0.13670824468135834 0.5102023482322693 0.8491197824478149 -0.5102024674415588 -0.1367083489894867 0.8491197228431702 -0.5102024674415588 0.1367083489894867 0.8491197228431702 -0.3734941780567169 0.3734939992427826 0.8491197228431702 -0.1367083638906479 -0.5102023482322693 0.8491197824478149 0.13670824468135834 -0.5102023482322693 0.8491197824478149 -0.3734941780567169 -0.3734939992427826 0.8491197228431702 0.40390968322753906 -0.3212431073188782 0.8565394282341003 0.514958381652832 -0.03384574130177498 0.8565467596054077 0.44488656520843506 0.2604430913925171 0.8568811416625977 0.2887721061706543 0.4276001453399658 0.8566030263900757 0.38289982080459595 0.3519819676876068 0.8541056513786316 0.5100942850112915 0.12730702757835388 0.8506448864936829 0.4911695122718811 -0.18680943548679352 0.8507965207099915 0.34980300068855286 -0.3796785771846771 0.8564356565475464 0.2887721061706543 -0.4276001453399658 0.8566030263900757 7.39908756589498E-18 1 1.6653345369377348E-16 -0.5038952827453613 0.2840058207511902 0.8157390356063843 -0.15685173869132996 0.31833162903785706 0.9349130988121033 -0.6769111156463623 0.2481166124343872 0.6929859519004822 -0.6900115013122559 0.25564515590667725 0.6771482229232788 -0.7876546382904053 0.18320375680923462 0.5882486701011658 -0.8747400045394897 0.1513386368751526 0.4603548049926758 -0.8979660868644714 0.0942893698811531 0.42984461784362793 -0.5349546074867249 0.35654938220977783 0.7659609317779541 -0.840936541557312 0.10003414005041122 0.5318072438240051 -0.7485924363136292 0.4436708688735962 0.4927123785018921 -0.9719379544258118 -0.10294771194458008 0.2115144431591034 -0.916327714920044 0.35075151920318604 0.19317589700222015 -0.17550840973854065 0.33407914638519287 0.9260604381561279 -0.5134456157684326 0.29146575927734375 0.8071067333221436 -0.4520235061645508 0.3982616066932678 0.7981619238853455 -0.7867863178253174 0.22276055812835693 0.5756257176399231 -0.7088615894317627 0.40602031350135803 0.576769232749939 -0.9553484916687012 0.09838863462209702 0.2786197066307068 -0.8622137308120728 0.40779271721839905 0.3004871904850006 -0.9122530817985535 0.25041720271110535 0.32416898012161255 -0.8751476407051086 0.21171221137046814 0.435079962015152 -0.7238512635231018 0.3236209452152252 0.6093511581420898 -0.6892383694648743 0.28474482893943787 0.6662363409996033 -0.4571339190006256 0.3651866018772125 0.8109669089317322 -0.4400264024734497 0.34364378452301025 0.8296298384666443 -0.15767404437065125 0.30934521555900574 0.9377869963645935 -0.21043576300144196 0.35114502906799316 0.9123672246932983 -0.8158822655677795 0.5763168334960938 0.04685075208544731 -0.8370833396911621 0.37914329767227173 0.3943879306316376 -0.8384944796562195 0.4215767979621887 0.34525352716445923 -0.8281474113464355 0.3324180543422699 0.4512982964515686 -0.7776899933815002 0.19318895041942596 0.5982276201248169 -0.7970108985900879 0.24270126223564148 0.5530548691749573 -0.7009510397911072 0.06074988842010498 0.7106174230575562 -0.7216537594795227 0.09871891140937805 0.6851791143417358 -0.6085993051528931 0.7018674612045288 -0.37012016773223877 -0.6275806427001953 0.6969593167304993 -0.3469730317592621 -0.7091600894927979 0.6734822988510132 -0.2085990458726883 -0.7499366402626038 0.6482498645782471 -0.13178421556949615 -0.8251751065254211 0.5482433438301086 0.13607080280780792 -0.8416405916213989 0.2766532599925995 0.46379318833351135 -0.9843547940254211 0.09026332199573517 0.15132123231887817 -0.984510600566864 0.089601531624794 0.15069986879825592 -0.5382391214370728 0.4317493140697479 0.7238032221794128 -0.17539647221565247 0.5043429732322693 0.8455023765563965 -0.08873225003480911 0.5333037972450256 0.8412571549415588 -0.17573295533657074 0.4688878357410431 0.8655992746353149 -0.22896873950958252 0.6076430082321167 0.7604888677597046 -0.17565615475177765 0.5934334993362427 0.7854817509651184 -0.538573682308197 0.517082154750824 0.6652551889419556 -0.5382388830184937 0.43174952268600464 0.7238033413887024 -0.8416407108306885 0.27665308117866516 0.4637930393218994 -0.9842811822891235 0.10730353742837906 0.14027315378189087 -0.8720093965530396 0.2789704501628876 0.4022127389907837 -0.841252863407135 0.34621956944465637 0.41524165868759155 -0.7297916412353516 0.40184569358825684 0.5531041622161865 -0.5452279448509216 0.5112631320953369 0.6643316149711609 -4.013117613408686E-18 0.7868665456771851 0.6171231865882874 0.002483041025698185 0.7975974678993225 0.6031849980354309 -5.820202932227403E-05 0.8851170539855957 0.465368390083313 0.000504643248859793 0.9557438492774963 0.2941996455192566 0.0005317099275998771 0.9557040333747864 0.2943289875984192 -0.00024025751918088645 0.9979763031005859 0.0635860413312912 6.310563788299192E-18 0.9977361559867859 0.06724981963634491 -0.03129179775714874 0.9987435340881348 0.03914269804954529 -0.1117643192410469 0.9843764305114746 0.13605819642543793 -0.1263982057571411 0.9796266555786133 0.1560610681772232 -0.19740338623523712 0.9490326046943665 0.24570110440254211 -0.33791491389274597 0.8419501781463623 0.42063453793525696 -0.35045766830444336 0.8271583914756775 0.43930450081825256 -0.5322428941726685 0.538590669631958 0.6531750559806824 -0.5477293729782104 0.4921393394470215 0.6766029000282288 -0.5369468927383423 0.17555752396583557 0.8251470327377319 -0.6230087876319885 0.15856172144412994 0.7659753561019897 -0.6217859387397766 0.17555205523967743 0.7632585763931274 -0.5369476079940796 0.17555218935012817 0.8251476883888245 -0.4595494270324707 0.5385964512825012 0.7062069177627563 -0.45954903960227966 0.5385977625846863 0.7062061429023743 -0.29435279965400696 0.8418683409690857 0.4523429274559021 -0.2943519353866577 0.8418694734573364 0.45234134793281555 -0.0960138663649559 0.9843835234642029 0.14754800498485565 -0.09601472318172455 0.984383225440979 0.14754948019981384 -0.7050666213035583 0.7050649523735046 0.07592396438121796 -0.6533015966415405 0.7561360001564026 0.03814960643649101 0.7102158665657043 0.7027612328529358 0.04147312417626381 0.6294839978218079 0.7740510702133179 0.06778497248888016 0.7066829204559326 0.7066830992698669 -0.034615445882081985 0.6758843660354614 0.6962659955024719 -0.24164846539497375 0.675890326499939 0.6962587833404541 -0.24165256321430206 0.4821145534515381 0.6962595582008362 -0.5317782759666443 0.482109397649765 0.696270763874054 -0.5317683219909668 0.17444023489952087 0.6962658762931824 -0.6962646245956421 0.17444027960300446 0.6962684988975525 -0.696262001991272 -0.17444050312042236 0.6962684392929077 -0.696262001991272 -0.1744416505098343 0.6962661147117615 -0.6962640285491943 -0.4821070432662964 0.6962711215019226 -0.5317699909210205 -0.4821164608001709 0.6962599158287048 -0.5317760705947876 -0.6758911609649658 0.696258544921875 -0.24165089428424835 -0.675883948802948 0.6962657570838928 -0.2416502833366394 -0.7066829204559326 0.7066830992698669 -0.034615445882081985 -0.4602173864841461 0.7994211316108704 -0.38616815209388733 -0.4796259105205536 0.7788280248641968 -0.40421026945114136 -0.33238857984542847 0.9012686610221863 -0.27790766954421997 -0.35648980736732483 0.8850666284561157 -0.29928603768348694 -0.1495632529258728 0.9807850122451782 -0.12526600062847137 -0.15193042159080505 0.9801350831985474 -0.12748481333255768 0.714183509349823 0.6998901963233948 0.009780443273484707 0.7141798138618469 0.6998938322067261 0.00978931412100792 0.6516472697257996 0.6962676644325256 -0.30094391107559204 0.6516650915145874 0.6962572336196899 -0.30092930793762207 0.4327927529811859 0.6962620615959167 -0.5726338624954224 0.4327702820301056 0.6962723731994629 -0.5726383328437805 0.14249062538146973 0.6998932957649231 -0.6998898386955261 0.14249669015407562 0.6998909711837769 -0.6998909711837769 -0.22766268253326416 0.9735420942306519 -0.019634325057268143 -0.6730107069015503 0.6820796132087708 -0.286048948764801 -0.671379804611206 0.735802948474884 -0.08856213837862015 -0.6093263030052185 0.7927727699279785 -0.015256968326866627 -0.6180022358894348 0.7365707755088806 0.2748394310474396 -0.7044137120246887 0.1751028150320053 -0.6878519654273987 -0.700801432132721 0.4683869481086731 -0.538043737411499 -0.6843418478965759 0.49868932366371155 -0.5319635272026062 -0.6816418766975403 0.6279393434524536 -0.37557488679885864 -0.6833467483520508 0.6131774187088013 -0.3962962031364441 -0.6587797403335571 0.6663803458213806 -0.34920838475227356 -0.6779076457023621 0.6514113545417786 -0.34074100852012634 -0.36204931139945984 0.8421175479888916 -0.39969775080680847 -0.41360193490982056 0.8313276767730713 0.37125149369239807 -0.36792999505996704 0.923991858959198 0.10424254089593887 -0.3614044189453125 0.9322365522384644 -0.017940958961844444 -0.3442305028438568 0.9384416937828064 -0.02885357476770878 -0.35003626346588135 0.9268945455551147 -0.1354294717311859 0.9891954064369202 0.14059706032276154 -0.041531454771757126 0.9899217486381531 0.1293044239282608 0.05775190889835358 0.9800148606300354 0.19172489643096924 -0.05303240567445755 0.9992587566375732 0.031453851610422134 -0.02219572849571705 0.9950042963027954 0.09983215481042862 2.1647228949367804E-17 0.9959436655044556 0.08995158970355988 0.002223692834377289 0.9926349520683289 0.12001582235097885 0.01649301126599312 0.9956061840057373 0.08720275014638901 -0.0341179333627224 0.9832383394241333 0.17962200939655304 0.031276948750019073 0.9885632991790771 0.14898760616779327 -0.02335124835371971 0.9646491408348083 0.26315319538116455 0.014229517430067062 0.9680097103118896 0.25079345703125 0.007732323370873928 0.9304567575454712 0.36637625098228455 -0.004320986103266478 0.8805508017539978 0.47354409098625183 0.019653620198369026 0.895229160785675 0.44559040665626526 -0.0037398303393274546 0.8292587995529175 0.5588641166687012 0.0008893497288227081 0.7907752394676208 0.6120568513870239 0.007806205190718174 0.7536123991012573 0.657290518283844 -0.006127103231847286 0.7101213335990906 0.7040783762931824 -0.0011635079281404614 0.6307976245880127 0.7759354710578918 0.004295068327337503 0.5887883901596069 0.8082488179206848 -0.00787445344030857 0.44128939509391785 0.8973290324211121 0.00801374576985836 0.43361911177635193 0.9010747075080872 0.006232606712728739 0.3154538869857788 0.9489378333091736 -0.0024200729094445705 0.21646425127983093 0.9762718677520752 0.006036732811480761 0.1273956596851349 0.9918231964111328 -0.007558995392173529 0.05023366957902908 0.9987375140190125 1.6657673178342226E-16 0.9938169717788696 0.11050087958574295 -0.010835789144039154 0.9969108700752258 0.07849898934364319 0.0025683327112346888 0.9965893626213074 0.08251365274190903 0.0010429908288642764 0.9806751012802124 0.19564324617385864 -0.00010050991113530472 0.9721440672874451 0.23438414931297302 0.0001815670693758875 0.9701604247093201 0.24246400594711304 4.2606347960827406E-07 0.9615797996520996 0.27452555298805237 1.3144099284545518E-06 0.9588127732276917 0.28403884172439575 -6.038989158696495E-05 0.9367203116416931 0.3500783443450928 0.0004980141529813409 0.9320287108421326 0.3623843193054199 -0.0002455037320032716 0.8748956322669983 0.48431137204170227 0.00031021397444419563 0.8307548761367798 0.5565958619117737 0.006889231037348509 0.8774413466453552 0.479680597782135 -0.0017807657131925225 0.8314386606216431 0.555616557598114 -7.983391697052866E-05 0.7706393599510193 0.6372713446617126 0.0003882777818944305 0.7543997764587402 0.6564121246337891 -0.0020416260231286287 0.6319006085395813 0.7750465869903564 0.0021094749681651592 0.5891290307044983 0.8080312013626099 -0.0035464453976601362 0.46606650948524475 0.8847464323043823 0.0024035160895437002 0.4335627853870392 0.9011233448982239 -0.0002207291981903836 0.35396966338157654 0.9352568984031677 0.00010754409595392644 0.3154419958591461 0.9489439725875854 -0.0013056043535470963 0.2198953479528427 0.975517988204956 0.003270221408456564 0.12736879289150238 0.9918431639671326 -0.00492758909240365 0.05636250600218773 0.9984103441238403 1.6655318691446655E-16 0.9866421222686768 0.16202087700366974 0.016929104924201965 0.9530702829360962 0.30258241295814514 -0.010043490678071976 0.9365841746330261 0.35044175386428833 0.0008444553823210299 0.8771728873252869 0.48017385601997375 -0.0009024018072523177 0.466119647026062 0.8847216963768005 -8.780223288340494E-05 0.45081520080566406 0.892606258392334 -0.004445516038686037 0.3539724051952362 0.935255765914917 0.0004945530090481043 0.8389995694160461 0.5432113409042358 -0.03164064884185791 0.8672555088996887 0.4978414475917816 -0.0046640196815133095 0.7699600458145142 0.6380812525749207 0.0037232586182653904 0.7589522004127502 0.6511451005935669 -0.0012421400751918554 0.6319500803947449 0.775007426738739 0.0016162920510396361 0.6747088432312012 0.7377992868423462 0.020499054342508316 0.6074318885803223 0.7943717241287231 -2.6438917188897904E-07 0.21980136632919312 0.9755395650863647 -0.0031491625122725964 0.31831878423690796 0.9476462602615356 0.025293057784438133 0.05608266219496727 0.9976298809051514 -0.03986683115363121 0.20023910701274872 0.9796459078788757 0.014078935608267784 0.04743701219558716 0.9988742470741272 1.66585387401352E-16 8.513466941487644E-18 0.9974693059921265 -0.07109810411930084 0.014730135910212994 0.9599854946136475 -0.2796621024608612 -0.04017143324017525 0.9948471784591675 -0.09308765828609467 -0.004136622417718172 0.9624732732772827 -0.27134495973587036 0.004970428068190813 0.8015641570091248 -0.5978881120681763 -0.03875531256198883 0.8856326341629028 -0.46276649832725525 1.5535518966736053E-17 0.7960652112960815 -0.6052108407020569 0.7050666213035583 0.7050649523735046 -0.07592396438121796 0.6533015966415405 0.7561360001564026 -0.03814960643649101 -0.7102158665657043 0.7027612328529358 -0.04147312417626381 -0.6294839978218079 0.7740510702133179 -0.06778497248888016 -0.7066829204559326 0.7066830992698669 0.034615445882081985 -0.6758843660354614 0.6962659955024719 0.24164846539497375 -0.675890326499939 0.6962587833404541 0.24165256321430206 -0.4821145534515381 0.6962595582008362 0.5317782759666443 -0.482109397649765 0.696270763874054 0.5317683219909668 -0.17444108426570892 0.6962659955024719 0.6962642669677734 -0.1744411140680313 0.6962683796882629 0.6962618827819824 0.17443960905075073 0.6962685585021973 0.6962620615959167 0.17444086074829102 0.6962659955024719 0.696264386177063 0.4821070432662964 0.6962711215019226 0.5317699909210205 0.4821164608001709 0.6962599158287048 0.5317760705947876 0.6758911609649658 0.696258544921875 0.24165089428424835 0.675883948802948 0.6962657570838928 0.2416502833366394 0.7066829204559326 0.7066830992698669 0.034615445882081985 -0.09601379930973053 0.9843835234642029 -0.14754806458950043 -0.09601479768753052 0.984383225440979 -0.14754943549633026 -0.2943529188632965 0.8418683409690857 -0.45234283804893494 -0.29435181617736816 0.8418694734573364 -0.4523414373397827 -0.45954951643943787 0.5385964512825012 -0.7062068581581116 -0.4595489501953125 0.538597822189331 -0.706206202507019 -0.5369476079940796 0.17555218935012817 -0.8251476883888245 -0.5369468927383423 0.17555752396583557 -0.8251470327377319 -0.6306644082069397 0.032189998775720596 -0.7753877639770508 -0.6221731305122375 0.17554742097854614 -0.7629441022872925 -0.6109415888786316 0.24190109968185425 -0.7538131475448608 -0.5320888161659241 0.5385953783988953 -0.6532965898513794 -0.5045763254165649 0.5948991775512695 -0.6256977319717407 -0.3399392366409302 0.8418938517570496 -0.419113427400589 -0.3174608051776886 0.8620350956916809 -0.3951127529144287 -0.10987445712089539 0.9843970537185669 -0.13744120299816132 -0.040665850043296814 0.9984105229377747 -0.03902268782258034 -0.13681621849536896 0.9758465886116028 -0.17030782997608185 -0.9840710759162903 0.09705208986997604 -0.14894649386405945 -0.1756507158279419 0.527091383934021 -0.8314574360847473 -0.1754058450460434 0.6145484447479248 -0.7691313028335571 -0.17573295533657074 0.4688878357410431 -0.8655992746353149 -0.12362551689147949 0.5083547234535217 -0.8522278070449829 -0.5382388830184937 0.4317494034767151 -0.7238034009933472 -0.5382391214370728 0.4317494332790375 -0.7238031625747681 -0.9999975562095642 0.001130873803049326 -0.0019020047038793564 -0.9843498468399048 0.09063049405813217 -0.15113405883312225 -0.9840947389602661 0.09100453555583954 -0.15256382524967194 -0.8416407108306885 0.2766531705856323 -0.46379297971725464 -0.8416405916213989 0.2766532003879547 -0.46379321813583374 -0.841252863407135 0.34621956944465637 -0.41524165868759155 -0.8640060424804688 0.29770219326019287 -0.40603816509246826 -0.25009259581565857 0.585477352142334 -0.7711485028266907 -0.4248019754886627 0.5519499778747559 -0.7175614833831787 -0.5382809042930603 0.5255482792854309 -0.6588267087936401 -0.5682553052902222 0.5001785159111023 -0.6533814668655396 -0.7306131720542908 0.40152275562286377 -0.5522534251213074 -0.17564013600349426 0.31987783312797546 -0.9310363531112671 -0.9187746644020081 0.34581708908081055 -0.19043010473251343 -0.8606796860694885 0.31128939986228943 -0.40290120244026184 -0.8883541822433472 0.023899635300040245 -0.45853644609451294 -0.535569429397583 0.3477443754673004 -0.7695708274841309 -0.7949630618095398 0.16437438130378723 -0.5839647054672241 -0.8263607025146484 0.3354176878929138 -0.45235270261764526 -0.9748133420944214 -0.08422886580228806 -0.20650528371334076 -0.8866056203842163 0.1360880434513092 -0.44205260276794434 -0.8826138973236084 0.14460568130016327 -0.44730517268180847 -0.7877122759819031 0.18379957973957062 -0.587985634803772 -0.6956402063369751 0.25535133481025696 -0.6714763045310974 -0.6799226403236389 0.24685566127300262 -0.6904835104942322 -0.5140479207038879 0.3442496955394745 -0.7856506109237671 -0.40946274995803833 0.2962877154350281 -0.8628753423690796 -0.46455028653144836 0.3649166226387024 -0.8068636059761047 -0.6948652267456055 0.28326722979545593 -0.6610007286071777 -0.7296237945556641 0.3224388360977173 -0.603060781955719 -0.9214407801628113 0.16220007836818695 -0.3530411720275879 -0.8755900263786316 0.3809586465358734 -0.29700613021850586 -0.9566832184791565 0.09810944646596909 -0.2741018235683441 -0.7753114104270935 0.35349228978157043 -0.5233883857727051 -0.7369380593299866 0.2600593864917755 -0.6239322423934937 -0.5409640669822693 0.36597105860710144 -0.7572470307350159 -0.4724281430244446 0.30279603600502014 -0.827723503112793 -0.16028372943401337 0.33169448375701904 -0.9296708703041077 -0.16275493800640106 0.312656044960022 -0.9358189105987549 -0.21607355773448944 0.3556291460990906 -0.9093074798583984 -0.20990589261054993 0.3471815884113312 -0.9140046238899231 -0.1367083638906479 -0.5102023482322693 -0.8491197824478149 0.13670824468135834 -0.5102023482322693 -0.8491197824478149 -0.5102024674415588 0.1367083489894867 -0.8491197228431702 -0.5102024674415588 -0.1367083489894867 -0.8491197228431702 -0.3734941780567169 -0.3734939992427826 -0.8491197228431702 -0.1367083638906479 0.5102023482322693 -0.8491197824478149 0.13670824468135834 0.5102023482322693 -0.8491197824478149 -0.3734941780567169 0.3734939992427826 -0.8491197228431702 0.43077701330184937 0.28268176317214966 -0.857042670249939 0.5149802565574646 0.03225577250123024 -0.8565949201583862 0.444814532995224 -0.26049935817718506 -0.8569014668464661 0.2887721061706543 -0.4276001453399658 -0.8566030263900757 0.3832383155822754 -0.3516921401023865 -0.8540732264518738 0.5100880861282349 -0.1276274472475052 -0.8506006002426147 0.4941427707672119 0.17290623486042023 -0.852013111114502 0.37588199973106384 0.3579603135585785 -0.8547380566596985 0.2887721061706543 0.4276001453399658 -0.8566030263900757 -0.7854396104812622 -0.4909406304359436 -0.3769109845161438 -0.8416865468025208 -0.27532872557640076 -0.464497447013855 -0.9843656420707703 -0.08942020684480667 -0.15175090730190277 -0.985558271408081 -0.08416689187288284 -0.14693833887577057 -0.8482427597045898 -0.2740097641944885 -0.4532139003276825 -0.5380764007568359 -0.4360997974872589 -0.7213118076324463 -0.5380762219429016 -0.4360998868942261 -0.7213118672370911 -0.26138603687286377 -0.6158289313316345 -0.7432577610015869 -0.7619125247001648 -0.37612810730934143 -0.5272731184959412 -0.5797035694122314 -0.490897536277771 -0.6503563523292542 -0.5383982062339783 -0.5302097797393799 -0.654984712600708 -0.17578530311584473 -0.5796409845352173 -0.7956857681274414 -0.1753235012292862 -0.509368896484375 -0.8424992561340332 -0.08103363960981369 -0.5386514663696289 -0.8386227488517761 -0.17573295533657074 -0.4688878357410431 -0.8655992746353149 0.008423879742622375 -0.25880974531173706 -0.9658915996551514 1.1881221963295214E-17 -0.38349124789237976 -0.9235445261001587 6.037350581466296E-18 -0.7071068286895752 -0.7071067094802856 -7.13190678047428E-19 -0.9233604669570923 -0.38393422961235046 0.007959132082760334 -0.9658952951431274 -0.2588106393814087 -5.232805766375782E-18 -0.9912667870521545 -0.13187164068222046 -9.426991147920794E-18 -0.9913479089736938 0.13126030564308167 0.007959462702274323 -0.9658952951431274 0.2588106393814087 -1.1200306289538275E-05 -0.923525869846344 0.38353607058525085 2.054161313935765E-06 -0.8536803126335144 0.5207973718643188 0.002677794313058257 -0.7071043252944946 0.7071041464805603 -1.664138499946432E-17 -0.689932644367218 0.7238735556602478 6.53158567729406E-05 -0.25881892442703247 0.9659258723258972 0.016430966556072235 -0.13400281965732574 0.9908447265625 -1.7556154112719364E-17 -0.383442223072052 0.9235648512840271 1.4826830322570022E-17 -0.13139356672763824 -0.9913302659988403 1.6673292664412942E-17 0.11337252706289291 -0.993552565574646 0.008368905633687973 0.2588101625442505 -0.96589195728302 1.754019614434199E-17 0.3666597008705139 -0.9303551316261292 1.6501242405724362E-17 0.7071068286895752 -0.7071067094802856 1.1271831388582498E-17 0.9659255743026733 -0.25881993770599365 5.268513829930716E-17 0.9659255743026733 -0.25881993770599365 -3.8391202542762177E-17 0.9659255743026733 0.25881993770599365 3.0221043679624866E-18 0.9659255743026733 0.25881993770599365 -6.037350581466296E-18 0.7071068286895752 0.7071067094802856 -1.34791198397884E-17 0.25881922245025635 0.9659257531166077 0.014669865369796753 0.3666202425956726 0.9302549958229065 -2.8675685825874098E-05 0.11286991089582443 0.9936097860336304 -0.18892189860343933 -0.6265205144882202 0.7561616897583008 -0.17537888884544373 -0.6253750324249268 0.7603606581687927 -0.17560525238513947 -0.5320308208465576 0.8283151388168335 -0.17573295533657074 -0.4688878357410431 0.8655992746353149 -0.11602586507797241 -0.513888418674469 0.849974513053894 -0.5380764007568359 -0.4360998272895813 0.7213118076324463 -0.5380762219429016 -0.4360998272895813 0.7213119268417358 -0.9114898443222046 -0.2027014046907425 0.35790833830833435 -0.9895667433738708 -0.08219167590141296 0.1183307096362114 -0.9843870401382446 -0.08748739957809448 0.15273526310920715 -0.350464791059494 -0.5753817558288574 0.7389927506446838 -0.4887765944004059 -0.5350772738456726 0.6890498995780945 -0.5375606417655945 -0.5490586161613464 0.6399711966514587 -0.7505443096160889 -0.34201595187187195 0.5654276013374329 -0.7505090236663818 -0.34191760420799255 0.5655338764190674 -0.8407964110374451 -0.2951987087726593 0.45378315448760986 -0.17564013600349426 -0.31987783312797546 0.9310363531112671 -0.9187746644020081 -0.34581708908081055 0.19043010473251343 -0.8829229474067688 -0.1381465345621109 0.44873443245887756 -0.8606796860694885 -0.31128939986228943 0.40290120244026184 -0.535569429397583 -0.3477443754673004 0.7695708274841309 -0.7949630618095398 -0.16437438130378723 0.5839647054672241 -0.8263607025146484 -0.3354176878929138 0.45235270261764526 -0.9748133420944214 0.08422886580228806 0.20650528371334076 -0.8883541822433472 -0.023899635300040245 0.45853644609451294 -0.886135458946228 -0.14280080795288086 0.4408762454986572 -0.7877122759819031 -0.18379957973957062 0.587985634803772 -0.6956402063369751 -0.25535133481025696 0.6714763045310974 -0.6782627701759338 -0.2459631711244583 0.6924317479133606 -0.5122334957122803 -0.34421244263648987 0.7868511080741882 -0.4114898145198822 -0.29877328872680664 0.8610520362854004 -0.46455028653144836 -0.3649166226387024 0.8068636059761047 -0.6948652267456055 -0.28326722979545593 0.6610007286071777 -0.7296237945556641 -0.3224388360977173 0.603060781955719 -0.9214407801628113 -0.16220007836818695 0.3530411720275879 -0.8755900263786316 -0.3809586465358734 0.29700613021850586 -0.9566832184791565 -0.09810944646596909 0.2741018235683441 -0.7753114104270935 -0.35349228978157043 0.5233883857727051 -0.7369380593299866 -0.2600593864917755 0.6239322423934937 -0.5409640669822693 -0.36597105860710144 0.7572470307350159 -0.4724281430244446 -0.30279603600502014 0.827723503112793 -0.16028372943401337 -0.33169448375701904 0.9296708703041077 -0.16275493800640106 -0.312656044960022 0.9358189105987549 -0.21607355773448944 -0.3556291460990906 0.9093074798583984 -0.20990589261054993 -0.3471815884113312 0.9140046238899231 -0.9158436059951782 -0.0005259457393549383 -0.4015348255634308 -0.9078136086463928 0.0009232450975105166 -0.41937288641929626 -0.9259570240974426 -9.623918036351293E-18 -0.3776289224624634 -0.9844264984130859 2.7351238151684418E-17 -0.1757967472076416 -0.5350597500801086 -0.007018803618848324 -0.8447850346565247 -0.9022891521453857 -0.0012131552211940289 -0.43112972378730774 -0.8793137073516846 -0.0031741331331431866 -0.4762324094772339 -0.8421943187713623 -0.007331122178584337 -0.5391243100166321 -0.8106074929237366 -0.002620016923174262 -0.5855839848518372 -0.539132297039032 0.00480725197121501 -0.8422073721885681 -0.6767223477363586 -0.025178968906402588 -0.7358075976371765 -0.5916401743888855 -0.012942872010171413 -0.806098222732544 -0.47848549485206604 -0.003165784990414977 -0.8780897259712219 -0.4159104824066162 -1.275219748794374E-16 -0.909405529499054 -0.17579659819602966 -1.5382757567315475E-16 -0.9844264984130859 -0.4515610933303833 0.0017905692802742124 -0.892238438129425 -0.5222108364105225 0.0056726750917732716 -0.8527975678443909 -0.5391237139701843 0.0074165696278214455 -0.8421939611434937 -0.6667712926864624 -0.0016581931849941611 -0.7452605366706848 -0.842211127281189 0.00372444000095129 -0.5391350388526917 -0.8301679491996765 0.006658170837908983 -0.5574735999107361 -0.8968308568000793 0.0017130010528489947 -0.4423702657222748 -0.9999999403953552 0.000113181937194895 -0.0003627898113336414 -1 4.6117107558529824E-05 0.00020319281611591578 -0.9160231947898865 0.0005169055657461286 0.40112489461898804 -0.9077642560005188 -0.0009256692719645798 0.41947972774505615 -0.9259568452835083 1.161518413468591E-16 0.3776293396949768 -0.9844264984130859 8.590331541856276E-17 0.1757967472076416 -0.9046798944473267 0.001094360719434917 0.42609041929244995 -0.8924221396446228 0.0020716297440230846 0.45119667053222656 -0.8422010540962219 0.006138669326901436 0.5391286015510559 -0.8249548077583313 0.0031113738659769297 0.5651901960372925 -0.539132297039032 -0.00480725197121501 0.8422073721885681 -0.651736319065094 0.01943563111126423 0.7581965327262878 -0.5303213000297546 0.006559666711837053 0.847771406173706 -0.4775979518890381 0.00311982911080122 0.8785730004310608 -0.4159104824066162 1.7537091900939202E-16 0.909405529499054 -0.17579659819602966 1.740523137036437E-16 0.9844264984130859 -0.477597713470459 -0.0031198179349303246 0.8785731196403503 -0.5303164124488831 -0.006559171713888645 0.8477744460105896 -0.53912353515625 -0.0074564022943377495 0.8421936631202698 -0.6655420064926147 0.0016908971592783928 0.7463584542274475 -0.842211127281189 -0.00372444000095129 0.5391350388526917 -0.8302620053291321 -0.006635649595409632 0.5573338270187378 -0.8968575596809387 -0.0017118272371590137 0.4423161745071411 -0.898971676826477 -0.30615460872650146 -0.31324002146720886 -0.8952831029891968 -0.2171182930469513 -0.3890087306499481 -0.8800929188728333 -0.20794641971588135 -0.42684271931648254 -0.1586330085992813 -0.31011340022087097 -0.9373714327812195 -0.21043576300144196 -0.35114502906799316 -0.9123672246932983 -0.8586609959602356 -0.08976421505212784 -0.5046223402023315 -0.9011645913124084 -0.13554352521896362 -0.41174063086509705 -0.7876754999160767 -0.18341858685016632 -0.5881538391113281 -0.933750569820404 -0.28408393263816833 -0.21772967278957367 -0.9329460263252258 -0.149392232298851 -0.32755717635154724 -0.7121086120605469 -0.40638670325279236 -0.5724955201148987 -0.7273670434951782 -0.3228943943977356 -0.6055381298065186 -0.6927413940429688 -0.2836374342441559 -0.6630679965019226 -0.6934932470321655 -0.2558535039424896 -0.6735028624534607 -0.6784049272537231 -0.2474067211151123 -0.6917779445648193 -0.1578744351863861 -0.31837818026542664 -0.9347251057624817 -0.17551593482494354 -0.33337053656578064 -0.9263143539428711 -0.515743613243103 -0.2921540439128876 -0.8053908944129944 -0.5352643728256226 -0.352204293012619 -0.7677527070045471 -0.8413121104240417 -0.10851916670799255 -0.5295446515083313 -0.5056398510932922 -0.28333771228790283 -0.8148914575576782 -0.44260504841804504 -0.34326496720314026 -0.8284140825271606 -0.45989081263542175 -0.3651844263076782 -0.809407651424408 -0.4546588361263275 -0.3989569842815399 -0.7963156700134277 -0.7903912663459778 -0.22081111371517181 -0.5714229345321655 -0.7557511925697327 -0.4294658601284027 -0.49436745047569275 -0.9463358521461487 -0.08020928502082825 -0.3130733072757721 -0.9710617065429688 -0.2067081779241562 -0.11962815374135971 -1.6501237442640687E-17 -0.707107424736023 0.7071061134338379 -6.037336932986189E-18 0.707107424736023 0.7071061134338379 0.539202094078064 -0.7984250783920288 -0.2679150402545929 0.7071067094802856 -0.7071068286895752 -0.0001958230132004246 0.9659168720245361 0.2588162422180176 -0.004333466291427612 0.9982106685638428 0.05979546904563904 5.354248514777282E-06 0.965925931930542 -0.258818656206131 -2.3175323804025538E-05 0.9889386892318726 -0.14794862270355225 -0.010560587048530579 0.9166044592857361 -0.3997952938079834 8.710787369636819E-05 0.7070993185043335 0.707099437713623 -0.0045710098929703236 0.7523214221000671 0.6587961316108704 -0.00027285623946227133 0.9473764896392822 0.3201213479042053 0.000287224625935778 0.8221115469932556 -0.5690872669219971 -0.016500895842909813 0.6538788080215454 -0.7565993070602417 -1.226989428079918E-16 0.25881892442703247 -0.9659258723258972 -1.5955269783342617E-16 -0.2588191628456116 -0.9659258127212524 -1.6216522537544425E-16 -0.7071069478988647 -0.7071065902709961 -1.2132570387714557E-16 -0.9659258127212524 -0.2588190734386444 -4.7977110802786046E-17 -0.9659258127212524 0.2588190734386444 3.82269608690561E-17 -0.7071069478988647 0.7071065902709961 1.141881013377684E-16 -0.2588191628456116 0.9659258127212524 1.5955268459853637E-16 0.25881892442703247 0.9659258723258972 1.6216523861033405E-16 0.5596619248390198 0.8287210464477539 1.408344211345188E-16 -0.06302440911531448 0.7057017087936401 0.7057003974914551 -0.1360110193490982 0.4870374798774719 0.8627256155014038 -0.20729200541973114 0.5739133358001709 0.7922458648681641 -0.1233304962515831 0.5898694396018982 0.7980248332023621 -0.3225694000720978 0.4610501229763031 0.8266690373420715 -0.24442152678966522 0.4223583936691284 0.8728525042533875 -0.22189725935459137 0.43201175332069397 0.8741438388824463 -0.24744640290737152 0.10646088421344757 0.963034987449646 -0.23713365197181702 0.17817096412181854 0.954998791217804 -0.25743454694747925 0.22620567679405212 0.9394457936286926 -0.18971498310565948 0.33258044719696045 0.9237957000732422 -0.22103634476661682 0.11750447750091553 0.9681609272956848 -0.2477298378944397 0.08608632534742355 0.9649969339370728 -0.23535877466201782 0.043297987431287766 0.9709436297416687 -0.35962146520614624 0.016019709408283234 0.9329607486724854 -0.3973983824253082 0.7071075439453125 0.5848705172538757 -0.39739954471588135 0.7071054577827454 0.5848721861839294 -0.04660998284816742 0.996554970741272 0.06859816610813141 -0.09972711652517319 0.9844260215759277 0.14477548003196716 -0.18507975339889526 0.9436787366867065 0.2742551565170288 -0.31337741017341614 0.8318166732788086 0.4581218361854553 -0.30409085750579834 0.842216968536377 0.4451958239078522 -0.37381798028945923 0.746683657169342 0.550203263759613 -0.47342023253440857 0.5391377806663513 0.6965656280517578 -0.4736632704734802 0.5384018421173096 0.6969695687294006 -0.5531972646713257 0.17579714953899384 0.814289927482605 -0.5529785752296448 0.17852258682250977 0.8138454556465149 0.0957263708114624 -0.9954077005386353 -1.6528554916934128E-16 0.09650743007659912 -0.9953321814537048 -0.0003518163866829127 0.3160282075405121 -0.9487496614456177 0.00047303439350798726 0.6111376285552979 -0.791524350643158 -1.2873084971384689E-16 0.6037043929100037 -0.797179639339447 0.006753992754966021 0.4806618392467499 -0.8769054412841797 -0.0010033210273832083 0.46269863843917847 -0.8865148425102234 0.0011999245034530759 0.41955578327178955 -0.9077276587486267 -0.0018487651832401752 0.2889467775821686 -0.9571065306663513 0.021375397220253944 -0.7141824960708618 0.6998910903930664 0.00978935044258833 -0.7386297583580017 0.6694042682647705 0.07952354103326797 -0.7055531740188599 0.7055575251579285 -0.0662066787481308 -0.6516536474227905 0.696270227432251 -0.30092403292655945 -0.6516541242599487 0.6962598562240601 -0.3009470999240875 -0.4327778220176697 0.6962594985961914 -0.572648286819458 -0.432788223028183 0.6962698101997375 -0.5726278424263 -0.14249612390995026 0.6998938918113708 -0.6998881697654724 -0.14249096810817719 0.6998915076255798 -0.6998915076255798 0.13557018339633942 0.7005785703659058 -0.7005785703659058 0.13556897640228271 0.7005795240402222 -0.7005779147148132 0.4227900505065918 0.6960945725440979 -0.580259382724762 0.4227885901927948 0.6960957050323486 -0.5802590847015381 0.6476014256477356 0.696097195148468 -0.30993717908859253 0.6476001739501953 0.6960982084274292 -0.30993756651878357 0.71710604429245 0.6960994005203247 0.03470754250884056 0.7171117663383484 0.6960931420326233 0.03471331670880318 0.6306498646736145 0.7005760669708252 0.3338770568370819 0.6306478381156921 0.7005822062492371 0.3338680565357208 0.994251549243927 -3.936179972991965E-17 0.1070694550871849 0.9982204437255859 -0.012571635656058788 0.058291178196668625 0.9988018870353699 -6.560387305259294E-17 -0.04893717169761658 0.9416266083717346 -1.1023029356960838E-16 -0.33665910363197327 0.6716651320457458 -1.6201339471964892E-16 -0.7408548593521118 0.24302610754966736 -1.755203541501334E-16 -0.9700197577476501 -0.24302731454372406 -1.4756100093624082E-16 -0.9700194597244263 -0.6716651320457458 -8.474085534268484E-17 -0.7408548593521118 -0.9416266083717346 -1.899705476331121E-18 -0.33665910363197327 -0.9988018870353699 4.930451731025194E-17 -0.04893717169761658 -0.9982204437255859 -0.012571635656058788 0.058291178196668625 -0.994251549243927 7.502309118429757E-17 0.1070694550871849 -0.8321466445922852 0.15833750367164612 -0.5314707159996033 -0.6781981587409973 0.6506105065345764 0.34169167280197144 -0.646316409111023 0.6628236174583435 0.37807396054267883 -0.7997312545776367 0.5590300559997559 0.21889564394950867 -0.8470123410224915 0.5050904750823975 0.16569161415100098 -0.9060318470001221 0.42054036259651184 0.04745574668049812 -0.9528524279594421 0.2965569496154785 -0.06423573940992355 -0.9544071555137634 0.28937456011772156 -0.07327598333358765 -0.9632347226142883 0.23048804700374603 -0.1380365788936615 -0.7897568345069885 0.5656262040138245 -0.2373838573694229 -0.7810079455375671 0.6235228180885315 -0.03529615327715874 -0.6567549109458923 0.6983616352081299 0.28454169631004333 -0.710948646068573 0.6893908977508545 0.13889648020267487 -0.6334435939788818 0.7026270031929016 0.3241364657878876 -0.7941004037857056 0.6065018177032471 -0.03949879854917526 -0.8081472516059875 0.4282265603542328 -0.4043760597705841 -0.8018960952758789 0.3254257142543793 -0.5010595917701721 -0.6656440496444702 0.05502627044916153 -0.7442379593849182 -0.7109661102294922 0.17245015501976013 -0.6817537546157837 -0.7719242572784424 0.09208746999502182 -0.6290093660354614 -0.8752269744873047 0.33853158354759216 -0.34550565481185913 -0.870945394039154 0.40399959683418274 -0.2797113060951233 -0.8297747373580933 0.5580397248268127 -0.008096725679934025 -0.809760570526123 0.5859099626541138 0.03158167377114296 -0.6488978862762451 0.6856098175048828 0.3299555778503418 -0.6758524179458618 0.6713682413101196 0.30411869287490845 -0.9316905736923218 0.12288396060466766 -0.3418366014957428 -0.9554387331008911 0.06827053427696228 -0.28718626499176025 -0.9673537015914917 0.11775685846805573 -0.22441065311431885 -0.6438441276550293 0.6748061776161194 0.3606956899166107 -0.8219571113586426 0.5581640005111694 0.1133112981915474 -0.8454580903053284 0.5282475352287292 0.07845509797334671 -0.9137817621231079 0.37908822298049927 -0.14592811465263367 -0.9267424941062927 0.3139324486255646 -0.20638509094715118 -0.8749087452888489 0.07164453715085983 -0.4789590537548065 -0.8778391480445862 0.08465834707021713 -0.4714142084121704 -0.6263100504875183 0.6988933682441711 0.34537479281425476 -0.6501951217651367 0.6972216367721558 0.3018746078014374 -0.7490152716636658 0.64865642786026 0.1349850594997406 -0.7945017218589783 0.6072543263435364 0.003031283849850297 -0.8242093920707703 0.5601944327354431 -0.08283188194036484 -0.8385414481163025 0.5165630578994751 -0.17323629558086395 -0.845655083656311 0.4744860827922821 -0.2443981170654297 -0.8460298180580139 0.44806262850761414 -0.2889176309108734 -0.6809672713279724 0.02843966893851757 -0.7317613959312439 -0.7366936802864075 0.12143435329198837 -0.6652339100837708 -0.7404205799102783 0.12980270385742188 -0.6594911813735962 -0.7984035611152649 0.23239600658416748 -0.5554671883583069 -0.8295599818229675 0.3281659483909607 -0.4518156349658966 -0.8349865078926086 0.34371283650398254 -0.4297196865081787 -0.8464680314064026 0.42679694294929504 -0.31833356618881226 -0.783074140548706 0.07548192888498306 0.6173308491706848 -0.7339131832122803 0.1437157392501831 0.6638653874397278 -0.6708583831787109 0.11311521381139755 0.7329078912734985 -0.8250640630722046 0.407723993062973 0.3911910057067871 -0.7926674485206604 0.3768434226512909 0.4792362153530121 -0.8188077807426453 0.5134796500205994 0.2566952109336853 -0.7839022278785706 0.6190307140350342 0.04794037342071533 -0.7805183529853821 0.6248297095298767 0.019468169659376144 -0.6790706515312195 0.6684436798095703 -0.3033909797668457 -0.6439066529273987 0.6672693490982056 -0.3743472993373871 -0.6837173104286194 0.6431883573532104 -0.3447308838367462 -0.843644917011261 0.5131286382675171 -0.15799452364444733 -0.8075217604637146 0.5449032187461853 -0.22580759227275848 -0.9454840421676636 0.315090149641037 0.08232928067445755 -0.927251935005188 0.37361425161361694 -0.024823572486639023 -0.9642773270606995 0.2145802527666092 0.1553206741809845 -0.9564562439918518 0.0654999315738678 0.2844313383102417 -0.9654355645179749 0.10325741022825241 0.23931580781936646 -0.6437597870826721 0.674842894077301 -0.36077749729156494 -0.8419365286827087 0.534552812576294 -0.07345874607563019 -0.8253671526908875 0.5517245531082153 -0.11987094581127167 -0.9207836389541626 0.32512524724006653 0.2155250608921051 -0.9202258586883545 0.36759498715400696 0.1343812346458435 -0.6407169103622437 0.7007401585578918 -0.31375953555107117 -0.6654873490333557 0.6991391777992249 -0.261401891708374 -0.6470779180526733 0.6861295700073242 -0.3324400782585144 -0.8248943090438843 0.5651452541351318 0.012656084261834621 -0.8147463202476501 0.5785908699035645 -0.03769727423787117 -0.8666802048683167 0.3513542413711548 0.35414063930511475 -0.8803678750991821 0.39070120453834534 0.26889586448669434 -0.8195899724960327 0.17596575617790222 0.5452598929405212 -0.8793447613716125 0.08180795609951019 0.4691058099269867 -0.869771420955658 0.0677991509437561 0.48877495527267456 -0.9316805005073547 0.12286601960659027 0.3418704867362976 -0.00019183894619345665 -0.5892267227172852 -0.8079677224159241 -3.837008625851013E-05 -0.9039454460144043 0.42764779925346375 0.04187105596065521 -0.9650786519050598 0.2585923671722412 -0.00022582552628591657 -0.5836104154586792 0.8120337724685669 0.04070328176021576 -0.7065208554267883 0.7065207362174988 0.018039455637335777 -0.7454721331596375 0.666292667388916 1.8517814169172198E-05 -0.8453623652458191 0.5341933369636536 5.0997296057175845E-05 -0.4793608784675598 0.8776178956031799 0.011819704435765743 -0.2588008642196655 0.9658583998680115 0.04616180807352066 -0.32162290811538696 0.9457419514656067 -1.3816830386933586E-17 0.229220911860466 0.9733744263648987 0.0034470371901988983 0.2949362099170685 0.9555107355117798 0.00138342275749892 0.37367838621139526 0.9275572896003723 0.018116414546966553 0.2260397970676422 0.9739496111869812 0.03837914764881134 0.15264888107776642 0.9875349998474121 0.0017004250548779964 0.2588185667991638 0.9659244418144226 -0.00020828330889344215 -0.026101985946297646 0.9996592402458191 0.005394625477492809 -0.14899799227714539 0.9888227581977844 0.004508719779551029 0.7135449647903442 0.7005949020385742 0.007519389968365431 0.6616966128349304 0.7497339844703674 0.004316994920372963 0.7071002721786499 0.7071000933647156 1.2192568874525023E-06 0.5705327987670898 0.8212748169898987 -8.31971362913464E-07 0.4509289860725403 0.892559826374054 5.776639796001833E-18 0.9950376749038696 0.09949877858161926 0.0052050333470106125 0.9602962732315063 0.27893364429473877 0.012365864589810371 0.9129461050033569 0.40789279341697693 0.001607341691851616 0.9659246206283569 0.25881844758987427 -5.2180585043970495E-05 0.8738415837287903 0.48621076345443726 0.00023604657326359302 0.8033938407897949 0.5954479575157166 9.312564772244496E-18 0.9923290014266968 -0.12362498044967651 0.00480627128854394 0.9659147262573242 -0.2588158845901489 0.004127548076212406 0.9612200260162354 -0.27575165033340454 0.0030058484990149736 0.6841172575950623 -0.7293658256530762 0.009137216955423355 0.7774209380149841 -0.6289142966270447 0.01278039999306202 0.8166337609291077 -0.5770147442817688 0.002064730506390333 0.707105278968811 -0.707105278968811 -2.6835229505195457E-07 0.849313497543335 -0.5278887748718262 8.284936257041409E-07 0.9146829843521118 -0.40417206287384033 0.009387203492224216 0.2672370970249176 -0.9635850787162781 1.670752305252161E-17 0.11956238001585007 -0.9928267002105713 0.00047138650552369654 0.22995689511299133 -0.9732006788253784 0.008658022619783878 0.4143081605434418 -0.9100954532623291 -1.0749896318884566E-05 0.310936838388443 -0.9504305720329285 2.1748573999502696E-06 0.5357649326324463 -0.8443671464920044 0.0007704718736931682 0.5911019444465637 -0.8065965175628662 0.00046338679385371506 -0.2588193118572235 -0.9659256339073181 0.10545647889375687 -0.4264511466026306 -0.8983420133590698 0.055352527648210526 -0.3402754068374634 -0.9386952519416809 0.011170865036547184 -0.18522869050502777 -0.9826319217681885 -0.0002515167579986155 -0.05084146931767464 -0.9987066984176636 0.001183311571367085 0.2588191628456116 -0.9659250974655151 0.043693773448467255 0.13684022426605225 -0.9896290302276611 0.02752061001956463 0.18918821215629578 -0.9815551042556763 0.06157436966896057 -0.7560642957687378 -0.6515944600105286 0.012269381433725357 -0.707053542137146 -0.707053542137146 4.589607215166325E-06 -0.8566524386405945 -0.5158939957618713 0.015527297742664814 -0.9778638482093811 0.20866523683071136 -7.86861182519233E-18 -0.9995598793029785 0.029665235430002213 -3.022113673744378E-18 -0.9659257531166077 -0.25881943106651306 0.08889096975326538 -0.9858332872390747 -0.1422361135482788 -2.8474223654484376E-05 -0.9199612140655518 -0.392009437084198 -0.5416774749755859 0.7071062922477722 -0.45451757311820984 -0.541675329208374 0.7071067094802856 -0.45451948046684265 -0.541675329208374 0.70710688829422 -0.4545191824436188 -0.5416752099990845 0.7071066498756409 -0.45451971888542175 -0.1330176442861557 0.9804664850234985 -0.14488554000854492 -0.26094403862953186 0.8960556387901306 -0.35915520787239075 0.4202006459236145 0.5050955414772034 -0.7538633346557617 0.26261261105537415 0.5359419584274292 -0.8023720383644104 0.06796006858348846 0.6767860651016235 -0.7330361604690552 -0.13619768619537354 0.5312312841415405 -0.8362078070640564 -0.23075883090496063 0.734306275844574 -0.6383922696113586 0.3974858820438385 0.5084941387176514 -0.7638315558433533 0.4366932213306427 0.47905322909355164 -0.7614506483078003 0.4552980065345764 0.4149760901927948 -0.7877172827720642 0.573419988155365 0.17514881491661072 -0.8003202080726624 0.02095857635140419 0.9770788550376892 -0.21184343099594116 0.066611148416996 0.8969182372093201 -0.43715062737464905 0.06654573231935501 0.8688573837280273 -0.4905695915222168 -0.35384485125541687 0.7895504832267761 -0.5014018416404724 -0.25970691442489624 0.8231351971626282 -0.5049759745597839 -0.22887063026428223 0.8230006694793701 -0.5198923945426941 0.06498828530311584 0.8436540961265564 -0.5329392552375793 0.06645891815423965 0.8427429795265198 -0.534197986125946 0.2843499481678009 0.8083418011665344 -0.5154887437820435 0.40019211173057556 0.6575297117233276 -0.6383580565452576 -0.5454176664352417 1.7095654063032723E-16 0.8381643891334534 -0.6545001864433289 1.6355847545966937E-16 0.756061851978302 -0.6309261918067932 -0.014375371858477592 0.7757096290588379 -0.6135498881340027 0.00020831232541240752 0.7896559238433838 -0.54515141248703 -0.0003608723636716604 0.8383375406265259 -0.0006076013087294996 0.9999994039535522 0.0009289198205806315 -0.0001171307303593494 1 6.826879689469934E-05 -0.00023080137907527387 0.9999992251396179 -0.0012206211686134338 -0.00034269396564923227 0.9999991059303284 0.0012789518805220723 -5.0203499995404854E-05 1 7.224846922326833E-05 -0.00019225630967412144 0.9999989867210388 0.0013965957332402468 0.2362910360097885 -1.7540981635051671E-16 -0.9716823101043701 0.6560947895050049 -1.6341982675411568E-16 -0.75467848777771 0.9293742179870605 -1.1493446971319745E-16 -0.3691388964653015 0.9951022267341614 -4.077934576309667E-17 0.09885121136903763 0.994249165058136 -3.9358001316546805E-17 0.10709145665168762 0.9998980760574341 0.00400249008089304 0.013705674558877945 0.995623767375946 -7.283434481370266E-17 -0.09345248341560364 0.9078620076179504 -1.220453774798463E-16 -0.4192691147327423 0.6029537320137024 -1.6754019205625462E-16 -0.7977761626243591 0.19949758052825928 -1.7466156862073595E-16 -0.9798983335494995 1.6501242405724362E-17 0.7071067690849304 -0.7071067690849304 -0.6309913992881775 -9.289836495989499E-17 -0.7757897973060608 -0.5392582416534424 -1.0922474634720932E-16 -0.8421404361724854 -0.5453974008560181 -0.008621985092759132 -0.8381332755088806 -0.6142634749412537 0.007247373927384615 -0.7890676856040955 -0.6405404210090637 -0.026371413841843605 -0.7674714922904968 -0.15914469957351685 0.9781822562217712 0.13353829085826874 -0.42559030652046204 0.8314706087112427 0.35711267590522766 -0.12395935505628586 0.9864693880081177 0.10729530453681946 -0.27046942710876465 0.9355415105819702 0.227174773812294 -0.38641661405563354 0.8636474013328552 0.3237212002277374 -0.5031148195266724 0.7589053511619568 0.41344666481018066 -0.604733407497406 0.17561089992523193 -0.7768257856369019 -0.6047332286834717 0.1756131947040558 -0.7768254280090332 -0.5308782458305359 0.17560839653015137 -0.8290536999702454 -0.5308780074119568 0.17561255395412445 -0.8290529251098633 -0.4543118476867676 0.5387351512908936 -0.7094823122024536 -0.4543132483959198 0.5387318134307861 -0.7094839811325073 -0.2909505069255829 0.8419613242149353 -0.4543665051460266 -0.29095110297203064 0.8419607281684875 -0.4543672800064087 -0.09489890187978745 0.9843937158584595 -0.14820000529289246 -0.09489896148443222 0.9843936562538147 -0.14820007979869843 -0.10146565735340118 0.9862636923789978 -0.13034045696258545 -0.10759387165307999 0.9843984246253967 -0.13922373950481415 -0.20646922290325165 0.9418204426765442 -0.26522576808929443 -0.3314266800880432 0.8419613838195801 -0.42574331164360046 -0.5298178195953369 0.5060521960258484 -0.6805911064147949 -0.45704901218414307 0.6522890329360962 -0.6046695113182068 -0.5157772898674011 0.538779616355896 -0.6661008596420288 -0.44976428151130676 0.6811091303825378 -0.577756404876709 -0.3314293920993805 0.8419588804244995 -0.42574623227119446 -0.5416755676269531 0.707106351852417 0.45451977849006653 -0.5416753888130188 0.7071066498756409 0.45451945066452026 -0.5416750311851501 0.7071069478988647 0.45451951026916504 -0.5416749715805054 0.7071069478988647 0.45451951026916504 -0.0001921220391523093 -0.5892261266708374 -0.8079681396484375 0.009387170895934105 0.2672365605831146 -0.9635852575302124 0.00046304750139825046 -0.2588188946247101 -0.9659257531166077 0.10545819252729416 -0.42645391821861267 -0.8983404636383057 0.055352725088596344 -0.3402756154537201 -0.9386951327323914 0.01117088831961155 -0.18522825837135315 -0.982632040977478 -0.0002514149236958474 -0.05084194988012314 -0.9987066984176636 0.0011834101751446724 0.25881874561309814 -0.9659251570701599 0.04369280859827995 0.13684289157390594 -0.9896286725997925 0.02752039209008217 0.18918845057487488 -0.9815550446510315 0.06157439947128296 -0.7560645341873169 -0.6515942215919495 0.012269224040210247 -0.7070536613464355 -0.7070534825325012 4.477756647247588E-06 -0.8566524386405945 -0.5158939361572266 -3.827755790553056E-05 -0.9039456248283386 0.4276474416255951 0.04187103733420372 -0.9650786519050598 0.2585924565792084 0.015527250245213509 -0.9778638482093811 0.20866523683071136 -7.868612652372942E-18 -0.9995598793029785 0.02966531366109848 -3.0221151213104498E-18 -0.9659257531166077 -0.2588193416595459 0.0888909325003624 -0.9858332872390747 -0.1422361135482788 -2.8559214115375653E-05 -0.9199612140655518 -0.3920094072818756 -0.000225541545660235 -0.5836110711097717 0.8120332956314087 0.04070332646369934 -0.7065207958221436 0.7065207958221436 0.018039843067526817 -0.7454714775085449 0.6662933826446533 1.863314537331462E-05 -0.8453629016876221 0.5341924428939819 5.1306582463439554E-05 -0.4793606996536255 0.8776179552078247 0.011820013634860516 -0.25880128145217896 0.9658582806587219 0.046161625534296036 -0.32162243127822876 0.9457420706748962 0.0963210016489029 0.21509647369384766 0.9718311429023743 -1.399240360785103E-17 0.21328137814998627 0.976990818977356 0.018116887658834457 0.22603826224803925 0.9739499092102051 0.038378965109586716 0.15264971554279327 0.9875348806381226 0.0017003777902573347 0.25881898403167725 0.9659243226051331 -0.0002083358558593318 -0.02610209584236145 0.9996592402458191 0.005394571926444769 -0.14899806678295135 0.9888227581977844 0.004930783528834581 0.7145553231239319 0.699561595916748 0.004456803202629089 0.7070997357368469 0.7070997357368469 0.002254499588161707 0.6504735946655273 0.7595254778862 4.722684025182389E-06 0.5628537535667419 0.8265565037727356 -1.3121268239046913E-05 0.3109477758407593 0.9504269957542419 0.011166521348059177 0.44350665807724 0.896201491355896 0.005753723438829184 0.3515153229236603 0.9361644387245178 0.0005154087557457387 0.9131870865821838 0.4075402319431305 -7.581902900710702E-05 0.8713465929031372 0.49066805839538574 0.00033159033046104014 0.8051041960716248 0.5931333303451538 0.005725412629544735 0.9598840475082397 -0.280338853597641 9.390648967708277E-18 0.9916664361953735 -0.1288321316242218 3.0221238067068816E-18 0.9659258723258972 0.2588188648223877 0.01174978818744421 0.9947222471237183 0.10192922502756119 0.003683734219521284 0.9608922600746155 0.2768979072570801 0.016968827694654465 0.5304626822471619 -0.8475384712219238 2.254655328215449E-06 0.7071068286895752 -0.7071067094802856 -9.316339060205792E-07 0.4064265787601471 -0.9136834740638733 0.003686443902552128 0.29382506012916565 -0.9558520913124084 1.7133529339792546E-17 0.20947375893592834 -0.977814257144928 0.01299707405269146 0.5819430351257324 -0.8131256699562073 0.006120768841356039 0.6754931807518005 -0.7373408079147339 0.0018663109512999654 0.7709689140319824 -0.6368700861930847 0.0005824436084367335 0.8154605031013489 -0.5788124799728394 -1.0767524827315356E-06 0.8490147590637207 -0.5283691883087158 8.211384738388006E-06 0.9659258723258972 -0.2588188052177429 0.013535651378333569 0.9033281207084656 -0.4287366271018982 0.00812546443194151 0.943276584148407 -0.3319084942340851 0.7141824960708618 0.6998910903930664 -0.00978935044258833 0.7141790390014648 0.6998947262763977 -0.009780381806194782 0.6516536474227905 0.696270227432251 0.30092403292655945 0.6516541242599487 0.6962598562240601 0.3009470999240875 0.4327778220176697 0.6962594985961914 0.572648286819458 0.432788223028183 0.6962698101997375 0.5726278424263 0.14249612390995026 0.6998938918113708 0.6998881697654724 0.14249096810817719 0.6998915076255798 0.6998915076255798 -0.9982993602752686 4.771709154031368E-17 -0.05829578638076782 -0.9416266083717346 1.1023029356960838E-16 0.33665910363197327 -0.6716651320457458 1.6201339471964892E-16 0.7408548593521118 -0.24302731454372406 1.75520380619913E-16 0.9700194597244263 0.24302610754966736 1.4756112005024903E-16 0.9700197577476501 0.6716651320457458 8.474085534268484E-17 0.7408548593521118 0.9416266083717346 1.899705476331121E-18 0.33665910363197327 0.9988018870353699 -4.930451731025194E-17 0.04893717169761658 0.9982204437255859 -0.012571635656058788 -0.058291178196668625 0.994251549243927 -7.502309118429757E-17 -0.1070694550871849 -0.705068826675415 0.7050642371177673 -0.07591024786233902 -0.7249700427055359 0.6887087225914001 -0.009937216527760029 -0.7055531740188599 0.7055575251579285 0.0662066787481308 -0.6516472697257996 0.6962676644325256 0.30094391107559204 -0.6516650915145874 0.6962572336196899 0.30092930793762207 -0.4327927529811859 0.6962620615959167 0.5726338624954224 -0.4327702820301056 0.6962723731994629 0.5726383328437805 -0.14249062538146973 0.6998932957649231 0.6998898386955261 -0.14249669015407562 0.6998909711837769 0.6998909711837769 7.399313386202207E-18 1 -1.4159565580484923E-05 -4.267043095751433E-06 1 1.0198098607361317E-05 -3.3649463148321956E-05 1 8.447399159194902E-05 -1.3858778402209282E-05 1 7.329383515752852E-05 -9.06909099285258E-06 1 2.3889635485829785E-05 -6.89917360432446E-05 0.9999995827674866 0.0009207235998474061 -0.00017435925838071853 0.9999990463256836 -0.00136081303935498 -4.558783984975889E-05 1 -0.0001701362052699551 2.974449671455659E-05 1 -0.00014135385572444648 -2.94920073429239E-06 1 1.4015396118338685E-05 -0.3973983824253082 0.7071075439453125 -0.5848705172538757 -0.39739954471588135 0.7071054577827454 -0.5848721861839294 -0.5614936947822571 0.0427204892039299 -0.8263775110244751 -0.5539103150367737 0.17579708993434906 -0.813805103302002 -0.5441400408744812 0.24693843722343445 -0.801831066608429 -0.47397178411483765 0.5391376614570618 -0.696190595626831 -0.31272074580192566 0.8320348858833313 -0.45817428827285767 -0.38524550199508667 0.727728545665741 -0.56744784116745 -0.47430160641670227 0.5382802486419678 -0.6966292858123779 -0.3042624890804291 0.8422167301177979 -0.4450789988040924 -0.09647917002439499 0.9844227433204651 -0.1469816416501999 -0.14168681204319 0.9676989316940308 -0.2085273414850235 1.6501237442640687E-17 0.707107424736023 -0.7071061134338379 -0.2075769603252411 0.0214378759264946 -0.9779837727546692 -0.267892062664032 0.06627561897039413 -0.9611666798591614 -0.20452356338500977 0.10872651636600494 -0.9728045463562012 -0.255664587020874 0.09625088423490524 -0.9619622826576233 -0.221067875623703 0.19425059854984283 -0.9557173848152161 -0.27853527665138245 0.21227103471755981 -0.9366744756698608 -0.22426176071166992 0.26378852128982544 -0.9381483197212219 -0.24377743899822235 0.4273548424243927 -0.8705977201461792 -0.23805876076221466 0.42607182264328003 -0.8728063106536865 -0.1287463754415512 0.4610237777233124 -0.8779985308647156 -0.21308286488056183 0.5733323693275452 -0.7911293506622314 -0.05341682583093643 0.5981229543685913 -0.7996221780776978 -0.12292320281267166 0.7017448544502258 -0.7017435431480408 6.037336932986189E-18 -0.707107424736023 -0.7071061134338379 0.7071067094802856 0.7071068286895752 1.2132574358181497E-16 0.965907871723175 -0.2588138282299042 0.006118242163211107 0.9912084937095642 -0.13230936229228973 -1.703125672885649E-17 0.965925931930542 0.258818656206131 4.797704131961459E-17 0.9910160303115845 0.13321028649806976 0.011925725266337395 0.9231826663017273 0.3843615651130676 6.866840516853449E-17 0.7070993185043335 -0.707099437713623 0.0045710098929703236 0.7550801634788513 -0.6556324362754822 -1.0537381031419115E-16 0.9231898188591003 -0.3843443989753723 -5.934681420144582E-17 0.7527163624763489 0.6583163738250732 0.00613525090739131 0.5596619248390198 -0.8287210464477539 -1.3518513489280625E-16 0.24405094981193542 -0.9242972135543823 -0.2934515178203583 0.287472665309906 -0.9460721015930176 -0.14935532212257385 0.3120189905166626 -0.9469030499458313 -0.0775807797908783 0.3196449279785156 -0.9466039538383484 -0.04204830527305603 0.19366034865379333 -0.9022366404533386 -0.3853111267089844 0.0874873697757721 -0.758051335811615 -0.6463003158569336 0.0833517536520958 -0.8000869750976562 -0.5940650701522827 0.9979365468025208 -0.06420780718326569 -5.656112963307956E-18 0.3583484888076782 -0.933587908744812 -1.5366501152173093E-16 0.42513275146484375 -0.9051263928413391 -0.002883205423131585 0.4058479964733124 -0.9139403700828552 -0.00062126899138093 0.5731756687164307 -0.8194319605827332 0.0009664929821155965 0.5753521919250488 -0.8179056644439697 0.0004269463534001261 0.7532230615615845 -0.6577649712562561 -0.00045296442112885416 0.7750090956687927 -0.6318734884262085 -0.009836454875767231 0.8829566240310669 -0.46941810846328735 0.0058508943766355515 0.896485447883606 -0.4430731236934662 -6.926189071442904E-17 0.9412964582443237 -0.3375810384750366 -5.146776666564552E-17 0.9698286056518555 -0.2365778535604477 0.05885087698698044 0.9865376949310303 -0.15439626574516296 -0.05389917641878128 0.9674358367919922 -0.25276198983192444 -0.013387451879680157 -8.42558727321001E-18 -0.9978589415550232 0.06540310382843018 -8.526413145254711E-18 0.5887315273284912 0.8083286285400391 -1.6501242405724362E-17 -0.7071067690849304 0.7071067690849304 0.046208325773477554 -0.615117073059082 0.7870805263519287 0.05238229036331177 0.32409295439720154 0.9445738792419434 -1.527895235614048E-17 0.08175238221883774 0.9966526627540588 0.039363712072372437 -0.19581066071987152 0.9798513650894165 -1.7570537129210436E-17 -0.4143886864185333 0.910099983215332 0.08179113268852234 0.7752761244773865 0.6263043880462646 -6.037352235827521E-18 0.7071067690849304 0.7071067690849304 3.022113673744378E-18 0.9659257531166077 0.25881943106651306 1.5770711230303255E-17 0.7778822183609009 -0.6284101009368896 0.04917563870549202 0.7062513828277588 -0.7062512040138245 1.7238563079613304E-17 0.5887323021888733 -0.8083280920982361 1.7476480076118256E-17 0.32486969232559204 -0.9457587599754333 0.033968206495046616 0.25866958498954773 -0.9653684496879578 1.640987038090053E-17 0.06901958584785461 -0.9976152777671814 1.4596520078978107E-17 -0.15512166917324066 -0.9878953695297241 0.03003004565834999 -0.25870218873023987 -0.9654902219772339 1.15674624307865E-17 -0.4055219292640686 -0.914085328578949 9.337837621499829E-18 -0.5445480346679688 -0.8387296199798584 0.013931254856288433 -0.7070382237434387 -0.7070381045341492 0.017829716205596924 -0.6965649127960205 -0.7172722220420837 -6.340904773167637E-18 -0.9978589415550232 -0.06540302187204361 0.006128969602286816 -0.9814278483390808 -0.19173367321491241 0.012903710827231407 -0.9658454656600952 -0.2587972581386566 -7.3696369375583715E-19 -0.9238795042037964 -0.38268354535102844 3.3826027070077438E-18 -0.8089848160743713 -0.5878295302391052 0.017829783260822296 -0.696564793586731 0.7172722816467285 -1.5354098406068473E-17 -0.8089851140975952 0.5878291726112366 -1.1271816499331472E-17 -0.9659258723258972 0.2588188648223877 0.02315586991608143 -0.9330242872238159 0.35906746983528137 0.006128948647528887 -0.9814279079437256 0.1917334645986557 0.4056985080242157 -0.9140069484710693 -1.5016515079301497E-16 0.5838233232498169 -0.8118807077407837 -1.3225871546938145E-16 0.9145293235778809 -0.404519647359848 -6.275037787197081E-17 0.8918575048446655 -0.45231571793556213 0.0008511549094691873 0.9000555872917175 -0.43575695157051086 0.003974659834057093 0.779358983039856 -0.6263663172721863 -0.01627282239496708 0.8241122364997864 -0.5660907030105591 0.019503453746438026 0.7960360646247864 -0.6052492260932922 -9.677661118801721E-17 0.8242152333259583 -0.5659381151199341 -0.01957789435982704 0.7793543934822083 -0.6263706684112549 0.016323605552315712 0.9000667929649353 -0.43573370575904846 -0.003981729503720999 0.8918573260307312 -0.452316015958786 -0.0008566197939217091 0.9402313232421875 -0.3405345380306244 0.001117809908464551 0.941611111164093 -0.3367023468017578 -5.131984691978634E-17 0.9707909822463989 -0.23827165365219116 0.028132718056440353 0.9626835584640503 -0.2703777551651001 0.011673599481582642 0.9910635948181152 -0.13337229192256927 -0.0021877605468034744 0.9991092085838318 -0.041872624307870865 0.005244428291916847 0.9991171956062317 -0.04167473688721657 -0.00529085798189044 0.9648394584655762 -0.26252153515815735 0.01293398067355156 0.9868195652961731 -0.1429665982723236 -0.0758139044046402 0.9707865715026855 -0.23829035460948944 -0.028127474710345268 -8.425586446029398E-18 -0.9978589415550232 0.06540302187204361 -8.526399083184298E-18 0.5887323021888733 0.8083280920982361 -1.6501242405724362E-17 -0.7071068286895752 0.7071067094802856 0.04620809480547905 -0.6151176691055298 0.7870801091194153 -1.347912314851085E-17 0.25881892442703247 0.9659258723258972 0.04391071945428848 0.3136673867702484 0.9485170841217041 -1.538850581082823E-17 0.06901958584785461 0.9976152777671814 -1.730917121670083E-17 -0.25881892442703247 0.9659258723258972 0.043600261211395264 -0.18894043564796448 0.9810201525688171 -1.7568446016621902E-17 -0.4055219292640686 0.914085328578949 0.08179081976413727 0.7752759456634521 0.6263046264648438 3.0221151213104498E-18 0.9659257531166077 0.2588193416595459 1.1271823943956985E-17 0.9659257531166077 -0.25881943106651306 1.577070957594203E-17 0.7778823971748352 -0.6284098625183105 0.04917585104703903 0.7062512636184692 -0.7062512636184692 1.7238566388335755E-17 0.5887315273284912 -0.8083286285400391 1.749829944631618E-17 0.3369203209877014 -0.9415331482887268 0.03811796382069588 0.25863125920295715 -0.9652237296104431 1.648873874358501E-17 0.08175238221883774 -0.9966526627540588 1.4500745798934267E-17 -0.16471728682518005 -0.9863408207893372 0.028447523713111877 -0.25871461629867554 -0.9655348062515259 1.1438341191528197E-17 -0.4143886864185333 -0.910099983215332 9.337855819473305E-18 -0.5445470213890076 -0.8387303352355957 0.013931318186223507 -0.707038164138794 -0.707038164138794 0.017829783260822296 -0.696564793586731 -0.7172722816467285 -6.340903532396718E-18 -0.9978589415550232 -0.06540310382843018 0.006128948647528887 -0.9814279079437256 -0.1917334645986557 0.012903718277812004 -0.9658454656600952 -0.2587973177433014 -7.369597129491392E-19 -0.9238793849945068 -0.38268375396728516 3.3825952623822308E-18 -0.8089851140975952 -0.5878291726112366 0.017829716205596924 -0.6965649127960205 0.7172722220420837 -1.5354101714790923E-17 -0.8089848160743713 0.5878295302391052 -1.127181567215086E-17 -0.9659258723258972 0.2588188052177429 0.023155851289629936 -0.9330244064331055 0.35906729102134705 0.006128969602286816 -0.9814278483390808 0.19173367321491241 0.40588274598121643 -0.9139248132705688 0.0007657940150238574 0.39916834235191345 -0.9168776273727417 -1.5067617635800533E-16 0.5751742124557495 -0.8180299401283264 -0.001255316543392837 0.5787741541862488 -0.8154852390289307 -0.0020691489335149527 0.7744491696357727 -0.6326309442520142 0.0025600260123610497 0.7515446543693542 -0.659559428691864 0.012726990506052971 0.8967241644859314 -0.44251248240470886 -0.008272944018244743 0.8820000886917114 -0.4712488055229187 -0.0005974838859401643 0.9420469403266907 -0.3354809284210205 0.00027370170573703945 0.9653146862983704 -0.2608039081096649 0.012200470082461834 0.9919021725654602 -0.12529437243938446 -0.02077091485261917 0.291684627532959 -0.9459214210510254 0.1419605314731598 0.19272054731845856 -0.8988261222839355 0.39366278052330017 0.1931309998035431 -0.9001080393791199 0.3905200958251953 0.3144509494304657 -0.9448463916778564 0.09157438576221466 0.13462412357330322 -0.8371480703353882 0.5301504135131836 0.06535877287387848 -0.7610529065132141 0.6453887820243835 0.04124074801802635 -0.7372440099716187 0.6743667125701904 -0.5620068311691284 1.7007362789682283E-16 0.8271325826644897 -0.38501468300819397 -0.7278044819831848 0.5675070881843567 -0.46978759765625 -0.5518952012062073 0.6889929175376892 -0.4740433394908905 -0.5383653044700623 0.6967393755912781 -0.5504223108291626 -0.19732089340686798 0.8112334609031677 -0.5474832653999329 -0.24629709124565125 0.7997498512268066 -0.5614937543869019 -0.0427204892039299 0.8263774514198303 -0.31381383538246155 -0.8317190408706665 0.4580003619194031 -0.3161464035511017 -0.8287390470504761 0.4617824852466583 -0.13845610618591309 -0.9681456685066223 0.20862361788749695 -0.1556396335363388 -0.9590022563934326 0.23683521151542664 -0.05508650839328766 -0.9951846599578857 0.08107349276542664 -7.39908756589498E-18 -1 -1.6653345369377348E-16 -0.04959338903427124 -0.9960989356040955 -0.07298900187015533 -0.09859410673379898 -0.9839895963668823 -0.14847108721733093 -0.14710098505020142 -0.965106189250946 -0.21663646399974823 -0.2504067122936249 -0.895325779914856 -0.3683587908744812 -0.2380504161119461 -0.9063875675201416 -0.348989337682724 -0.3502458930015564 -0.7808841466903687 -0.5172502398490906 -0.32374459505081177 -0.8187835216522217 -0.474112868309021 -0.3822278082370758 -0.7331172227859497 -0.5625309348106384 -0.437877893447876 -0.6268218159675598 -0.6444822549819946 -0.4370327293872833 -0.6288332939147949 -0.6430948972702026 -0.5031295418739319 -0.4454091787338257 -0.7405884861946106 -0.5092750787734985 -0.4195542633533478 -0.7514074444770813 -0.554947018623352 -0.1707778424024582 -0.8141674995422363 -0.5560285449028015 -0.14547039568424225 -0.8183340430259705 -0.5620068311691284 -1.0541686341071331E-16 -0.8271325826644897 0.25765562057495117 -0.9662368297576904 -1.5961034901339866E-16 0.1509093940258026 -0.9878590106964111 0.03689143806695938 0.09212662279605865 -0.9957473278045654 -1.6536027335715687E-16 0.7071066498756409 -0.70710688829422 -1.141881542773276E-16 0.47002002596855164 -0.882655680179596 0.0003215949982404709 0.5593222379684448 -0.8271406888961792 -0.05474451929330826 0.6336621046066284 -0.7736099362373352 -1.2563381932599935E-16 0.1247655376791954 -0.9921862483024597 -1.646025097416093E-16 0.2020830363035202 -0.9780784845352173 -0.05024883151054382 0.27740150690078735 -0.9605989456176758 -0.017264507710933685 0.3425622880458832 -0.9394950866699219 -0.0001406607625540346 -1.6501242405724362E-17 -0.7071067094802856 0.7071068286895752 0.017041129991412163 -0.9259608387947083 0.3772348463535309 -1.127181898087331E-17 -0.9659258127212524 0.2588190734386444 -1.556692039714979E-17 -0.7937358617782593 0.6082625985145569 0.017830457538366318 -0.6115288734436035 0.7910212278366089 0.009313616901636124 0.2588081657886505 0.9658838510513306 -1.4831879433029045E-17 0.13086234033107758 0.9914005398750305 -1.7309172871062056E-17 -0.2588194012641907 0.9659257531166077 0.01836048997938633 -0.13156159222126007 0.9911379814147949 -1.755588114311722E-17 -0.3830955922603607 0.9237086772918701 0.009137849323451519 0.7070772051811218 0.7070773243904114 -8.127809697316433E-18 0.609359085559845 0.7928943634033203 -1.1888163662995759E-17 0.3829958140850067 0.9237500429153442 0.008817780762910843 0.965888261795044 0.25880900025367737 7.476651361355888E-19 0.9241126179695129 0.382120281457901 -3.818929933576656E-18 0.7938120365142822 0.6081631779670715 0.008428593166172504 0.9658914804458618 -0.2588098645210266 9.41297043653802E-18 0.9914715886116028 -0.1303231567144394 5.265779253543677E-18 0.9915242195129395 0.12992218136787415 0.008078064769506454 0.7070836424827576 -0.7070837616920471 1.556524452922876E-17 0.7938608527183533 -0.6080994009971619 1.2932326157930634E-17 0.9239580035209656 -0.3824939429759979 0.007033181376755238 0.25881242752075195 -0.9659019708633423 1.7508726885118024E-17 0.3432985544204712 -0.9392263293266296 1.7144901418853925E-17 0.6094232201576233 -0.7928450703620911 0.007033181376755238 -0.25881242752075195 -0.9659019708633423 2.240698441583041E-17 -0.08851145207881927 -0.9960751533508301 9.34229943372394E-18 0.08851145207881927 -0.9960751533508301 0.008078116923570633 -0.7070836424827576 -0.7070837616920471 8.121851515364214E-18 -0.6096622943878174 -0.7926613092422485 1.2428535114577663E-17 -0.3432985544204712 -0.9392263293266296 -9.402219570116669E-18 -0.9915657043457031 0.12960489094257355 -5.253079136008844E-18 -0.9914255142211914 -0.13067325949668884 0.00842808187007904 -0.9658915400505066 -0.2588098645210266 -7.343643820784658E-19 -0.923822820186615 -0.38282033801078796 3.8123827990282986E-18 -0.7940440773963928 -0.6078601479530334 -1.2932326157930634E-17 -0.9239580035209656 0.3824939429759979 0.008428593166172504 -0.9658914804458618 0.2588098645210266 -1.556524452922876E-17 -0.7938608527183533 0.6080994009971619 0.008078064769506454 -0.7070836424827576 0.7070837616920471 -1.7144901418853925E-17 -0.6094232201576233 0.7928450703620911 -1.7508726885118024E-17 -0.3432985544204712 0.9392263293266296 0.007033181376755238 -0.25881242752075195 0.9659019708633423 -2.7047839883528543E-17 -0.08851145207881927 0.9960751533508301 -4.957649098693693E-18 0.08851145207881927 0.9960751533508301 0.007033181376755238 0.25881242752075195 0.9659019708633423 -1.2428535114577663E-17 0.3432985544204712 0.9392263293266296 -8.121851515364214E-18 0.6096622943878174 0.7926613092422485 0.008078116923570633 0.7070836424827576 0.7070837616920471 -3.8123827990282986E-18 0.7940440773963928 0.6078601479530334 7.343643820784658E-19 0.923822820186615 0.38282033801078796 0.00842808187007904 0.9658915400505066 0.2588098645210266 5.253079136008844E-18 0.9914255142211914 0.13067325949668884 1.6501242405724362E-17 0.7071067094802856 -0.7071068286895752 0.017830457538366318 0.6115288734436035 -0.7910212278366089 1.556692039714979E-17 0.7937358617782593 -0.6082625985145569 1.127181898087331E-17 0.9659258127212524 -0.2588190734386444 0.017041129991412163 0.9259608387947083 -0.3772348463535309 9.402219570116669E-18 0.9915657043457031 -0.12960489094257355 0.009313616901636124 -0.2588081657886505 -0.9658838510513306 1.4831879433029045E-17 -0.13086234033107758 -0.9914005398750305 1.7309172871062056E-17 0.2588194012641907 -0.9659257531166077 0.01836048997938633 0.13156159222126007 -0.9911379814147949 1.755588114311722E-17 0.3830955922603607 -0.9237086772918701 0.009137849323451519 -0.7070772051811218 -0.7070773243904114 8.127809697316433E-18 -0.609359085559845 -0.7928943634033203 1.1888163662995759E-17 -0.3829958140850067 -0.9237500429153442 -9.41297043653802E-18 -0.9914715886116028 0.1303231567144394 -5.265779253543677E-18 -0.9915242195129395 -0.12992218136787415 0.008817780762910843 -0.965888261795044 -0.25880900025367737 -7.476651361355888E-19 -0.9241126179695129 -0.382120281457901 3.818929933576656E-18 -0.7938120365142822 -0.6081631779670715 -0.24512958526611328 -0.7066348195075989 0.6637610793113708 -0.22256311774253845 -0.7260160446166992 0.6506661176681519 -0.13825784623622894 -0.7209026217460632 0.6791054010391235 -0.11477482318878174 -0.7343104481697083 0.669040322303772 -0.09460429847240448 -0.7063202857971191 0.7015423774719238 -0.08251237124204636 -0.7239089012145996 0.6849434971809387 -0.09851910173892975 -0.7079075574874878 0.6994003653526306 -1.5937192909108128E-17 1.6653345369377348E-16 1 -0.49054771661758423 0.023979894816875458 0.8710843324661255 -0.23678508400917053 0.8103536367416382 0.5359662771224976 -0.09825184941291809 0.9844264388084412 0.14577797055244446 -0.09011019021272659 0.9849790930747986 0.14729684591293335 -0.30004358291625977 0.8422123193740845 0.44794219732284546 -0.28146055340766907 0.8525652289390564 0.44035494327545166 -0.4536331593990326 0.5389872789382935 0.7097250819206238 -0.4536331295967102 0.5389869213104248 0.7097253203392029 -0.5301751494407654 0.1757299154996872 0.8294777274131775 -0.4837683439254761 0.119193896651268 0.8670415282249451 -0.5301750302314758 0.17572934925556183 0.8294779062271118 -0.48189735412597656 0.17572450637817383 0.8584263920783997 -0.4518505036830902 0.24932026863098145 0.8565456867218018 -0.30219078063964844 0.7762009501457214 0.5533469319343567 -0.34051480889320374 0.7466294169425964 0.5714841485023499 -0.4113635718822479 0.5389611721038818 0.7350516319274902 -0.3724728524684906 0.5714313387870789 0.7312524914741516 -0.4446887969970703 0.4454888701438904 0.7770402431488037 -0.5620067715644836 1.7007364113171263E-16 0.8271326422691345 -0.37106049060821533 0.7067521810531616 0.6023416519165039 -0.1754591017961502 0.8579485416412354 0.4828440845012665 -0.2528228163719177 0.8576900362968445 0.4477147161960602 -0.31995534896850586 0.7068564295768738 0.6308586001396179 -0.2672877311706543 0.7067721486091614 0.65500408411026 -0.009000301361083984 0.8582391142845154 0.5131710767745972 -0.21221064031124115 0.7068403363227844 0.6747913956642151 -0.15629073977470398 0.7067806124687195 0.6899524927139282 -0.09345638006925583 0.858130156993866 0.5048549771308899 -0.09871899336576462 0.7068259716033936 0.7004652619361877 -0.041068099439144135 0.7067901492118835 0.7062302231788635 0.017447402700781822 0.7068168520927429 0.7071813941001892 0.07526256889104843 0.7068049907684326 0.7033933997154236 0.07565957307815552 0.8582771420478821 0.5075785517692566 0.13314582407474518 0.7068078517913818 0.6947624683380127 0.18955165147781372 0.7068195939064026 0.681524932384491 0.15826882421970367 0.8582407236099243 0.4882354736328125 0.24524523317813873 0.7067947387695312 0.6635480523109436 0.2987097203731537 0.7068305015563965 0.6412200331687927 0.23663018643856049 0.8581289649009705 0.4556542634963989 0.3507118821144104 0.7067834138870239 0.614376425743103 0.39977923035621643 0.7068439722061157 0.5835650563240051 0.30864834785461426 0.8579477071762085 0.410684734582901 0.4466949701309204 0.7067687511444092 0.5485814213752747 0.5130223631858826 0.7058959603309631 0.48838403820991516 0.5130215883255005 0.7058970928192139 0.4883832037448883 0.4466107487678528 -0.5426779389381409 0.7113645672798157 0.39798593521118164 -0.5337382555007935 0.7461438775062561 0.08628573268651962 -0.7056611776351929 0.7032759785652161 0.0793963372707367 -0.6968642473220825 0.712794840335846 0.2133677750825882 -0.6870379447937012 0.6945884227752686 0.2043876051902771 -0.6787117123603821 0.7053908109664917 0.295256108045578 -0.642913281917572 0.7067434787750244 0.2845507860183716 -0.6415088176727295 0.7123884558677673 0.3377056419849396 -0.6263807415962219 0.7025682330131531 0.32175412774086 -0.6253343224525452 0.7109369039535522 0.37671375274658203 -0.600663959980011 0.7051875591278076 0.44474270939826965 -0.5161276459693909 0.7319946885108948 0.4990253746509552 -0.5444800853729248 0.6741774082183838 0.4753587543964386 -0.5153082013130188 0.7130858898162842 -0.02427215501666069 -0.7043213844299316 0.7094661593437195 -0.006813290528953075 -0.7234166264533997 0.6903781890869141 0.08406323939561844 -0.6941937804222107 0.7148624658584595 0.10525237768888474 -0.6938658356666565 0.7123708128929138 0.13905180990695953 -0.6770442724227905 0.7226864099502563 0.15738429129123688 -0.6803061962127686 0.7158307433128357 0.24394327402114868 -0.6430625915527344 0.725921630859375 0.2622336149215698 -0.6504738330841064 0.7128235101699829 0.37037450075149536 -0.5650936961174011 0.737218976020813 0.3889514207839966 -0.5694719552993774 0.7241674661636353 -0.11937311291694641 -0.7070924043655396 0.6969722509384155 -0.1400926113128662 -0.7689563035964966 0.6237630248069763 -0.25863951444625854 -0.7069343328475952 0.658292829990387 -0.1986585408449173 -0.8077868819236755 0.5549911260604858 -0.21775205433368683 -0.7069376707077026 0.672921359539032 -0.16202309727668762 -0.7066378593444824 0.6887753009796143 -0.999906063079834 5.980018196901878E-17 0.01370578445494175 -0.999961256980896 -0.0017813661834225059 -0.008617961779236794 -0.9078602194786072 0.001975161489099264 -0.41926828026771545 -0.8982816338539124 -2.150621285290099E-17 -0.439420223236084 -0.6029537320137024 -9.817263398165561E-17 -0.7977761626243591 -0.6206083297729492 0.0021697033662348986 -0.7841176986694336 -0.19949717819690704 -0.00197544670663774 -0.9798964262008667 -0.22131335735321045 -1.4967324964378683E-16 -0.975202739238739 0.8990673422813416 2.1192913232812854E-17 0.43781033158302307 0.8837857246398926 -0.003269811160862446 0.4678804874420166 0.9999872446060181 0.003750097705051303 0.0033912453800439835 0.9988296627998352 -0.0012503907782956958 0.048350464552640915 0.9020179510116577 0.0011436610948294401 -0.43169698119163513 0.9020166397094727 0.0011439734371379018 -0.4316997528076172 0.6246228814125061 -0.001036345842294395 -0.7809258103370667 0.5888810157775879 0.003108624368906021 -0.8082137703895569 0.22299301624298096 -0.0027862689457833767 -0.974816083908081 0.18998578190803528 -1.7442892572781663E-16 -0.981786847114563 -0.9950991272926331 7.370843649315479E-17 0.09888243675231934 -0.9293742179870605 -8.013472657146291E-18 -0.3691388964653015 -0.6560947895050049 -8.793859662447194E-17 -0.75467848777771 -0.2362910360097885 -1.4822541887402302E-16 -0.9716823101043701 -0.9610620141029358 0.026822885498404503 -0.2750277817249298 -0.9440028071403503 -6.43632905241479E-19 -0.3299373984336853 -0.9075736999511719 0.05113554373383522 -0.4167674779891968 -0.9530240297317505 0.042658910155296326 -0.2998755872249603 -0.9485625624656677 0.023223912343382835 -0.31573686003685 -0.9450255036354065 0.005449892487376928 -0.32695114612579346 -0.9763566255569458 0.04774037003517151 -0.21082831919193268 -0.9883633852005005 0.08071685582399368 -0.12892857193946838 -0.96583092212677 0.014004405587911606 -0.258794367313385 -0.9286818504333496 0.0048982566222548485 -0.3708449900150299 -0.9307770133018494 -0.00014502686099149287 -0.365587443113327 -0.8319987058639526 5.998754204483703E-06 -0.5547775626182556 -0.7400749325752258 0.015336669981479645 -0.6723495125770569 -0.9995689988136292 5.2609533991319814E-17 -0.029356198385357857 -0.9999350309371948 5.941725690241083E-17 0.011396358720958233 -0.96590656042099 0.0062699043191969395 0.2588149607181549 -0.9629160165786743 1.0032088158945992E-16 0.26980137825012207 -0.7071067690849304 1.5843191442553112E-16 0.7071067690849304 -0.25881895422935486 1.7574704134264233E-16 0.9659258723258972 0.25881895422935486 1.4597089510111789E-16 0.9659258723258972 0.7071061730384827 7.708208269528496E-17 0.7071073651313782 0.9659258723258972 -1.2461051584457122E-17 0.25881895422935486 0.965925931930542 -9.866503143925127E-17 -0.258818656206131 0.7071061730384827 -1.5843198059998012E-16 -0.7071073651313782 0.25881895422935486 -1.7574704134264233E-16 -0.9659258723258972 -0.25881895422935486 -1.4597089510111789E-16 -0.9659258723258972 -0.7071067690849304 -7.708195034638696E-17 -0.7071067690849304 -0.5357718467712402 0.12190455943346024 -0.8355164527893066 -0.6620115041732788 0.05070190131664276 -0.7477767467498779 -0.9659258723258972 2.8229159677372673E-17 0.2588188350200653 -0.9659258723258972 9.866505790903087E-17 0.2588188350200653 -0.7071068286895752 1.5843191442553112E-16 0.7071067094802856 -0.25881892442703247 1.7574704134264233E-16 0.9659258723258972 0.25881922245025635 1.4597086863133829E-16 0.9659257531166077 0.7071065306663513 7.708200328594616E-17 0.7071070075035095 0.9659258723258972 -1.2461072263972436E-17 0.2588188350200653 0.9659258723258972 -9.866505790903087E-17 -0.2588188350200653 0.7071065306663513 -1.5843194089531072E-16 -0.7071070075035095 0.25881922245025635 -1.7574704134264233E-16 -0.9659257531166077 -0.25881892442703247 -1.4597089510111789E-16 -0.9659258723258972 -0.7071068286895752 -7.708193049405225E-17 -0.7071067094802856 -0.9659258723258972 1.2461072263972436E-17 -0.2588188350200653 -0.9659258723258972 8.289697049563064E-17 -0.2588188350200653 -0.9659261703491211 9.866490570779816E-17 0.2588178217411041 -0.2588200569152832 1.7574705457753213E-16 0.9659255743026733 0.2588200569152832 1.4597077598710968E-16 0.9659255743026733 0.7071067690849304 7.708195034638696E-17 0.7071067690849304 0.9659255743026733 -1.2460848098026434E-17 0.2588200569152832 0.9659255743026733 -9.866524319748809E-17 -0.2588200569152832 0.7071067690849304 -1.5843191442553112E-16 -0.7071067690849304 0.2588178217411041 -1.7574702810775253E-16 -0.9659261703491211 -0.2588178217411041 -1.459710142151261E-16 -0.9659261703491211 -0.9659261703491211 1.246125507088781E-17 -0.2588178217411041 -0.2588178217411041 1.7574702810775253E-16 0.9659261703491211 0.2588178217411041 1.459710142151261E-16 0.9659261703491211 0.2588200569152832 -1.7574705457753213E-16 -0.9659255743026733 -0.2588200569152832 -1.4597077598710968E-16 -0.9659255743026733 -0.8319740295410156 4.667406756198034E-06 0.5548145174980164 -0.9628953337669373 0.006548600271344185 -0.26979559659957886 -0.9659255743026733 1.2460848098026434E-17 -0.2588200569152832 0.9659258723258972 -9.866507776136558E-17 -0.25881895422935486 0.965925931930542 -1.246110617837755E-17 0.258818656206131 -0.5397967100143433 1.7123788791771367E-16 0.8417953848838806 -0.7069358229637146 0.02198663167655468 0.7069358229637146 -0.6619659662246704 0.05072997510433197 0.7478151917457581 -0.7399887442588806 0.015360087156295776 0.6724438071250916 -0.9913284182548523 0.10659416019916534 0.0768478661775589 -0.9658553600311279 0.012060942128300667 0.2588009238243103 -0.9996796250343323 6.171965127172563E-17 0.025310026481747627 -0.9999350309371948 5.56215037424173E-17 -0.011396358720958233 -0.9699532389640808 0.0031700581312179565 0.2432708591222763 -0.9487346410751343 0.02725234441459179 0.31489667296409607 -0.9439936280250549 1.0925144773738253E-16 0.32996368408203125 -0.9075709581375122 0.05114499852061272 0.4167722761631012 -0.9057077765464783 0.05481436848640442 0.42034366726875305 -0.9329810738563538 -0.0001454024313716218 0.35992538928985596 -0.9720574021339417 0.04083583876490593 0.23116403818130493 -0.9870041012763977 0.07374106347560883 0.14277662336826324 0.619466245174408 0.49773499369621277 -0.6070596575737 0.6081086993217468 0.16719137132167816 -0.7760481834411621 0.5983105301856995 0.13265885412693024 -0.7902063727378845 0.49533337354660034 0.17801719903945923 -0.8502674698829651 0.6123361587524414 0.23974911868572235 -0.7533689141273499 0.5917067527770996 0.2722879946231842 -0.7587769031524658 0.6105104088783264 0.4625561237335205 -0.6428987979888916 0.6312998533248901 0.41153785586357117 -0.657340943813324 0.5324264764785767 0.4108346700668335 -0.7400925159454346 0.5435081124305725 0.39857834577560425 -0.7387382388114929 0.5879140496253967 0.3321267366409302 -0.7375966906547546 0.5885096788406372 0.5591732859611511 -0.5839362740516663 0.5618654489517212 0.5961065292358398 -0.5735540390014648 0.5918958783149719 0.5861608982086182 -0.553240180015564 0.6746042966842651 0.5781445503234863 -0.4589748680591583 0.6706085801124573 0.5851731896400452 -0.4559127688407898 0.6289221048355103 0.6818799376487732 -0.37349265813827515 0.5988125801086426 0.7219504714012146 -0.346714586019516 0.7154037952423096 0.6448930501937866 -0.26890578866004944 0.6928341388702393 0.6839233636856079 -0.22853811085224152 0.6608299016952515 0.7462607622146606 -0.0799921452999115 0.7365064024925232 0.17509764432907104 0.6533751487731934 0.7781949639320374 0.18159087002277374 0.6011966466903687 0.7462679743766785 0.1723046600818634 0.6429581642150879 0.7424723505973816 0.2960835099220276 0.6008905172348022 0.6738002896308899 0.7332558631896973 -0.09126376360654831 0.7176654934883118 0.6957088112831116 0.030749397352337837 0.7320451736450195 0.6798161864280701 0.04426989331841469 0.7134737968444824 0.6940382122993469 0.09626083076000214 0.7254922389984131 0.6692575216293335 0.16048483550548553 0.7011728286743164 0.6805111169815063 0.21274694800376892 0.7227070331573486 0.6517524719238281 0.23002874851226807 0.7357109785079956 0.6149692535400391 0.2837994694709778 0.7583058476448059 0.5786800384521484 0.3001693785190582 0.7315418720245361 0.5821661949157715 0.35486477613449097 0.7401671409606934 0.5336945056915283 0.4090510904788971 0.7244160771369934 0.5232933759689331 0.44875985383987427 0.7379236817359924 0.4983880817890167 0.4550582468509674 0.7436622977256775 0.452985942363739 0.49170130491256714 0.7599020004272461 0.41944965720176697 0.49659937620162964 0.7255378365516663 0.3938910663127899 0.5643090009689331 0.7517406344413757 0.3365742266178131 0.567101240158081 0.7315855622291565 0.28666308522224426 0.6185521483421326 0.6441928148269653 0.7067945003509521 -0.29233062267303467 0.6692202687263489 0.6976075768470764 -0.2559061050415039 0.7381876111030579 0.5962629914283752 -0.31551459431648254 0.6660999655723572 0.7012140154838562 -0.25418445467948914 0.6663142442703247 0.7069664001464844 -0.23711569607257843 0.537878155708313 0.7225769758224487 -0.4342460632324219 0.5236127376556396 0.7390717267990112 -0.42379555106163025 0.49221140146255493 0.77336585521698 -0.3995412290096283 0.363738089799881 0.8831411600112915 -0.2962368428707123 0.6133840084075928 0.7065918445587158 -0.3528286814689636 0.7092217803001404 0.5596621632575989 -0.428698867559433 0.5846030712127686 0.707023561000824 -0.39794087409973145 0.5516571402549744 0.7065207362174988 -0.44328638911247253 0.547130286693573 0.7117652297019958 -0.4404982328414917 -0.4281657934188843 0.7036952376365662 -0.566998302936554 -0.45171844959259033 0.7066293954849243 -0.5446332097053528 -0.27913716435432434 0.675881028175354 -0.6821050643920898 -0.2540677785873413 0.6687894463539124 -0.6986918449401855 -0.081642284989357 0.6053571105003357 -0.7917558550834656 0.12237384915351868 0.5156984329223633 -0.8479857444763184 -0.042732443660497665 0.5937932729721069 -0.8034820556640625 0.5567557215690613 0.1523091048002243 -0.8165935277938843 0.20197691023349762 0.45817357301712036 -0.8656109571456909 0.3209522068500519 0.3730066120624542 -0.8705491423606873 0.2751239538192749 0.4076738655567169 -0.8706944584846497 0.3871377110481262 0.322438508272171 -0.863804280757904 0.4239127039909363 0.2909068167209625 -0.8577128052711487 0.6921922564506531 0.006635076832026243 -0.7216826677322388 0.5710572600364685 0.21162302792072296 -0.793164074420929 0.6873571872711182 0.05310211703181267 -0.7243757843971252 0.5311186909675598 0.17561718821525574 -0.8288977742195129 0.5311206579208374 0.17560483515262604 -0.8288991451263428 0.45452025532722473 0.538731038570404 -0.7093519568443298 0.45452311635017395 0.5387200117111206 -0.7093584537506104 0.2910856604576111 0.8419574499130249 -0.45428717136383057 0.09494300186634064 0.9843933582305908 -0.1481742113828659 0.09494219720363617 0.9843936562538147 -0.1481727510690689 0.2910858988761902 0.8419570922851562 -0.45428764820098877 0.33180201053619385 0.8419572114944458 -0.4254591464996338 0.36051324009895325 0.8139727711677551 -0.4554981291294098 0.10822350531816483 0.984393298625946 -0.13877162337303162 0.1082233339548111 0.984393298625946 -0.1387714296579361 0.2375762164592743 0.92236328125 -0.3046366274356842 0.26632171869277954 0.9018737077713013 -0.34014198184013367 0.605411171913147 0.1756037175655365 -0.7762992978096008 0.6054103374481201 0.17560888826847076 -0.7762988209724426 0.5180957317352295 0.538731575012207 -0.6643380522727966 0.5417925119400024 0.4853252172470093 -0.6862363219261169 0.4613214433193207 0.6612605452537537 -0.5915378332138062 0.8660255670547485 -1.7060600612239796E-06 0.4999997019767761 0.866025447845459 -1.077811793948058E-05 0.4999999403953552 0.8660255670547485 3.7471516407094896E-05 0.49999967217445374 0.8660135269165039 -2.6443643946549855E-05 0.5000205636024475 0.8660213351249695 -1.0806734280777164E-05 0.5000070333480835 0.8660252690315247 4.524931682681199E-07 0.5000002384185791 0.8660257458686829 1.3802680314256577E-06 0.49999943375587463 0.8660256266593933 3.3450161576407324E-17 0.4999995827674866 0.8660256266593933 -5.792934416604112E-07 0.49999964237213135 1.5937192909108128E-17 -1.6653345369377348E-16 -1 0.866025447845459 -1.077811793948058E-05 -0.4999999403953552 0.8660255670547485 3.7471516407094896E-05 -0.49999967217445374 0.8660255670547485 -1.7060600612239796E-06 -0.4999997019767761 0.8660256266593933 -5.792934416604112E-07 -0.49999964237213135 0.8660256266593933 -1.330831432248559E-16 -0.4999995827674866 0.8660253286361694 5.87867225476657E-06 -0.5000001192092896 0.8659985661506653 2.7727484848583117E-05 -0.5000464916229248 0.8660183548927307 1.1321667443553451E-05 -0.500012218952179 0.8660323619842529 -8.186864761228207E-06 -0.49998795986175537 0.5170923471450806 0.18503665924072266 0.8356894850730896 0.6752333045005798 0.06854281574487686 0.7344126105308533 0.5470640659332275 0.2432742416858673 0.8009610176086426 0.688033938407898 0.00568024255335331 0.7256563305854797 0.39526891708374023 0.3103829622268677 0.8645374178886414 0.22808893024921417 0.4382423460483551 0.8694360852241516 0.249140664935112 0.42465940117836 0.8703983426094055 0.10278159379959106 0.5147181153297424 0.851176381111145 -0.10655616968870163 0.6179823279380798 0.7789375185966492 -0.05554865300655365 0.5983822345733643 0.7992828488349915 -0.3633217215538025 0.6927630305290222 0.6229580044746399 -0.2981884777545929 0.68133944272995 0.6684760451316833 -0.49517735838890076 0.70760178565979 0.5040825009346008 -0.48048749566078186 0.7074599266052246 0.5182974338531494 0.5492848753929138 0.7114750146865845 0.43828004598617554 0.3892034888267517 0.865707278251648 0.3147563338279724 0.49982911348342896 0.7668514847755432 0.40262845158576965 0.5271256566047668 0.7367686033248901 0.4234507977962494 0.6659508347511292 0.7067843079566956 0.23867438733577728 0.667333722114563 0.6996755003929138 0.25518590211868286 0.74454665184021 0.5851827263832092 0.32126548886299133 0.6432341933250427 0.7067389488220215 0.2945672571659088 0.6121139526367188 0.7066531181335449 0.35490548610687256 0.6865910291671753 0.5969521999359131 0.41501912474632263 0.585947573184967 0.7070484757423401 0.3959140479564667 0.5531301498413086 0.706443727016449 0.4415701925754547 0.5404832363128662 0.7213245034217834 0.4330921769142151 0.7385453581809998 0.15956780314445496 -0.6550487875938416 0.7425552606582642 0.5262195467948914 -0.41437259316444397 0.7617834806442261 0.4916799068450928 -0.4218255579471588 0.6898516416549683 0.46234455704689026 -0.5570836663246155 0.7667521834373474 0.15142782032489777 -0.6238274574279785 0.6984286904335022 0.22783754765987396 -0.6784448027610779 0.7713219523429871 0.2952781021595001 -0.5638025403022766 0.7560190558433533 0.3214550316333771 -0.5701770186424255 0.7290761470794678 0.406288206577301 -0.5507975220680237 0.6839944124221802 0.46848252415657043 -0.5591741800308228 0.6777504086494446 0.648900032043457 -0.3458079397678375 0.6761701703071594 0.6505395770072937 -0.3458210527896881 0.7298304438591003 0.5809661746025085 -0.3603135347366333 0.6308258771896362 0.7746433019638062 0.04457040876150131 0.7112129330635071 0.7007288336753845 -0.056172024458646774 0.7208279371261597 0.6831499338150024 -0.11710356920957565 0.7044286131858826 0.7019569873809814 -0.10505601763725281 0.7375559210777283 0.6526171565055847 -0.17349976301193237 0.7355228662490845 0.6551663875579834 -0.17251990735530853 0.7180527448654175 0.6410288214683533 -0.27107611298561096 0.813066303730011 0.5810098648071289 0.03675248101353645 0.7221816778182983 0.6847579479217529 0.0977763757109642 0.6223751902580261 0.7462359070777893 0.23618030548095703 0.6703898906707764 0.7075871825218201 0.22337794303894043 0.661893367767334 0.6493211984634399 0.3745386004447937 0.6026687622070312 0.14920911192893982 0.7839177250862122 0.6987730264663696 0.6247133016586304 0.34849613904953003 0.6582800149917603 0.6396517157554626 0.3968792259693146 0.6382462382316589 0.612581729888916 0.46624600887298584 0.6094318628311157 0.6245371699333191 0.4884118437767029 0.6337042450904846 0.5718336701393127 0.5209848284721375 0.628211259841919 0.5428778529167175 0.5573456883430481 0.6425029039382935 0.5009999871253967 0.5798181295394897 0.6235937476158142 0.5040940046310425 0.5975115299224854 0.6058201789855957 0.4551922380924225 0.652519702911377 0.5867758393287659 0.4559337794780731 0.6691924333572388 0.6062142252922058 0.40424081683158875 0.684904158115387 0.5967587828636169 0.3817243278026581 0.7058084011077881 0.6087002158164978 0.3387264907360077 0.7174597382545471 0.580999493598938 0.3322209119796753 0.743013322353363 0.5964125394821167 0.2662853002548218 0.7572213411331177 0.5724422335624695 0.2550595998764038 0.7792653441429138 0.587209939956665 0.21066945791244507 0.7815387845039368 0.5478729009628296 0.14143460988998413 0.8245189785957336 0.7225692868232727 0.6901134252548218 0.0404604934155941 0.7064938545227051 0.7065004110336304 0.04151696339249611 0.7065498232841492 0.7065564393997192 -0.039564892649650574 0.7216392159461975 0.6909691691398621 -0.04240822419524193 0.9846692085266113 -8.569001531708739E-17 -0.17443205416202545 0.16149939596652985 1.550573881032292E-16 0.9868727922439575 0.5092676877975464 1.1402539160255677E-16 0.8606081604957581 0.8158515691757202 4.936953701512106E-17 0.5782613754272461 0.9793947339057922 -2.2705520516345697E-17 0.20195531845092773 0.9807023406028748 0.0005778062622994184 0.19550582766532898 0.9999768733978271 -5.865431844495112E-17 -0.006800636183470488 0.994249165058136 -7.50266182824295E-17 -0.10709145665168762 0.9998980760574341 0.00400249008089304 -0.013705674558877945 0.995623767375946 -4.170841517478153E-17 0.09345248341560364 0.9078620076179504 1.7599281655496654E-17 0.4192691147327423 0.6029537320137024 9.817263398165561E-17 0.7977761626243591 0.19949758052825928 1.51710125653917E-16 0.9798983335494995 -0.2362910360097885 1.7540981635051671E-16 0.9716823101043701 -0.6560947895050049 1.6341982675411568E-16 0.75467848777771 -0.9293742179870605 1.1493446971319745E-16 0.3691388964653015 -0.9950991272926331 4.077396908911508E-17 -0.09888243675231934 -0.19949758052825928 1.7466156862073595E-16 0.9798983335494995 -0.2213129997253418 -0.0017807098338380456 0.9752011895179749 -0.6029525995254517 0.001975902123376727 0.7977745532989502 -0.6206098198890686 1.6628154080130413E-16 0.7841195464134216 -0.9078620076179504 1.220453774798463E-16 0.4192691147327423 -0.8982794880867004 0.0021688942797482014 0.4394192099571228 -0.9999040961265564 -0.001976175932213664 -0.013705757446587086 -0.9999628663063049 5.895615995919417E-17 0.008617975749075413 0.15967802703380585 0.6980339884757996 0.6980339884757996 0.15967592597007751 0.6980311274528503 0.698037326335907 0.4472731649875641 0.6980298161506653 0.5591968894004822 0.44727420806884766 0.6980369091033936 0.5591871738433838 0.64589923620224 0.6980389356613159 0.3091210424900055 0.6458995938301086 0.6980381608009338 0.3091220557689667 0.7160568237304688 0.6980377435684204 -0.0024283556267619133 0.7160628437995911 0.6980316042900085 -0.0024224023800343275 0.6437911987304688 0.6980329751968384 -0.31350094079971313 0.6437839865684509 0.6980385184288025 -0.3135034143924713 0.5130215287208557 0.7058970928192139 -0.4883832633495331 0.5130224227905273 0.7058959603309631 -0.4883839786052704 0.42554935812950134 0.7058960199356079 -0.566231906414032 0.4255475401878357 0.7058988213539124 -0.5662297606468201 0.32644572854042053 0.7058976888656616 -0.6286029815673828 0.3264463543891907 0.7058964967727661 -0.6286039352416992 0.21842125058174133 0.7058968544006348 -0.673796534538269 0.218421071767807 0.705897331237793 -0.6737961173057556 0.10442720353603363 0.7058977484703064 -0.7005735635757446 0.10442780703306198 0.7058948278427124 -0.7005764245986938 -0.012421120889484882 0.7058945894241333 -0.7082079648971558 -0.012421016581356525 0.7058922052383423 -0.7082103490829468 -0.12893012166023254 0.7058919668197632 -0.6964865922927856 -0.1289297193288803 0.7058952450752258 -0.6964833736419678 -0.2419152557849884 0.7058947086334229 -0.6657248735427856 -0.24191397428512573 0.7058992981910706 -0.665720522403717 -0.3482866585254669 0.7058998942375183 -0.616767168045044 -0.34828993678092957 0.7058923244476318 -0.6167739629745483 -0.5620067715644836 -1.0541687664560311E-16 -0.8271326422691345 -0.2457456737756729 0.8186033964157104 -0.5191315412521362 -0.5301751494407654 0.1757299154996872 -0.8294777274131775 -0.48933932185173035 0.07411438226699829 -0.8689385056495667 -0.47145527601242065 0.17565186321735382 -0.8642200827598572 -0.5301750302314758 0.17572934925556183 -0.8294779062271118 -0.45363301038742065 0.5389872789382935 -0.7097251415252686 -0.45363327860832214 0.5389869213104248 -0.7097252607345581 -0.28203463554382324 0.8519108891487122 -0.441253125667572 -0.29933151602745056 0.8422094583511353 -0.4484237730503082 -0.09066593647003174 0.9849435091018677 -0.1471935212612152 -0.09825184941291809 0.9844264388084412 -0.14577797055244446 -0.475445032119751 0.22804951667785645 -0.8496737480163574 -0.452629953622818 0.4194411337375641 -0.7868896126747131 -0.3946862816810608 0.5385984778404236 -0.7444020509719849 -0.3939082622528076 0.6413355469703674 -0.6584261655807495 -0.3292018175125122 0.7543830871582031 -0.5679193139076233 0.3303503692150116 -0.9438583850860596 -1.5551670495376764E-16 0.33034998178482056 -0.9438585042953491 -1.5551671818865744E-16 0.33036571741104126 -0.9438530206680298 6.138938624644652E-05 0.330350399017334 -0.9438583850860596 -1.5551669171887783E-16 0.33035343885421753 -0.9438573122024536 1.3956008842797019E-05 0.3303537666797638 -0.9438571929931641 -1.2938593499711715E-05 0.33035025000572205 -0.9438583850860596 -1.5551670495376764E-16 0.33035001158714294 -0.9438585042953491 2.2538610267019976E-07 0.3303503096103668 -0.9438583850860596 1.780563110287403E-07 0.3303513824939728 -0.9438580274581909 8.749528888074565E-07 0.33035045862197876 -0.9438583254814148 7.035019677914534E-08 0.3303498327732086 -0.9438585638999939 5.33281991010881E-07 0.33035027980804443 -0.9438583850860596 -1.5551670495376764E-16 0.3303503692150116 -0.9438583850860596 -1.9496381753469905E-07 0.330350399017334 -0.9438583850860596 -2.5305078921178392E-08 0.3303501605987549 -0.9438584446907043 4.5944767634864547E-07 0.330350399017334 -0.9438583850860596 3.848861496180689E-08 0.3303498923778534 -0.9438585638999939 5.647143552778289E-07 0.3303498923778534 -0.9438585638999939 5.594857270807552E-07 0.3303505480289459 -0.9438583254814148 -8.87437394681001E-08 0.33034980297088623 -0.9438585638999939 -5.448203523883421E-07 0.33035045862197876 -0.9438583254814148 -7.316797479006709E-08 0.33035042881965637 -0.9438583850860596 -1.5551669171887783E-16 0.3303506076335907 -0.94385826587677 -7.59240563752428E-08 0.3303500711917877 -0.9438585042953491 -3.9926010231283726E-07 0.3303501605987549 -0.9438584446907043 -4.237864175138384E-07 0.33035045862197876 -0.9438583254814148 -6.934162399829802E-08 0.330350399017334 -0.9438583850860596 3.471206255767356E-08 0.3303503692150116 -0.9438583850860596 8.582867394579807E-08 0.33035042881965637 -0.9438583254814148 -4.2449247672493584E-08 0.330350399017334 -0.9438583850860596 -1.5966142541401496E-07 0.3303503096103668 -0.9438583850860596 9.336097406276167E-08 0.3303505778312683 -0.9438583254814148 -1.4651438107193826E-07 0.3303509056568146 -0.9438582062721252 8.585913633396558E-07 0.33035019040107727 -0.9438584446907043 -6.47404988285416E-07 0.330350399017334 -0.9438583850860596 6.768431859427437E-08 0.33035027980804443 -0.9438583850860596 6.408765784726711E-08 0.330350399017334 -0.9438583850860596 -2.9413671498446092E-08 0.3303503096103668 -0.9438583850860596 2.948496735655226E-08 0.3303506374359131 -0.94385826587677 -1.5551667848398803E-16 0.33035042881965637 -0.9438583254814148 2.7525844714659797E-08 0.33035045862197876 -0.9438583254814148 7.316797479006709E-08 0.3303498327732086 -0.9438585638999939 -5.33281991010881E-07 0.33035898208618164 -0.943855345249176 -3.9411890611518174E-05 0.330350399017334 -0.9438583850860596 3.625480360369693E-08 0.3303503394126892 -0.9438583850860596 -1.2409062222218381E-08 0.3303506076335907 -0.94385826587677 8.367906190187568E-08 0.3303498923778534 -0.9438585638999939 -5.594857270807552E-07 0.3303498923778534 -0.9438585638999939 -5.647143552778289E-07 0.33035019040107727 -0.9438584446907043 -1.3748434923854802E-07 0.33035045862197876 -0.9438583254814148 5.8317642270822034E-08 0.3303505778312683 -0.9438583254814148 1.4651438107193826E-07 0.33035042881965637 -0.9438583850860596 3.3220981521253634E-08 0.33035045862197876 -0.9438583254814148 -1.489566869850023E-07 0.33035042881965637 -0.9438583850860596 -9.199990103070377E-08 0.33035045862197876 -0.9438583254814148 -1.2735186771806184E-07 0.3303503692150116 -0.9438583850860596 -8.997182021630579E-08 0.3303503692150116 -0.9438583850860596 3.3672054655653483E-07 0.33035048842430115 -0.9438583254814148 -5.73296858874528E-07 0.3303506076335907 -0.94385826587677 -8.367906190187568E-08 0.33035042881965637 -0.9438583850860596 -3.3220981521253634E-08 0.33035045862197876 -0.9438583254814148 7.244362620895117E-08 0.33035048842430115 -0.9438583254814148 1.3617416527722526E-07 0.1675436943769455 -0.9858646392822266 -1.6333383967507956E-16 0.19509056210517883 -0.9807852506637573 -1.6234892564588003E-16 0.5555704832077026 -0.8314694166183472 -1.3566348351487831E-16 0.09945396333932877 -0.9950421452522278 -1.6520586189785037E-16 0.19431233406066895 -0.9801744222640991 0.03874066472053528 0.32340744137763977 -0.9461714625358582 -0.012929415330290794 0.5795861482620239 -0.8144524097442627 0.027333859354257584 0.5555705428123474 -0.8314694166183472 -1.3566348351487831E-16 0.06351158767938614 -0.07203774899244308 0.9953777194023132 0.06326394528150558 -0.11371967941522598 -0.9914966225624084 0.0644102692604065 -0.06613041460514069 -0.995729923248291 0.14846883714199066 -0.0012986629735678434 0.9889162182807922 0.12006999552249908 0.000625043292529881 0.9927652478218079 0.07314638048410416 -0.007765184156596661 0.9972909688949585 0.14079447090625763 0.0011122663272544742 0.9900382161140442 0.22434017062187195 -0.0038331933319568634 0.9745033383369446 0.24111367762088776 0.014679350890219212 0.9703858494758606 0.30452919006347656 1.4110614665702002E-16 0.9525030255317688 0.3616564869880676 1.344574277119964E-16 0.9323114156723022 0.3842315077781677 -0.018618369475007057 0.9230490326881409 0.4184991121292114 -0.0037950724363327026 0.9082092642784119 0.4501360356807709 0.001802134676836431 0.8929581642150879 0.45967110991477966 1.2145484993182225E-16 0.8880892395973206 0.533410906791687 1.1017990834413655E-16 0.845856249332428 0.5398889780044556 0.007975798100233078 0.8416984677314758 0.6018407940864563 9.837653731137238E-17 0.7986160516738892 0.6674716472625732 8.561162506479696E-17 0.7446352243423462 0.6725286841392517 0.005382813513278961 0.7400514483451843 0.8317019939422607 4.4620990903474647E-17 0.5552222728729248 0.7861624956130981 0.0036858103703707457 0.6180088520050049 0.7826976180076599 5.862757735010851E-17 0.6224021315574646 0.7270292639732361 7.252196170973323E-17 0.6866064667701721 0.9129042625427246 1.546147472138398E-17 0.40817368030548096 0.9137980341911316 -0.00016412044351454824 0.4061689078807831 0.8758277893066406 0.004720470402389765 0.48260068893432617 0.9609031677246094 0.003739147214218974 0.27685946226119995 0.9559767246246338 0.010200604796409607 0.29326513409614563 0.8777099251747131 2.931293833338455E-17 0.4791922867298126 0.8805612325668335 0.007487121503800154 0.47387319803237915 0.8780316710472107 2.919621322278597E-17 0.4786025285720825 0.9167921543121338 1.3770851552584826E-17 0.39936473965644836 0.9210560321807861 0.0009008414926938713 0.389428973197937 0.926317036151886 0.004012488294392824 0.3767235279083252 0.9325864315032959 0.0116208391264081 0.3607596755027771 0.9432680606842041 0.03499837592244148 0.33018243312835693 0.9383999705314636 0.04803866147994995 0.342195600271225 0.9491653442382812 0.023197121918201447 0.3139219880104065 0.9645398855209351 0.0010008203098550439 0.26393523812294006 0.9670414328575134 0.00015446633915416896 0.25461912155151367 0.9683508276939392 1.6219995814026333E-05 0.24959301948547363 0.9683608412742615 -2.1006226234021597E-05 0.2495541274547577 0.9670736193656921 -0.00020816296455450356 0.25449660420417786 0.9646669030189514 -0.001391726080328226 0.26346880197525024 0.9683439135551453 0.0031296946108341217 0.24960015714168549 0.9609198570251465 -0.003834399161860347 0.27680009603500366 0.9260342121124268 -0.005024718586355448 0.37740620970726013 0.9209537506103516 -0.0011038181837648153 0.38967034220695496 0.9562347531318665 -0.012581679038703442 0.29232990741729736 0.9492942690849304 -0.03278079256415367 0.31267520785331726 0.9427775144577026 -0.056072209030389786 0.328673779964447 0.9392809867858887 -0.037566978484392166 0.34108641743659973 0.9320743680000305 -0.015061252750456333 0.36195382475852966 0.968359649181366 -2.10568086913554E-05 -0.249558687210083 0.967073380947113 -0.0002083098515868187 -0.2544977068901062 0.9350265860557556 -0.08064249902963638 -0.3452855050563812 0.943051815032959 -0.05063550919294357 -0.32876941561698914 0.9320647120475769 -0.015044733881950378 -0.3619793653488159 0.9260395169258118 -0.0050333100371062756 -0.37739303708076477 0.9492835402488708 -0.032821640372276306 -0.3127034604549408 0.9562273025512695 -0.012595186941325665 -0.2923538386821747 0.9682860374450684 0.011371620930731297 -0.24958524107933044 0.961231529712677 -0.005390132777392864 -0.27568987011909485 0.9646685123443604 -0.0013909414410591125 -0.2634628713130951 0.9688464999198914 -1.448705761415774E-17 0.2476620227098465 0.9860434532165527 -2.899441424054753E-17 0.16648831963539124 0.9861904978752136 0.0004614686476998031 0.1656143218278885 0.9999998807907104 -0.00047160431859083474 4.96851039372682E-18 0.9860433340072632 0.0004664276784751564 -0.16648828983306885 0.9861950278282166 -8.43049443947592E-17 -0.16558796167373657 0.9688464999198914 -9.697508159547074E-17 -0.2476620227098465 0.9683520197868347 1.6181256796699017E-05 -0.24958840012550354 0.9670417308807373 0.00015436021203640848 -0.25461792945861816 0.9645382165908813 0.0010013747960329056 -0.26394131779670715 0.9609013199806213 0.0037416210398077965 -0.27686575055122375 0.9263113737106323 0.00400579022243619 -0.3767375349998474 0.955984354019165 0.010190912522375584 -0.29324057698249817 0.9491751194000244 0.023173008114099503 -0.3138943314552307 0.943075954914093 0.037661291658878326 -0.33043810725212097 0.9400119781494141 0.027530072256922722 -0.3400287330150604 0.9325962662696838 0.011633102782070637 -0.36073383688926697 0.9210494160652161 0.0008994151139631867 -0.3894447386264801 0.9167921543121338 -1.1924433216750494E-16 -0.39936473965644836 0.8780316710472107 -1.3021044421913274E-16 -0.4786025285720825 0.8805612325668335 0.007487121503800154 -0.47387319803237915 0.8793575167655945 0.004300226923078299 -0.4761427044868469 0.9137980341911316 -0.00016412044351454824 -0.4061689078807831 0.9129042625427246 -1.2048767065495585E-16 -0.40817368030548096 0.9209603071212769 -0.001105582807213068 -0.38965481519699097 0.8758375644683838 -1.307509571185994E-16 -0.48260605335235596 0.8317019939422607 -1.4030517112627268E-16 -0.5552222728729248 0.7861624956130981 0.0036858103703707457 -0.6180088520050049 0.7826976180076599 -1.4867398899404317E-16 -0.6224021315574646 0.7270292639732361 -1.5616393076969853E-16 -0.6866064667701721 0.6725286841392517 0.005382813513278961 -0.7400514483451843 0.6674716472625732 -1.624017196212956E-16 -0.7446352243423462 0.6018407940864563 -1.6761605444459308E-16 -0.7986160516738892 0.5398889780044556 0.007975798100233078 -0.8416984677314758 0.533410906791687 -1.7154681671544507E-16 -0.845856249332428 0.4506394863128662 -1.74587598821639E-16 -0.892706036567688 0.45966827869415283 0.0035081638488918543 -0.8880837559700012 0.4184991121292114 -0.0037950724363327026 -0.9082092642784119 0.361511766910553 -0.028285246342420578 -0.9319384098052979 0.07314638048410416 -0.007765184156596661 -0.9972909688949585 0.12006999552249908 0.000625043292529881 -0.9927652478218079 0.1407945156097412 -0.0007780996966175735 -0.9900385141372681 0.14808331429958344 0.0006835178937762976 -0.9889746308326721 0.22434017062187195 -0.0038331933319568634 -0.9745033383369446 0.24111367762088776 0.014679350890219212 -0.9703858494758606 0.30452919006347656 -1.76141083716683E-16 -0.9525030255317688 0.3842981159687042 -1.758512131602648E-16 -0.9232090711593628 -0.14116142690181732 0.0030088762287050486 0.989982008934021 -0.15064020454883575 0.001531070563942194 0.988587498664856 -0.1364838033914566 0.003806974273175001 0.9906349778175354 -0.12863270938396454 0.0053956410847604275 0.9916776418685913 -0.12026134133338928 0.007557332050055265 0.9927135109901428 -0.1056201159954071 0.012262273579835892 0.9943309426307678 -0.07854732125997543 0.026497595012187958 0.9965581893920898 -0.13943879306316376 -0.04068440571427345 0.9893945455551147 -0.05805286765098572 0.002671503461897373 0.9983099102973938 -0.44241863489151 1.747979409252439E-16 0.8968086242675781 -0.4165101647377014 0.009022857993841171 0.909086287021637 -0.40910038352012634 0.012419079430401325 0.9124048352241516 -0.41445887088775635 0.020885437726974487 0.9098283648490906 -0.4074108302593231 0.008934751152992249 0.9132012724876404 -0.40183308720588684 0.00991781335324049 0.9156592488288879 -0.36568233370780945 1.7603448991422696E-16 0.93073970079422 -0.2999981641769409 1.7611970936965462E-16 0.9539397954940796 -0.3078732192516327 0.002645355649292469 0.951423704624176 -0.22092527151107788 -0.003489155787974596 0.9752845168113708 -0.22898352146148682 1.7528055118183183E-16 0.9734302759170532 -0.16881564259529114 1.7385410799398618E-16 0.9856476187705994 -0.37743186950683594 -0.04550517722964287 0.9249186515808105 -0.4523134231567383 0.007184986490756273 0.8918300867080688 -0.49068400263786316 -0.004431708250194788 0.8713263273239136 -0.5244632363319397 0.011158933863043785 0.8513599634170532 -0.538555920124054 1.7129879488057717E-16 0.8425897359848022 0.7318205237388611 7.139552700389322E-17 0.6814974546432495 0.7242187261581421 0.013534149155020714 0.6894375085830688 0.6313865184783936 -0.010350130498409271 0.7753992080688477 -0.021151268854737282 1.696515755611472E-05 0.999776303768158 -0.012434002012014389 -1.1528967661433853E-05 0.9999226927757263 -0.006340231746435165 0.0003387423057574779 0.9999798536300659 -0.0019719796255230904 0.0007645575096830726 0.9999977350234985 0.00820296909660101 0.002121715107932687 0.9999641180038452 0.024663683027029037 0.006742615252733231 0.999673068523407 0.023760033771395683 0.0071113272570073605 0.9996923804283142 0.1063769981265068 -0.01676766574382782 0.9941844940185547 0.0896768793463707 1.6070398766231217E-16 0.9959709048271179 0.18821710348129272 1.527302444899868E-16 0.9821274280548096 0.1608249545097351 0.019734332337975502 0.9867856502532959 0.26781561970710754 -0.032567329704761505 0.9629195928573608 0.24440258741378784 -0.004013102035969496 0.96966552734375 0.346675306558609 0.0022792797535657883 0.937982439994812 0.3804919719696045 -0.021950485184788704 0.924523651599884 0.42227134108543396 0.0038184323348104954 0.9064614176750183 0.45193490386009216 1.2255961912305827E-16 0.8920509219169617 0.4957548677921295 1.1611069407446825E-16 0.8684625029563904 0.5146597027778625 -0.01623973250389099 0.8572407364845276 0.5651516914367676 0.006383538246154785 0.824962317943573 0.5831635594367981 1.0173886106527792E-16 0.8123547434806824 0.6399067640304565 9.116362163158348E-17 0.768452525138855 0.9951008558273315 -4.077696348293252E-17 0.09886503964662552 0.9293791651725769 -1.1493268300307433E-16 -0.36912643909454346 0.6560973525047302 -1.6341960176098906E-16 -0.7546762824058533 0.23629002273082733 -1.754097898807371E-16 -0.9716825485229492 -0.23629209399223328 -1.482253129949046E-16 -0.971682071685791 -0.6560973525047302 -8.79380804637697E-17 -0.7546762824058533 -0.9293791651725769 -8.011116019581127E-18 -0.36912643909454346 -0.9951017498970032 7.370420132841852E-17 0.098856121301651 0.8183578848838806 4.863376978642249E-17 0.5747089385986328 -0.9850472807884216 2.797189988942378E-17 -0.17228423058986664 -0.5747119188308716 -1.0322439803608436E-16 -0.8183557987213135 -0.9850472807884216 8.535407410927245E-17 0.17228423058986664 0.8183578848838806 -1.427827557318813E-16 -0.5747089385986328 -0.818352997303009 -4.8635215698133235E-17 -0.5747159123420715 0.9850472807884216 -2.797189988942378E-17 0.17228423058986664 -0.5747119188308716 1.6934283698668938E-16 0.8183557987213135 -0.817322850227356 1.42968189772881E-16 0.5761799216270447 0.9850472807884216 -8.535407410927245E-17 -0.17228423058986664 6.037371674571916E-18 -0.7071059346199036 -0.7071076035499573 0.6123970746994019 0.09132932871580124 -0.78525710105896 0.5507158041000366 0.03808772191405296 -0.8338233828544617 0.998271107673645 0.018168969079852104 0.055898502469062805 0.9953402876853943 0.01059967651963234 0.09584024548530579 0.9866674542427063 0.09231080859899521 0.1340373456478119 0.9911401867866516 0.06087848171591759 0.11804649978876114 0.9937156438827515 0.041426196694374084 0.10398620367050171 0.9952195882797241 0.02822052128612995 0.09349663555622101 0.9963553547859192 0.018985699862241745 0.08315946161746979 0.9404676556587219 0.004386072512716055 0.339854896068573 0.9426637291908264 0.006729235406965017 0.333676278591156 0.9444390535354614 0.009242672473192215 0.32855653762817383 0.9468923807144165 0.013264372013509274 0.3212769031524658 0.9498384594917297 0.02026555873453617 0.3120836019515991 0.9517078995704651 0.025920581072568893 0.30590882897377014 0.9550266265869141 0.03784256801009178 0.2940952777862549 0.9582524299621582 0.0569889135658741 0.28018659353256226 0.9575331807136536 0.051787082105875015 0.2836340665817261 0.9642592072486877 0.03331594914197922 0.26285770535469055 0.9715791940689087 0.012223712168633938 0.23639895021915436 0.9765955805778503 0.0037998754996806383 0.21505029499530792 0.979648768901825 -2.9642260415130295E-05 0.20071955025196075 0.9825987815856934 1.4784294762648642E-05 0.18574078381061554 0.9340212941169739 0.006042536813765764 0.35716620087623596 0.9350829124450684 5.235408903763486E-18 0.3544290363788605 0.9091976284980774 1.7038798961681748E-17 0.416364848613739 0.88670414686203 0.026293601840734482 0.4615890383720398 0.8651053309440613 3.376800738114205E-17 0.5015902519226074 0.6058228015899658 9.764513759630809E-17 0.795599639415741 0.6643694043159485 0.019616130739450455 0.7471469044685364 0.6494479775428772 1.9246470401412807E-05 0.7604060173034668 0.7263482809066772 -4.1179141589964274E-06 0.6873267889022827 0.7825690507888794 0.009993253275752068 0.6224835515022278 0.77742600440979 0.017928246408700943 0.6287188529968262 0.8285861611366272 4.5572827634339416E-17 0.5598616003990173 0.5141927003860474 1.132535592991509E-16 0.8576747179031372 0.537286639213562 -0.0070287371054291725 0.8433703780174255 0.5371946096420288 -0.007075234781950712 0.8434286713600159 0.5567848682403564 1.0630413042296219E-16 0.8306567072868347 0.5395033955574036 -1.712523271824864E-16 -0.841983437538147 0.5140289664268494 -0.02523024193942547 -0.8574016690254211 0.5567848682403564 -1.703601367912316E-16 -0.8306567072868347 0.5383681654930115 -0.009708157740533352 -0.8426538109779358 0.5581492185592651 -0.000383293314371258 -0.8297405242919922 0.6507545113563538 0.0017073584022000432 -0.7592862844467163 0.6494479775428772 1.7668071450316347E-05 -0.7604060173034668 0.7263515591621399 -3.5637226574181113E-06 -0.6873233318328857 0.7753548622131348 0.008654301054775715 -0.6314665079116821 0.782474935054779 0.018449638038873672 -0.6224086880683899 0.8266558647155762 -1.4126149779350238E-16 -0.562707781791687 0.951958417892456 0.02543230727314949 -0.3051694631576538 0.9802955389022827 0.00021061190636828542 -0.1975363790988922 0.9762915372848511 0.002755683846771717 -0.21644224226474762 0.9714322686195374 0.014224712736904621 -0.23689033091068268 0.9578399658203125 0.045197516679763794 -0.28372490406036377 0.9601761102676392 0.06900094449520111 -0.2707410156726837 0.9558469653129578 0.042772989720106125 -0.2907354235649109 0.947701096534729 0.01517356839030981 -0.3187984228134155 0.9444364309310913 0.008763741701841354 -0.3285771906375885 0.9410907626152039 0.00502757029607892 -0.33811676502227783 0.8668252825737 -1.3289806652588083E-16 -0.4986119568347931 0.8867118954658508 0.02595922164618969 -0.46159306168556213 0.9106240272521973 -1.2119953567267408E-16 -0.4132358729839325 0.935634195804596 -1.1260211155337353E-16 -0.3529711961746216 0.9340135455131531 0.0073639522306621075 -0.35716161131858826 0.9983154535293579 0.015528555028140545 -0.055902983993291855 0.9981858730316162 -2.7932611601499957E-07 0.0602075569331646 0.9982757568359375 2.723249679092987E-07 -0.058698490262031555 0.9965918064117432 0.016910923644900322 -0.08073875308036804 0.9958146214485168 0.023495405912399292 -0.08832413703203201 0.9950225353240967 0.03043554164469242 -0.09488862007856369 0.9940333366394043 0.038631144911050797 -0.10200653970241547 0.9923189282417297 0.05255376547574997 -0.11198746412992477 0.990618109703064 0.06558120250701904 -0.11989525705575943 0.9951421022415161 0.02259545959532261 -0.09582115709781647 0.9846904873847961 0.0010805627098307014 -0.1743086278438568 0.9819598197937012 -0.00013673855573870242 -0.1890897899866104 -0.9951017498970032 4.077850203887187E-17 -0.098856121301651 -0.9293791651725769 1.1493268300307433E-16 0.36912643909454346 -0.6560973525047302 1.6341960176098906E-16 0.7546762824058533 -0.23629209399223328 1.7540982958540651E-16 0.971682071685791 0.23629002273082733 1.4822551151825162E-16 0.9716825485229492 0.6560973525047302 8.79380804637697E-17 0.7546762824058533 0.9293791651725769 8.011116019581127E-18 0.36912643909454346 0.9951008558273315 -7.370563731396191E-17 -0.09886503964662552 0.2229938805103302 1.4951281630962095E-16 0.9748198390007019 0.6246232390403748 9.412007101996641E-17 0.7809262871742249 0.9020185470581055 2.0005116614772434E-17 0.4316972494125366 0.9999942779541016 -5.808754090667469E-17 -0.003391269128769636 0.8990673422813416 -1.2462722654730602E-16 -0.43781033158302307 -0.21066102385520935 -1.5067842628927147E-16 -0.9775591492652893 0.007821988314390182 0.04570654034614563 -0.9989243149757385 -0.017533177509903908 0.018280010670423508 -0.9996791481971741 0.04832002893090248 -1.69118439430116E-16 -0.9988319277763367 0.07408932596445084 -1.7033759777390075E-16 -0.9972516298294067 0.14742203056812286 0.01084840390831232 -0.989014208316803 0.1562654972076416 -1.7347647688329857E-16 -0.9877150654792786 0.3083675503730774 -1.7615609208171715E-16 -0.9512673020362854 0.46087726950645447 -1.743035251469536E-16 -0.8874638676643372 0.6007907390594482 -1.6768725815172165E-16 -0.7994063496589661 0.7242850661277771 -1.564880532209213E-16 -0.689500629901886 -0.4405137300491333 -8.944302680902183E-05 -0.8977458477020264 -0.4409392178058624 -1.2410573218448319E-16 -0.8975369334220886 -0.4499630331993103 0.005266149062663317 -0.893031656742096 -0.44496166706085205 0.0018783226842060685 -0.89554762840271 -0.49139636754989624 0.03592956066131592 -0.8701946139335632 -0.49034371972084045 0.037498097866773605 -0.8707220554351807 -0.538555920124054 -1.093399692978155E-16 -0.8425897359848022 -0.34153541922569275 -1.3687343037536168E-16 -0.9398689270019531 -0.32817402482032776 0.009437655098736286 -0.9445701241493225 -0.40474754571914673 4.9840498832054436E-05 -0.9144284725189209 -0.023579100146889687 0.02044205367565155 -0.9995129704475403 -0.06260222941637039 -0.0007457496831193566 -0.9980382919311523 -0.1820223331451416 0.0015113605186343193 -0.9832932353019714 -0.13832759857177734 0.03300360590219498 -0.9898364543914795 -0.14875122904777527 0.02710505947470665 -0.988503098487854 0.6455243229866028 -0.7071029543876648 0.28862395882606506 0.04506970942020416 -0.7064269185066223 0.7063495516777039 0.03389934077858925 -0.7619951367378235 0.6466948390007019 0.023430366069078445 -0.8636407256126404 0.5035629868507385 0.023076340556144714 -0.8680419325828552 -0.495954304933548 0.14818589389324188 -0.7058252096176147 0.6927132606506348 0.13475577533245087 -0.7994958162307739 0.5853608250617981 0.0995626300573349 -0.7070652842521667 0.7001042366027832 0.37072083353996277 -0.7058270573616028 0.6036341786384583 0.3328465521335602 -0.7814270853996277 0.5278114080429077 0.3250476121902466 -0.7070827484130859 0.6279952526092529 0.26324814558029175 -0.7058277130126953 0.6576531529426575 0.23525971174240112 -0.7907182574272156 0.5651703476905823 0.21534521877765656 -0.7070720791816711 0.6735543608665466 0.5138969421386719 -0.7098913192749023 0.48162660002708435 0.5140968561172485 -0.7070936560630798 0.4855131208896637 0.4675053060054779 -0.7058256268501282 0.532211422920227 0.42459774017333984 -0.7715831398963928 0.4736836850643158 0.42557621002197266 -0.707089364528656 0.5647207498550415 0.6182321310043335 -0.7058265805244446 0.3458292484283447 0.5436437726020813 -0.6955978870391846 0.4696754813194275 0.6333787441253662 -0.5790622234344482 0.5133402943611145 0.6631820201873779 -0.5311098694801331 0.5273631811141968 0.5688605904579163 -0.7068014740943909 0.42051076889038086 0.5881083011627197 -0.7070993781089783 0.3926055431365967 0.5792237520217896 -0.7500889301300049 0.3191652297973633 0.6368157863616943 -0.7383615970611572 0.22200852632522583 0.6678290367126465 -0.7058274745941162 0.23624545335769653 0.6847264766693115 -0.7071061730384827 0.17649498581886292 0.6784284114837646 -0.7253769040107727 0.11646135151386261 0.6984173655509949 -0.7059087157249451 0.11792414635419846 0.7083838582038879 -0.7058274149894714 -1.1396862716020093E-16 0.6984173655509949 -0.7059087157249451 -0.11792414635419846 0.6784284114837646 -0.7253769040107727 -0.11646135151386261 0.6847264766693115 -0.7071061730384827 -0.17649498581886292 0.6687744855880737 -0.7059615254402161 -0.23315007984638214 0.6373487710952759 -0.7368534207344055 -0.22546300292015076 0.6455243229866028 -0.7071029543876648 -0.28862395882606506 0.620267927646637 -0.7060121297836304 -0.34178146719932556 0.5799917578697205 -0.7472277879714966 -0.3244381844997406 0.5881083011627197 -0.7070993781089783 -0.3926055431365967 0.5688605904579163 -0.7068014740943909 -0.42051076889038086 0.6631820201873779 -0.5311098694801331 -0.5273631811141968 0.6333787441253662 -0.5790622234344482 -0.5133402943611145 0.5500348210334778 -0.6883264780044556 -0.47293588519096375 0.5083476305007935 -0.7149142622947693 -0.48008355498313904 0.5171042084693909 -0.7070689797401428 -0.48234501481056213 0.4726376533508301 -0.7061107158660889 -0.5272772908210754 0.424957275390625 -0.7650971412658691 -0.48377442359924316 0.42557621002197266 -0.707089364528656 -0.5647207498550415 0.37768271565437317 -0.7061601281166077 -0.598910391330719 0.33215340971946716 -0.7727681398391724 -0.5408359169960022 0.3250476121902466 -0.7070827484130859 -0.6279952526092529 0.27208495140075684 -0.7062075138092041 -0.6536365151405334 0.23269103467464447 -0.7796975374221802 -0.5813145637512207 0.21534521877765656 -0.7070720791816711 -0.6735543608665466 0.15882545709609985 -0.7062506079673767 -0.6899163126945496 0.12933789193630219 -0.7859537601470947 -0.6046059727668762 0.0995626300573349 -0.7070652842521667 -0.7001042366027832 0.03827343508601189 -0.7061985731124878 -0.7069785594940186 0.04052088409662247 -0.7714003920555115 -0.6350587010383606 0.5446143746376038 -0.7070764303207397 0.4510411322116852 0.6034696102142334 -0.5656955242156982 0.561972439289093 0.5112878084182739 -0.706504762172699 0.489321768283844 0.45282524824142456 -0.7065706253051758 0.5437896847724915 0.37069422006607056 -0.8063886165618896 0.4607854187488556 0.4123898446559906 -0.7070537209510803 0.5744646787643433 0.36033591628074646 -0.7061927318572998 0.6094668507575989 0.33149293065071106 -0.7650117874145508 0.5521498322486877 0.06346438825130463 -0.7065123915672302 0.7048493027687073 0.06263570487499237 -0.794755756855011 0.6036887168884277 0.11374759674072266 -0.7070755362510681 0.6979295611381531 0.1730426847934723 -0.7061964273452759 0.6865441203117371 0.17304109036922455 -0.7062015533447266 0.6865392923355103 0.26945674419403076 -0.7062020301818848 0.6547303199768066 0.2694598436355591 -0.7061949968338013 0.6547365784645081 0.31956976652145386 -0.7070989608764648 0.6307822465896606 0.15967820584774017 -0.6980331540107727 -0.6980347633361816 0.15967611968517303 -0.6980302929878235 -0.6980381608009338 0.4472736716270447 -0.6980289816856384 -0.5591974854469299 0.44727471470832825 -0.6980360746383667 -0.5591877698898315 0.6458999514579773 -0.6980381608009338 -0.30912140011787415 0.645900309085846 -0.698037326335907 -0.3091224133968353 0.7160576581954956 -0.6980369091033936 0.0024283581878989935 0.7160636782646179 -0.6980307698249817 0.0024224049411714077 0.643791913986206 -0.6980321407318115 0.3135012686252594 0.643784761428833 -0.6980376839637756 0.3135037422180176 -0.713679313659668 -0.6968733668327332 0.07091790437698364 -0.7136711478233337 -0.696884036064148 0.07089504599571228 -0.6665335893630981 -0.696882426738739 -0.2647410035133362 -0.6665398478507996 -0.6968786716461182 -0.2647351920604706 -0.47054415941238403 -0.6968784332275391 -0.5412473082542419 -0.4705546796321869 -0.6968736052513123 -0.541244387626648 -0.16946567595005035 -0.6968771815299988 -0.6968813538551331 -0.16946181654930115 -0.6968789100646973 -0.6968805193901062 -0.7136833667755127 -0.6968711018562317 0.07089925557374954 -0.7136712670326233 -0.6968830823898315 0.07090339809656143 -0.6665360927581787 -0.6968836188316345 -0.26473167538642883 -0.66653972864151 -0.6968787312507629 -0.2647354304790497 -0.47054579854011536 -0.6968787312507629 -0.5412455201148987 -0.47054368257522583 -0.6968857645988464 -0.5412383079528809 -0.16946491599082947 -0.6968838572502136 -0.6968748569488525 -0.1694638580083847 -0.6968786716461182 -0.6968802809715271 0.16946464776992798 -0.6968785524368286 -0.6968801617622375 0.1694614291191101 -0.6968834400177002 -0.6968761086463928 0.4705410897731781 -0.6968861222267151 -0.5412400960922241 0.4705479145050049 -0.6968790888786316 -0.5412431955337524 0.6665407419204712 -0.6968784928321838 -0.26473352313041687 0.6665355563163757 -0.6968833208084106 -0.26473379135131836 0.7136713266372681 -0.6968829035758972 0.07090451568365097 0.7136690020561218 -0.6968854069709778 0.07090317457914352 0.16946537792682648 -0.6968784928321838 -0.6968801021575928 0.16946232318878174 -0.6968767642974854 -0.6968826055526733 0.4705464541912079 -0.6968747973442078 -0.5412499904632568 0.47055086493492126 -0.6968796253204346 -0.5412399768829346 0.6665361523628235 -0.6968796253204346 -0.26474201679229736 0.6665356159210205 -0.6968833804130554 -0.26473352313041687 0.7136711478233337 -0.6968841552734375 0.07089447975158691 0.7136707901954651 -0.6968843936920166 0.07089501619338989 -0.23363889753818512 1.7536402363180578E-16 0.9723234176635742 -0.6498971581459045 1.6395321928286947E-16 0.7600221633911133 -0.9242569804191589 1.1674375855831224E-16 0.3817708492279053 -0.9968080520629883 4.404423425828837E-17 -0.0798354223370552 -0.8517099618911743 -3.8272766822656834E-17 -0.5240135192871094 -0.5206465721130371 -1.1223243461145623E-16 -0.8537722826004028 -0.23171786963939667 -1.4867177876744643E-16 -0.9727830290794373 -0.07786871492862701 -1.6154854568517372E-16 -0.996963620185852 0.07786865532398224 -1.7050704406802101E-16 -0.996963620185852 0.23171786963939667 -1.75330049669687E-16 -0.9727830290794373 0.5206489562988281 -1.721307532883483E-16 -0.8537708520889282 0.8517099618911743 -1.3625878885812048E-16 -0.5240135192871094 0.9968080520629883 -7.063477230325065E-17 -0.0798354223370552 0.9242569804191589 1.0411478351924256E-17 0.3817708492279053 0.6498971581459045 8.918501222380154E-17 0.7600221633911133 0.23363889753818512 1.4848474330478084E-16 0.9723234176635742 -0.9659259915351868 9.866499173458187E-17 0.2588183879852295 -0.7071057558059692 1.5843203353953933E-16 0.7071077823638916 -0.2588202953338623 1.7574705457753213E-16 0.9659255146980286 0.2588202953338623 1.4597076275221988E-16 0.9659255146980286 0.7071057558059692 7.708218195695847E-17 0.7071077823638916 0.9659259915351868 -1.2461154982033691E-17 0.2588183879852295 0.9659259915351868 -9.866499173458187E-17 -0.2588183879852295 0.2588183879852295 -1.7574702810775253E-16 -0.9659259915351868 -0.2588183879852295 -1.459709480406771E-16 -0.9659259915351868 -0.9659259915351868 1.2461154982033691E-17 -0.2588183879852295 -0.9659259915351868 5.0431918163047415E-17 0.2588183581829071 -0.9659259915351868 9.866498511713697E-17 0.2588183581829071 -0.7071064710617065 1.5843195413020052E-16 0.7071071267127991 -0.2588191032409668 1.7574704134264233E-16 0.9659258127212524 0.2588191032409668 1.4597088186622809E-16 0.9659258127212524 0.7071069478988647 7.708190402427265E-17 0.7071065902709961 0.9659257531166077 -1.246098623718873E-17 0.2588193118572235 0.9659257531166077 -9.866513070092478E-17 -0.2588193118572235 0.7071069478988647 -1.5843190119064132E-16 -0.7071065902709961 0.2588191032409668 -1.7574704134264233E-16 -0.9659258127212524 -0.2588191032409668 -1.4597088186622809E-16 -0.9659258127212524 -0.7071064710617065 -7.708202313828086E-17 -0.7071071267127991 -0.9659259915351868 1.2461160772297979E-17 -0.2588183581829071 -0.9659259915351868 6.06942318622906E-17 -0.2588183581829071 -0.2588183879852295 1.7574702810775253E-16 0.9659259915351868 0.2588183879852295 1.459709480406771E-16 0.9659259915351868 0.7071057558059692 -1.5843203353953933E-16 -0.7071077823638916 0.2588202953338623 -1.7574705457753213E-16 -0.9659255146980286 -0.2588202953338623 -1.4597076275221988E-16 -0.9659255146980286 -0.7071057558059692 -7.708218195695847E-17 -0.7071077823638916 0.26325875520706177 -1.7580249553090789E-16 -0.9647252559661865 0.3826833665370941 -1.7586999346889221E-16 -0.9238795638084412 0.4960115849971771 -1.7313578435004513E-16 -0.8683159351348877 0.7111987471580505 -1.5798188846763287E-16 -0.7029909491539001 0.9353716373443604 -1.1270277612519878E-16 -0.35366642475128174 0.998397707939148 -4.800745178765449E-17 0.056586191058158875 0.8894193768501282 2.4958945793397356E-17 0.4570920765399933 -0.370767742395401 1.759915956363824E-16 0.9287256002426147 0.02299259603023529 1.6516681897293787E-16 0.9997356534004211 0.4130709767341614 1.2790069125108867E-16 0.9106988310813904 0.7370204329490662 7.015933535693477E-17 0.6758704781532288 -0.46795472502708435 1.7409256100352807E-16 0.8837524652481079 -0.29401329159736633 1.7608545747485003E-16 0.9558013081550598 -0.999064564704895 5.026788824757815E-17 -0.043243080377578735 -0.9360461235046387 1.1244363698289817E-16 0.351877361536026 -0.723178505897522 1.5661767573163081E-16 0.6906611919403076 -0.3945358395576477 1.7571928777872995E-16 0.9188805818557739 -0.9521268010139465 3.859458474869304E-18 -0.30570337176322937 -0.7459871768951416 -6.79931610908952E-17 -0.6659603118896484 -0.4113278388977051 -1.2813230182260352E-16 -0.9114874601364136 -0.005802453961223364 -1.661968772112481E-16 -0.9999831914901733 -0.8823854327201843 1.2911610412105978E-16 0.4705273509025574 -0.6758680939674377 -8.386088737216113E-17 -0.7370226383209229 -0.9106992483139038 -1.6403736009477837E-17 -0.41307011246681213 -0.9997356534004211 5.3678870073836516E-17 -0.02299259603023529 -0.9287248253822327 1.1516871402778267E-16 0.370769739151001 -0.45709028840065 -1.2182497685999278E-16 -0.8894202709197998 -0.056586191058158875 -1.630116098130983E-16 -0.998397707939148 0.35366642475128174 -1.761146536417507E-16 -0.9353716373443604 0.7029909491539001 -1.5887661995772943E-16 -0.7111987471580505 0.8611844778060913 -1.3418572865927478E-16 -0.508292555809021 0.9067431092262268 -1.2238309216289455E-16 -0.4216834604740143 0.9899762272834778 -8.046674694317434E-17 -0.14123429358005524 0.9401997923851013 2.6419910950517595E-18 0.34062352776527405 0.669793426990509 8.513038461930341E-17 0.7425474524497986 0.24221035838127136 1.4764202493160162E-16 0.9702237844467163 -0.1941375732421875 1.7453243580094907E-16 0.9809743165969849 -0.5531466007232666 1.705550602482185E-16 0.8330839276313782 -0.8287622332572937 1.4086524519286498E-16 0.5596008896827698 0.4960115849971771 1.1607151880065774E-16 0.8683159351348877 0.3826833665370941 1.3184370902989624E-16 0.9238795638084412 0.26325875520706177 1.455155619524095E-16 0.9647252559661865 -0.005802453961223364 1.668644318179131E-16 0.9999831914901733 -0.4113278388977051 1.7545402088245155E-16 0.9114874601364136 -0.7459871768951416 1.5381618043303622E-16 0.6659603118896484 -0.9521268010139465 1.0567913922189672E-16 0.30570337176322937 -0.3945358395576477 -1.3032942587844237E-16 -0.9188805818557739 -0.723178505897522 -7.341871152052442E-17 -0.6906611919403076 -0.9360461235046387 -4.755064294873331E-18 -0.351877361536026 -0.999064564704895 6.467072729484942E-17 0.043243080377578735 -0.29401329159736633 -1.4226033492677242E-16 -0.9558013081550598 -0.46795472502708435 -1.202561394927798E-16 -0.8837524652481079 0.7370204329490662 -1.5495075459610375E-16 -0.6758704781532288 0.4130709767341614 -1.7542294536119916E-16 -0.9106988310813904 0.02299259603023529 -1.6781203669276405E-16 -0.9997356534004211 -0.370767742395401 -1.3333616784806852E-16 -0.9287256002426147 0.8894193768501282 -1.272832968767689E-16 -0.4570920765399933 0.998397707939148 -6.68544377898751E-17 -0.056586191058158875 0.9353716373443604 5.091801250437543E-18 0.35366642475128174 0.7111987471580505 7.616114612338273E-17 0.7029909491539001 -0.2632589638233185 1.7580249553090789E-16 0.9647251963615417 -0.38268306851387024 1.7586999346889221E-16 0.9238796830177307 -0.4960120916366577 1.7313575788026553E-16 0.8683156371116638 -0.7111954092979431 1.579822590445473E-16 0.7029944062232971 -0.9353716373443604 1.1270277612519878E-16 0.35366642475128174 -0.9983975887298584 4.8007074593295167E-17 -0.05658842995762825 -0.8894212245941162 -2.4958250961682812E-17 -0.45708850026130676 0.370767742395401 -1.759915956363824E-16 -0.9287256002426147 -0.022992756217718124 -1.6516681897293787E-16 -0.9997356534004211 -0.41307011246681213 -1.2790081036509688E-16 -0.9106992483139038 -0.7370215654373169 -7.015906404169385E-17 -0.6758692264556885 0.46795472502708435 -1.7409256100352807E-16 -0.8837524652481079 0.29401329159736633 -1.7608545747485003E-16 -0.9558013081550598 0.9990648031234741 -5.026867241479885E-17 0.04323843494057655 0.9360461235046387 -1.1244363698289817E-16 -0.351877361536026 0.723178505897522 -1.5661767573163081E-16 -0.6906611919403076 0.3945358395576477 -1.7571928777872995E-16 -0.9188805818557739 0.9521268010139465 -3.859458474869304E-18 0.30570337176322937 0.7459871768951416 6.79931610908952E-17 0.6659603118896484 0.4113278388977051 1.2813230182260352E-16 0.9114874601364136 0.005802427884191275 1.661968772112481E-16 0.9999831914901733 -0.9287248253822327 -8.322422961573622E-18 -0.370769739151001 -0.9997356534004211 6.13369445807994E-17 0.02299259603023529 -0.9106992483139038 1.211762422666246E-16 0.41307011246681213 -0.6758680939674377 1.616169568305543E-16 0.7370226383209229 -0.8823854327201843 -2.7600987139671328E-17 -0.4705273509025574 -0.8287622332572937 -4.551927927020518E-17 -0.5596008896827698 -0.5531466007232666 -1.0691763373968052E-16 -0.8330839276313782 -0.1941375732421875 -1.5219764605462106E-16 -0.9809743165969849 0.24221035838127136 -1.7550741042790817E-16 -0.9702237844467163 0.669793426990509 -1.6218759233920768E-16 -0.7425474524497986 0.9401997923851013 -1.1080843326077884E-16 -0.34062352776527405 0.9899762272834778 -3.342627921776169E-17 0.14123429358005524 0.9067431092262268 1.8065715568025505E-17 0.4216834604740143 0.8611844778060913 3.510969764342551E-17 0.508292555809021 0.7029909491539001 7.800015391354532E-17 0.7111987471580505 0.35366642475128174 1.3542667163167173E-16 0.9353716373443604 -0.056586191058158875 1.6952164034789884E-16 0.998397707939148 -0.45709028840065 1.7441149537794891E-16 0.8894202709197998 0.3945358395576477 1.3032942587844237E-16 0.9188805818557739 0.723178505897522 7.341871152052442E-17 0.6906611919403076 0.9360461235046387 4.755064294873331E-18 0.351877361536026 0.9990648031234741 -6.466996628868587E-17 -0.04323843494057655 0.26623809337615967 1.4520796987854798E-16 0.9639073014259338 0.3895758390426636 1.3096676523169202E-16 0.9209944009780884 0.5062701106071472 1.1449204058204489E-16 0.8623749613761902 -0.7379436492919922 1.54835968396861E-16 0.6748623251914978 -0.4100683927536011 1.7547604373908016E-16 0.9120547771453857 -0.015037382021546364 1.6737962637319073E-16 0.9998869299888611 0.3824513852596283 1.3187305078058472E-16 0.9239755868911743 -0.8856476545333862 1.2827633712830615E-16 0.4643579125404358 -0.9977813363075256 6.848267334251429E-17 0.06657629460096359 -0.9394916892051697 -3.0071435658135463E-18 -0.3425716161727905 -0.7207280993461609 -7.398544273668655E-17 -0.6932178735733032 -0.5065126419067383 -1.1445437408567167E-16 -0.862232506275177 -0.3894006609916687 -1.3098917190012486E-16 -0.9210684895515442 -0.26559901237487793 -1.4527409138799302E-16 -0.9640836119651794 0.005802427884191275 -1.668644185830233E-16 -0.9999831914901733 0.4113278388977051 -1.7545402088245155E-16 -0.9114874601364136 0.7459871768951416 -1.5381618043303622E-16 -0.6659603118896484 0.9521268010139465 -1.0567913922189672E-16 -0.30570337176322937 0.23171786963939667 1.4867177876744643E-16 0.9727830290794373 0.07786865532398224 1.6154854568517372E-16 0.996963620185852 -0.07786871492862701 1.7050704406802101E-16 0.996963620185852 -0.23171786963939667 1.75330049669687E-16 0.9727830290794373 -0.5206465721130371 1.721308591674667E-16 0.8537722826004028 -0.8517099618911743 1.3625878885812048E-16 0.5240135192871094 -0.9968080520629883 7.063477230325065E-17 0.0798354223370552 -0.9242569804191589 -1.0411478351924256E-17 -0.3817708492279053 -0.6498971581459045 -8.918501222380154E-17 -0.7600221633911133 -0.23363889753818512 -1.4848474330478084E-16 -0.9723234176635742 0.23363889753818512 -1.7536402363180578E-16 -0.9723234176635742 0.6498971581459045 -1.6395321928286947E-16 -0.7600221633911133 0.9242569804191589 -1.1674375855831224E-16 -0.3817708492279053 0.9968080520629883 -4.404423425828837E-17 0.0798354223370552 0.8517099618911743 3.8272766822656834E-17 0.5240135192871094 0.5206489562988281 1.122320640345418E-16 0.8537708520889282 -0.8491196632385254 0.3734941780567169 0.3734941780567169 -0.8491197228431702 0.1367087960243225 0.5102023482322693 -0.8491197824478149 0.37349405884742737 -0.37349405884742737 -0.8491197228431702 0.5102024078369141 -0.13670840859413147 -0.8491197228431702 0.5102023482322693 0.1367085725069046 -0.8491197824478149 -0.37349405884742737 -0.37349405884742737 -0.8491197824478149 -0.13670818507671356 -0.5102024078369141 -0.8491197824478149 0.13670818507671356 -0.5102024078369141 -0.8491196632385254 -0.3734941780567169 0.3734941780567169 -0.8491196632385254 -0.5102025270462036 0.13670828938484192 -0.8491197228431702 -0.5102025270462036 -0.1367081254720688 -0.8491197228431702 -0.1367087960243225 0.5102023482322693 -1.1271817326512085E-17 -0.9659258723258972 0.25881895422935486 -1.730917452542328E-17 -0.25881990790367126 0.9659255743026733 -1.3479111567982274E-17 0.25881990790367126 0.9659255743026733 3.022112432973459E-18 0.9659256935119629 0.25881949067115784 1.1271820635234535E-17 0.9659258127212524 -0.25881919264793396 1.730917121670083E-17 0.2588188052177429 -0.9659258723258972 1.3479124802872075E-17 -0.2588188052177429 -0.9659258723258972 6.037352235827521E-18 -0.7071067690849304 -0.7071067690849304 -3.0221277358147912E-18 -0.965925931930542 -0.258818656206131 -0.8491197824478149 -0.37349405884742737 0.37349405884742737 -0.8491197228431702 -0.5102025270462036 0.1367081254720688 -0.8491197824478149 0.37349405884742737 0.37349405884742737 -0.8491197824478149 0.13670818507671356 0.5102024078369141 -0.8491197824478149 -0.13670818507671356 0.5102024078369141 -0.8491196632385254 0.3734941780567169 -0.3734941780567169 -0.8491197228431702 0.5102023482322693 -0.1367085725069046 -0.8491197228431702 0.5102024078369141 0.13670840859413147 -0.8491196632385254 -0.3734941780567169 -0.3734941780567169 -0.8491197228431702 -0.1367087960243225 -0.5102023482322693 -0.8491197228431702 0.1367087960243225 -0.5102023482322693 -0.8491196632385254 -0.5102025270462036 -0.13670828938484192 -1.1271813190609022E-17 -0.965925931930542 0.258818656206131 -1.730917121670083E-17 -0.2588188052177429 0.9659258723258972 -1.3479124802872075E-17 0.2588188052177429 0.9659258723258972 3.0221178096474406E-18 0.9659258127212524 0.25881919264793396 1.1271824771137598E-17 0.9659256935119629 -0.25881949067115784 1.730917452542328E-17 0.25881990790367126 -0.9659255743026733 1.3479111567982274E-17 -0.25881990790367126 -0.9659255743026733 -3.0221223591408096E-18 -0.9659258723258972 -0.25881895422935486 -0.26770785450935364 -0.8537509441375732 -0.44658908247947693 -0.174061119556427 -0.8957463502883911 -0.4090736508369446 -0.17481961846351624 -0.7666509747505188 -0.617806077003479 -0.22248217463493347 -0.7368080019950867 -0.6384478211402893 -0.17568770051002502 -0.6708189249038696 -0.7205108404159546 -0.17406140267848969 -0.5323877930641174 -0.8284116387367249 -0.1753624826669693 -0.07023370265960693 -0.9819955229759216 -0.17446795105934143 -0.26050424575805664 -0.949578046798706 -0.20246927440166473 -0.27589744329452515 -0.9396205544471741 -0.17576919496059418 -0.3928986191749573 -0.9026272296905518 -0.17406147718429565 -0.5323878526687622 -0.8284116387367249 -0.2973037362098694 0.06811343133449554 -0.9523502588272095 -0.17406174540519714 -1.5397870487979064E-16 -0.9847347140312195 -0.17446795105934143 0.26050424575805664 -0.949578046798706 -0.20246927440166473 0.27589744329452515 -0.9396205544471741 -0.17576919496059418 0.3928986191749573 -0.9026272296905518 -0.17406147718429565 0.5323877930641174 -0.8284116387367249 -0.17406140267848969 0.5323878526687622 -0.8284116387367249 -0.17568770051002502 0.6708189249038696 -0.7205108404159546 -0.22248217463493347 0.7368080019950867 -0.6384478211402893 -0.17481961846351624 0.7666509747505188 -0.617806077003479 -0.17511780560016632 0.8724008798599243 -0.4563446640968323 -0.23436769843101501 0.8842969536781311 -0.4038448929786682 -0.1755518764257431 0.9283928275108337 -0.3275183439254761 -0.17406122386455536 0.9747116565704346 -0.1401422917842865 -0.17406168580055237 0.974711537361145 -0.1401425302028656 -0.17406170070171356 0.9747115969657898 0.1401422768831253 -0.17406122386455536 0.9747116565704346 0.1401425451040268 -0.17406140267848969 0.5323877930641174 0.8284116387367249 -0.17568770051002502 0.6708189249038696 0.7205108404159546 -0.22248217463493347 0.7368080019950867 0.6384478211402893 -0.17481961846351624 0.7666509747505188 0.617806077003479 -0.174061119556427 0.8957463502883911 0.4090736508369446 -0.26770785450935364 0.8537509441375732 0.44658908247947693 -0.1755518764257431 0.9283928275108337 0.3275183439254761 -0.20246927440166473 0.27589744329452515 0.9396205544471741 -0.17576919496059418 0.3928986191749573 0.9026272296905518 -0.17406147718429565 0.5323878526687622 0.8284116387367249 -0.238308846950531 1.754437903126355E-16 0.9711894392967224 -0.1753624826669693 0.07023370265960693 0.9819955229759216 -0.17446795105934143 0.26050424575805664 0.949578046798706 -0.17406147718429565 -0.5323877930641174 0.8284116387367249 -0.17576919496059418 -0.3928986191749573 0.9026272296905518 -0.20246927440166473 -0.27589744329452515 0.9396205544471741 -0.17446795105934143 -0.26050424575805664 0.949578046798706 -0.1753624826669693 -0.07023370265960693 0.9819955229759216 -0.22248217463493347 -0.7368080019950867 0.6384478211402893 -0.17568770051002502 -0.6708189249038696 0.7205108404159546 -0.17406140267848969 -0.5323878526687622 0.8284116387367249 -0.1755518764257431 -0.9283928275108337 -0.3275183439254761 -0.17406122386455536 -0.9747116565704346 -0.1401425451040268 -0.17406170070171356 -0.9747115969657898 -0.1401422768831253 -0.17406168580055237 -0.974711537361145 0.1401425302028656 -0.17406122386455536 -0.9747116565704346 0.1401422917842865 -0.1755518764257431 -0.9283928275108337 0.3275183439254761 -0.23436769843101501 -0.8842969536781311 0.4038448929786682 -0.17511780560016632 -0.8724008798599243 0.4563446640968323 -0.17481961846351624 -0.7666509747505188 0.617806077003479 -0.9841122627258301 -0.17574018239974976 -0.025267625227570534 -0.9841122627258301 -0.16150276362895966 -0.07375583052635193 -0.9841122627258301 -0.16150279343128204 -0.0737558901309967 -0.9841122627258301 -0.13418138027191162 -0.1162688359618187 -0.9841122627258301 -0.13418136537075043 -0.11626879870891571 -0.9841122627258301 -0.09598936140537262 -0.14936237037181854 -0.9841122627258301 -0.050020843744277954 -0.17035548388957977 -0.9841122627258301 -0.05002087354660034 -0.170355424284935 -0.9841122627258301 2.7041632720211945E-17 -0.17754733562469482 -0.9841122627258301 0.05002082139253616 -0.170355424284935 -0.9841122627258301 0.050020888447761536 -0.17035546898841858 -0.9841122627258301 0.09598936140537262 -0.14936237037181854 -0.9841122627258301 0.13418135046958923 -0.1162688136100769 -0.9841122627258301 0.13418138027191162 -0.1162688210606575 -0.9841122627258301 0.16150280833244324 -0.07375585287809372 -0.9841122627258301 0.16150274872779846 -0.07375586777925491 -0.9841122627258301 0.17574018239974976 -0.025267643854022026 -0.9841122627258301 0.17574019730091095 -0.025267628952860832 -0.9841122627258301 0.17574019730091095 0.025267647579312325 -0.9841122627258301 0.17574018239974976 0.025267625227570534 -0.9841122627258301 0.16150276362895966 0.07375583052635193 -0.9841122627258301 0.16150279343128204 0.0737558901309967 -0.9841122627258301 0.13418138027191162 0.1162688359618187 -0.9841122627258301 0.13418136537075043 0.11626879870891571 -0.9841122627258301 0.09598936140537262 0.14936237037181854 -0.9841122627258301 0.050020843744277954 0.17035548388957977 -0.9841122627258301 0.05002087354660034 0.170355424284935 -0.9841122627258301 8.617677471162789E-17 0.17754733562469482 -0.9841122627258301 -0.05002082139253616 0.170355424284935 -0.9841122627258301 -0.050020888447761536 0.17035546898841858 -0.9841122627258301 -0.09598936140537262 0.14936237037181854 -0.9841122627258301 -0.13418135046958923 0.1162688136100769 -0.9841122627258301 -0.13418138027191162 0.1162688210606575 -0.9841122627258301 -0.16150280833244324 0.07375585287809372 -0.9841122627258301 -0.16150274872779846 0.07375586777925491 -0.9841122627258301 -0.17574018239974976 0.025267643854022026 -0.9841122627258301 -0.17574019730091095 0.025267628952860832 -0.9841122627258301 -0.17574019730091095 -0.025267647579312325 -0.5352284908294678 -0.8361093997955322 0.1202143132686615 -0.5352284908294678 -0.836109459400177 -0.12021427601575851 -0.535228431224823 -0.836109459400177 -0.1202143132686615 -0.5352284908294678 -0.7683728337287903 -0.35090410709381104 -0.5352284908294678 -0.638387143611908 -0.5531657338142395 -0.5352286100387573 -0.638387143611908 -0.55316561460495 -0.5352285504341125 -0.45668333768844604 -0.7106128931045532 -0.5352283716201782 -0.45668327808380127 -0.7106130719184875 -0.5352283716201782 -0.23798155784606934 -0.8104908466339111 -0.5352283120155334 -0.23798154294490814 -0.8104908466339111 -0.5352283120155334 -1.0988404238263858E-16 -0.8447074294090271 -0.5352283120155334 0.23798155784606934 -0.8104908466339111 -0.5352283716201782 0.23798152804374695 -0.8104908466339111 -0.5352283716201782 0.4566834270954132 -0.7106130123138428 -0.5352285504341125 0.4566832184791565 -0.7106130123138428 -0.5352286100387573 0.6383870840072632 -0.5531657338142395 -0.5352284908294678 0.6383872032165527 -0.5531656742095947 -0.5352284908294678 0.7683728337287903 -0.35090410709381104 -0.535228431224823 0.836109459400177 -0.12021428346633911 -0.5352284908294678 0.8361093997955322 -0.1202143132686615 -0.5352284908294678 0.836109459400177 0.12021427601575851 -0.535228431224823 0.836109459400177 0.1202143132686615 -0.5352284908294678 0.7683728337287903 0.35090410709381104 -0.5352284908294678 0.638387143611908 0.5531657338142395 -0.5352286100387573 0.638387143611908 0.55316561460495 -0.5352285504341125 0.45668333768844604 0.7106128931045532 -0.5352283716201782 0.45668327808380127 0.7106130719184875 -0.5352283716201782 0.23798155784606934 0.8104908466339111 -0.5352283120155334 0.23798154294490814 0.8104908466339111 -0.5352283120155334 1.714600487779107E-16 0.8447074294090271 -0.5352283120155334 -0.23798155784606934 0.8104908466339111 -0.5352283716201782 -0.23798152804374695 0.8104908466339111 -0.5352283716201782 -0.4566834270954132 0.7106130123138428 -0.5352285504341125 -0.4566832184791565 0.7106130123138428 -0.5352286100387573 -0.6383870840072632 0.5531657338142395 -0.5352284908294678 -0.6383872032165527 0.5531656742095947 -0.5352284908294678 -0.7683728337287903 0.35090410709381104 -0.535228431224823 -0.836109459400177 0.12021428346633911 -0.8396981954574585 -0.5375258922576904 0.07728448510169983 -0.8396981358528137 -0.5375258922576904 -0.0772845596075058 -0.8396981954574585 -0.5375258326530457 -0.07728447765111923 -0.8396981954574585 -0.4939786493778229 -0.22559258341789246 -0.8396982550621033 -0.4939785897731781 -0.2255924642086029 -0.8396982550621033 -0.4104122817516327 -0.3556241989135742 -0.8396981954574585 -0.4104122817516327 -0.35562437772750854 -0.8396981954574585 -0.2935968041419983 -0.45684555172920227 -0.8396982550621033 -0.2935968339443207 -0.45684540271759033 -0.8396982550621033 -0.15299579501152039 -0.5210557579994202 -0.8396982550621033 -0.152995765209198 -0.5210558176040649 -0.8396982550621033 -4.2134476055972895E-17 -0.5430532693862915 -0.8396982550621033 0.15299580991268158 -0.5210557579994202 -0.8396982550621033 0.1529957503080368 -0.5210557579994202 -0.8396982550621033 0.29359671473503113 -0.4568454623222351 -0.8396981954574585 0.29359686374664307 -0.4568454921245575 -0.8396981954574585 0.41041237115859985 -0.3556242883205414 -0.8396982550621033 0.4104121923446655 -0.35562431812286377 -0.8396982550621033 0.4939785301685333 -0.22559253871440887 -0.8396981954574585 0.49397867918014526 -0.2255924940109253 -0.8396981954574585 0.5375258326530457 -0.0772845521569252 -0.8396981954574585 0.5375258922576904 -0.07728448510169983 -0.8396981358528137 0.5375258922576904 0.0772845596075058 -0.8396981954574585 0.5375258326530457 0.07728447765111923 -0.8396981954574585 0.4939786493778229 0.22559258341789246 -0.8396982550621033 0.4939785897731781 0.2255924642086029 -0.8396982550621033 0.4104122817516327 0.3556241989135742 -0.8396981954574585 0.4104122817516327 0.35562437772750854 -0.8396981954574585 0.2935968041419983 0.45684555172920227 -0.8396982550621033 0.2935968339443207 0.45684540271759033 -0.8396982550621033 0.15299579501152039 0.5210557579994202 -0.8396982550621033 0.152995765209198 0.5210558176040649 -0.8396982550621033 1.3873859692521565E-16 0.5430532693862915 -0.8396982550621033 -0.15299580991268158 0.5210557579994202 -0.8396982550621033 -0.1529957503080368 0.5210557579994202 -0.8396982550621033 -0.29359671473503113 0.4568454623222351 -0.8396981954574585 -0.29359686374664307 0.4568454921245575 -0.8396981954574585 -0.41041237115859985 0.3556242883205414 -0.8396982550621033 -0.4104121923446655 0.35562431812286377 -0.8396982550621033 -0.4939785301685333 0.22559253871440887 -0.8396981954574585 -0.49397867918014526 0.2255924940109253 -0.8396981954574585 -0.5375258326530457 0.0772845521569252 0.03552493453025818 -0.9801661968231201 0.19496729969978333 0.04441867023706436 -0.8306490182876587 0.5550218224525452 -1.394328231435518E-17 -0.886093258857727 0.4635070264339447 -1.2279684790529358E-17 -0.9430380463600159 0.3326849043369293 -1.756591153522504E-17 -0.3991122245788574 0.9169020652770996 0.013322748243808746 -0.5405928492546082 0.8411788940429688 0.02663404308259487 -0.5553730726242065 0.8311747312545776 -1.6706217761515003E-17 -0.68141770362854 0.7318947315216064 -1.576132934779568E-17 -0.7786417007446289 0.6274688243865967 -1.7326846412029864E-17 -0.26456186175346375 0.9643687009811401 0.0414540059864521 -0.19492274522781372 0.9799422025680542 -1.6424432068403913E-17 -0.0713391825556755 0.9974521398544312 -1.5488937117720742E-17 0.0713391825556755 0.9974521398544312 0.0414540059864521 0.19492274522781372 0.9799422025680542 -1.3411813807706185E-17 0.26456186175346375 0.9643687009811401 -1.1659779095869868E-17 0.3991122245788574 0.9169020652770996 0.014787777327001095 0.5555093884468079 0.8313787579536438 0.029561035335063934 0.5404045581817627 0.8408858776092529 0.04441867023706436 0.8306490182876587 0.5550218224525452 -4.238853548213182E-18 0.7786417007446289 0.6274688243865967 -6.622478708041913E-18 0.68141770362854 0.7318947315216064 0.03552493453025818 0.9801661968231201 0.19496729969978333 1.6755576249051501E-18 0.9430380463600159 0.3326849043369293 -8.307194463098944E-19 0.886093258857727 0.4635070264339447 0.03552493453025818 0.9801661968231201 -0.19496729969978333 9.591877195324052E-18 0.9898214340209961 -0.14231501519680023 5.055673310003677E-18 0.9898214340209961 0.14231501519680023 0.04441867023706436 0.8306490182876587 -0.5550218224525452 1.394328231435518E-17 0.886093258857727 -0.4635070264339447 1.2279684790529358E-17 0.9430380463600159 -0.3326849043369293 1.756591153522504E-17 0.3991122245788574 -0.9169020652770996 0.013322748243808746 0.5405928492546082 -0.8411788940429688 0.02663404308259487 0.5553730726242065 -0.8311747312545776 1.6706217761515003E-17 0.68141770362854 -0.7318947315216064 1.576132934779568E-17 0.7786417007446289 -0.6274688243865967 1.7326846412029864E-17 0.26456186175346375 -0.9643687009811401 0.0414540059864521 0.19492274522781372 -0.9799422025680542 1.6424432068403913E-17 0.0713391825556755 -0.9974521398544312 1.3532985841277853E-17 -0.0713391825556755 -0.9974521398544312 0.0414540059864521 -0.19492274522781372 -0.9799422025680542 1.3411813807706185E-17 -0.26456186175346375 -0.9643687009811401 1.1659779095869868E-17 -0.3991122245788574 -0.9169020652770996 0.014787777327001095 -0.5555093884468079 -0.8313787579536438 0.029561035335063934 -0.5404045581817627 -0.8408858776092529 0.04441867023706436 -0.8306490182876587 -0.5550218224525452 4.238853548213182E-18 -0.7786417007446289 -0.6274688243865967 6.622478708041913E-18 -0.68141770362854 -0.7318947315216064 7.897694172040714E-17 -0.9898214340209961 0.14231501519680023 -8.63889696998049E-17 -0.9898214340209961 -0.14231501519680023 0.03552493453025818 -0.9801661968231201 -0.19496729969978333 -1.6755576249051501E-18 -0.9430380463600159 -0.3326849043369293 8.307194463098944E-19 -0.886093258857727 -0.4635070264339447 9.921352332290661E-18 0.9863612651824951 -0.16459476947784424 1.4092566908225075E-17 0.8794738054275513 -0.4759472608566284 1.6736639810083478E-17 0.6772814989089966 -0.7357239723205566 1.7567036500858112E-17 0.40169557929039 -0.9157732725143433 1.6493771310431783E-17 0.08257928490638733 -0.9965844750404358 1.3633149968832511E-17 -0.2454855591058731 -0.9694002270698547 9.295167509601281E-18 -0.5469481348991394 -0.8371664881706238 3.949908606900446E-18 -0.7891404628753662 -0.6142128109931946 -1.8233860707042222E-18 -0.945817232131958 -0.3246994912624359 -1.217298262741308E-17 -0.945817232131958 0.3246994912624359 -1.562774795067449E-17 -0.7891404628753662 0.6142128109931946 -1.7389000763257098E-17 -0.5469481348991394 0.8371664881706238 -1.726588816396838E-17 -0.2454855591058731 0.9694002270698547 -1.5271747613005144E-17 0.08257928490638733 0.9965844750404358 -1.1622674255132577E-17 0.40169557929039 0.9157732725143433 -6.714110467578087E-18 0.6772814989089966 0.7357239723205566 -1.0779597505952964E-18 0.8794738054275513 0.4759472608566284 4.674994865939423E-18 0.9863612651824951 0.16459476947784424 -1.2727826761864457E-16 0.9863612651824951 0.16459476947784424 1.409421531374977E-16 0.9863612651824951 -0.16459476947784424 -6.092633129754746E-18 0.7047324776649475 0.7094731330871582 -8.753300515471881E-18 0.5766802430152893 0.8169699311256409 -1.2539189546660719E-17 0.33487969636917114 0.9422608613967896 -1.5395108366477627E-17 0.06824235618114471 0.9976688027381897 -1.7109241662646764E-17 -0.2034560590982437 0.9790840744972229 -1.7554460046824855E-17 -0.46006494760513306 0.8878852725028992 -1.669774412332001E-17 -0.6825531125068665 0.7308359742164612 -1.4602632943704874E-17 -0.854419469833374 0.5195838809013367 -1.1863033915986398E-17 -0.9533919095993042 0.30173468589782715 0.03198596090078354 -0.9624245762825012 0.26965874433517456 -9.987564004422468E-18 -0.9855982661247253 0.16910357773303986 -4.5974917648559605E-18 -0.9855982661247253 -0.16910357773303986 0.03198596090078354 -0.9624245762825012 -0.26965874433517456 -2.2454264405282715E-18 -0.9533919095993042 -0.30173468589782715 1.9587843700408834E-18 -0.854419469833374 -0.5195838809013367 6.597204204425355E-18 -0.6825531125068665 -0.7308359742164612 1.0746338434678585E-17 -0.46006494760513306 -0.8878852725028992 1.4098463051631353E-17 -0.2034560590982437 -0.9790840744972229 1.640497181731299E-17 0.06824235618114471 -0.9976688027381897 1.71371110318449E-17 0.2103741317987442 -0.9776209592819214 0.008506438694894314 0.33486759662628174 -0.9422268271446228 1.7505917779757794E-17 0.3415323793888092 -0.9398699998855591 1.7287115272847717E-17 0.5766802430152893 -0.8169699311256409 1.652138756236248E-17 0.7047324776649475 -0.7094731330871582 0.014058709144592285 0.7385850548744202 -0.6740136742591858 0.04511389508843422 0.7821205258369446 -0.6214919686317444 0.034552451223134995 0.7752480506896973 -0.6307111382484436 1.4959035291151922E-17 0.8343220949172974 -0.5512772798538208 1.3135919294917698E-17 0.9172113537788391 -0.3984009325504303 9.500286794818505E-18 0.9906859397888184 -0.13616667687892914 1.7048789318247919E-16 0.9906859397888184 -0.13616667687892914 -1.5020275111493918E-16 0.9906859397888184 0.13616667687892914 5.1600572994532746E-18 0.9906859397888184 0.13616667687892914 4.371348133407052E-19 0.9172113537788391 0.3984009325504303 -2.6125906145397872E-18 0.8343220949172974 0.5512772798538208 0.034552451223134995 0.7752480506896973 0.6307111382484436 0.04511389508843422 0.7821205258369446 0.6214919686317444 0.014058709144592285 0.7385850548744202 0.6740136742591858 -0.4975040555000305 -0.7333865165710449 -0.46328601241111755 -0.37876731157302856 -0.730846643447876 -0.5678014755249023 -0.42272084951400757 -0.7369248270988464 -0.5274930000305176 -0.4420446753501892 -0.7370542287826538 -0.5112216472625732 -0.49996814131736755 -0.7350931167602539 -0.4578973054885864 -0.5896279215812683 -0.7347772717475891 -0.33532264828681946 -0.6510651111602783 -0.7347772717475891 -0.19030643999576569 -0.6510652303695679 -0.7347772121429443 -0.19030635058879852 -0.6774033308029175 -0.7347772121429443 -0.03503065183758736 -0.6774032711982727 -0.7347772717475891 -0.0350307822227478 -0.6672224402427673 -0.7347772717475891 0.12213350832462311 -0.6672224402427673 -0.7347772717475891 0.1221335157752037 -0.621071457862854 -0.7347772717475891 0.2727133631706238 -0.621071457862854 -0.7347772121429443 0.2727135121822357 -0.5414383411407471 -0.7347772121429443 0.4085913896560669 -0.43261608481407166 -0.7347772121429443 0.522442102432251 -0.4326161742210388 -0.7347772717475891 0.5224419832229614 -0.3004714846611023 -0.7347772717475891 0.6081276535987854 -0.15212838351726532 -0.7347772717475891 0.6610289812088013 -0.15212826430797577 -0.7347772717475891 0.661029040813446 0.004416121635586023 -0.7347772121429443 0.6782941222190857 0.004416011273860931 -0.7347772717475891 0.6782940626144409 0.16072243452072144 -0.7347772717475891 0.6589921712875366 0.3083641231060028 -0.7347772717475891 0.6041638255119324 0.30836406350135803 -0.7347772717475891 0.6041638255119324 0.4393819272518158 -0.7347772717475891 0.516764760017395 0.43938207626342773 -0.7347772717475891 0.516764760017395 0.5467124581336975 -0.7347772717475891 0.40150701999664307 0.5467125773429871 -0.7347772121429443 0.4015069603919983 0.6245697140693665 -0.7347772121429443 0.2646036446094513 0.6245695948600769 -0.7347772717475891 0.26460379362106323 0.6687561273574829 -0.7347772717475891 0.1134355291724205 0.6687561273574829 -0.7347772717475891 0.11343551427125931 0.6768897175788879 -0.7347772717475891 -0.04384792596101761 0.6768897175788879 -0.7347772717475891 -0.04384797066450119 0.6485320925712585 -0.7347772717475891 -0.19876739382743835 0.6485320925712585 -0.7347772121429443 -0.1987675577402115 0.5852118730545044 -0.7347772121429443 -0.3429715633392334 0.5852119326591492 -0.7347772717475891 -0.3429713249206543 0.49034276604652405 -0.7347772717475891 -0.46868571639060974 0.4903426766395569 -0.7347772121429443 -0.46868592500686646 0.3690390884876251 -0.7347772121429443 -0.5691332221031189 0.3690391778945923 -0.7347772717475891 -0.5691331028938293 0.22784052789211273 -0.7347772717475891 -0.6388983130455017 0.22784055769443512 -0.7347772717475891 -0.6388983130455017 0.07435894757509232 -0.7347772717475891 -0.6742203831672668 0.0743589699268341 -0.7347772717475891 -0.6742203831672668 -0.08313130587339401 -0.7347772717475891 -0.6731950044631958 -0.08313150703907013 -0.7347772121429443 -0.6731950640678406 -0.23614011704921722 -0.7347772121429443 -0.6358776092529297 -0.23613999783992767 -0.7347772121429443 -0.6358776092529297 -0.33709368109703064 -0.7366468906402588 -0.5862756967544556 -0.3934950828552246 -0.7268737554550171 -0.5628642439842224 -4.718317623341275E-16 -1 1.6653345369377348E-16 -0.0006985953659750521 0.9999991655349731 0.0010773754911497235 -0.0009282242972403765 0.9999991655349731 0.0008872277103364468 0.00015736867499072105 0.9999991655349731 0.0012743659317493439 -0.00014076234947424382 0.9999991655349731 0.0012763069244101644 -0.00043130473932251334 0.9999991655349731 0.0012094418052583933 0.0009396980167366564 0.9999991655349731 0.0008750662673264742 0.0007125641568563879 0.9999991655349731 0.0010681879939511418 0.0004470154526643455 0.9999991655349731 0.001203723601065576 0.001282332232221961 0.9999991655349731 6.631345604546368E-05 0.0012324737617745996 0.9999991655349731 0.00036025213194079697 0.0011161724105477333 0.9999991655349731 0.0006347695598378778 0.0010249490151181817 0.9999991655349731 -0.0007734681712463498 0.0011756954481825233 0.9999991655349731 -0.0005162496818229556 0.001263059675693512 0.9999991655349731 -0.00023120030527934432 0.0002879807725548744 0.9999991655349731 -0.0012513354886323214 0.0005687961238436401 0.9999991655349731 -0.0011511925840750337 0.0008189472719095647 0.9999991655349731 -0.0009889887878671288 -0.000583736808039248 0.9999991655349731 -0.0011436890345066786 -0.0003042493772227317 0.9999991655349731 -0.0012474796967580914 -8.359633284271695E-06 0.9999991655349731 -0.0012840185081586242 -0.0011823175009340048 0.9999991655349731 -0.000500897818710655 -0.0010349331423640251 0.9999991655349731 -0.0007600569515489042 -0.0008317549363709986 0.9999991655349731 -0.0009782417910173535 -0.001227678614668548 0.9999991655349731 0.0003762691922020167 -0.0012813600478693843 0.9999991655349731 8.300463377963752E-05 -0.0012659629574045539 0.9999991655349731 -0.00021473475499078631 -0.0011078128591179848 0.9999991655349731 0.0006492487154901028 0.7228903770446777 -4.704443753060842E-16 -0.6909627318382263 0.5440580248832703 -3.9352706037137485E-16 -0.8390476107597351 0.3358951508998871 -2.953945347232607E-16 -0.9418993592262268 0.10962410271167755 -1.813371940967247E-16 -0.9939731359481812 -0.1225569099187851 -5.750387564901237E-17 -0.9924615025520325 -0.3481304943561554 6.942929883551997E-17 -0.9374460577964783 -0.5549367666244507 1.9261980530304999E-16 -0.8318925499916077 -0.7318260073661804 3.05425972387373E-16 -0.6814915537834167 -0.8692622780799866 4.0176652042623186E-16 -0.49435123801231384 -0.9598364233970642 4.764477742593082E-16 -0.2805602252483368 -0.9986655712127686 5.254436009998452E-16 -0.051644157618284225 -0.9836563467979431 5.461126342809486E-16 0.1800561398267746 -0.9156180024147034 5.373406022605054E-16 0.40204930305480957 -0.7982184290885925 4.996003610813204E-16 0.6023681163787842 -0.6377866864204407 4.3492653682225763E-16 0.7702130675315857 -0.4429718852043152 3.468058082617913E-16 0.8965355157852173 -0.2242760956287384 2.3998857439614003E-16 0.9745256304740906 0.0065103862434625626 1.2023353430099995E-16 0.99997878074646 0.23694591224193573 -6.0033414641714846E-18 0.971522867679596 0.4546075463294983 -1.319165273935805E-16 0.890691876411438 0.6477611660957336 -2.5071807308790826E-16 0.7618434429168701 0.8059940338134766 -3.5600347433822975E-16 0.5919236540794373 0.9207752346992493 -4.4209643249274887E-16 0.39009347558021545 0.9859173893928528 -5.043559746241205E-16 0.1672329604625702 0.9979084730148315 -5.394255209206127E-16 -0.06464305520057678 0.9561020135879517 -5.454145203137334E-16 -0.2930341064929962 0.8627519011497498 -5.220000944319012E-16 -0.505627453327179 4.718317623341275E-16 1 -1.6653345369377348E-16 0.7410091757774353 -4.776851835161283E-16 -0.6714949011802673 0.6092009544372559 -4.2252420099922136E-16 -0.7930158972740173 0.45781251788139343 -3.53782950997223E-16 -0.8890487551689148 0.29170888662338257 -2.7367046896679286E-16 -0.95650714635849 0.11623038351535797 -1.8476244975163328E-16 -0.9932222962379456 -0.06298432499170303 -8.991575681182069E-17 -0.998014509677887 -0.24017411470413208 7.820596472175464E-18 -0.9707298278808594 -0.40964511036872864 1.053059285644026E-16 -0.912244975566864 -0.5659496784210205 1.9940656414869646E-16 -0.8244398236274719 -0.7040640711784363 2.8709811170270086E-16 -0.7101364135742188 -0.8195489048957825 3.655617911617413E-16 -0.573009192943573 -0.9086934924125671 4.3227654130721335E-16 -0.4174639880657196 -0.968631386756897 4.850971982606363E-16 -0.2485020011663437 -0.9974368214607239 5.223265197539493E-16 -0.07155260443687439 -0.9941838383674622 5.427678070513598E-16 0.10769632458686829 -0.9589769244194031 5.457641861022718E-16 0.28348422050476074 -0.8929476737976074 5.312191480902578E-16 0.4501604437828064 -0.6778338551521301 4.519239999143689E-16 0.7352151274681091 -0.5356630086898804 3.8972242660032495E-16 0.8444318175315857 -0.37627536058425903 3.149947447738272E-16 0.9265078902244568 -0.204794242978096 2.3014303399417047E-16 0.9788050651550293 -0.026730667799711227 1.3789423742570112E-16 0.9996426701545715 0.1521916687488556 4.121361889340946E-17 0.9883509874343872 0.3262234330177307 -5.679218930230645E-17 0.9452927112579346 0.489768922328949 -1.529719797521993E-16 0.8718522787094116 0.6375734210014343 -2.442354652447751E-16 0.7703896164894104 0.7648857831954956 -3.2764904642889204E-16 0.6441659331321716 0.8676141500473022 -4.005317316775923E-16 0.49723806977272034 0.9424563646316528 -4.605407602076685E-16 0.33432915806770325 0.9870074987411499 -5.057478615146961E-16 0.1606741100549698 0.9998353719711304 -5.346997123496441E-16 -0.018144648522138596 0.9805276393890381 -5.464658999595128E-16 -0.19638119637966156 0.929705023765564 -5.406682241333532E-16 -0.3683050572872162 0.8490009307861328 -5.174930321195611E-16 -0.5283913612365723 0.7353322505950928 -4.754303818105374E-16 -0.677706778049469 0.5889891982078552 -4.136315991326925E-16 -0.8081408739089966 0.420011430978775 -3.3593707852931816E-16 -0.9075188040733337 0.23489290475845337 -2.4533269054882463E-16 -0.9720212817192078 0.04074762761592865 -1.453003361744681E-16 -0.9991694688796997 -0.1549636274576187 -3.968413877974176E-17 -0.9879201650619507 -0.3447197675704956 6.745712820162614E-17 -0.9387056231498718 -0.5212282538414001 1.720058821030773E-16 -0.8534173369407654 -0.677706778049469 2.6994490042741323E-16 -0.7353322505950928 -0.8081408739089966 3.575097636162439E-16 -0.5889891982078552 -0.9075188040733337 4.3133585827972824E-16 -0.420011430978775 -0.9720212817192078 4.885859152121399E-16 -0.23489290475845337 -0.9991694688796997 5.27059898681884E-16 -0.04074762761592865 -0.9879201650619507 5.452792597399688E-16 0.1549636274576187 -0.9387056231498718 5.425438727159294E-16 0.3447197675704956 -0.8534173369407654 5.1895887557434385E-16 0.5212282538414001 -0.7353322505950928 4.754303818105374E-16 0.677706778049469 -0.5889891982078552 4.136315991326925E-16 0.8081408739089966 -0.420011430978775 3.3593707852931816E-16 0.9075188040733337 -0.23489290475845337 2.4533269054882463E-16 0.9720212817192078 -0.04074762761592865 1.453003361744681E-16 0.9991694688796997 0.1549636274576187 3.968413877974176E-17 0.9879201650619507 0.3447197675704956 -6.745712820162614E-17 0.9387056231498718 0.5212282538414001 -1.720058821030773E-16 0.8534173369407654 0.677706778049469 -2.6994490042741323E-16 0.7353322505950928 0.8081408739089966 -3.575097636162439E-16 0.5889891982078552 0.9075188040733337 -4.3133585827972824E-16 0.420011430978775 0.9720212817192078 -4.885859152121399E-16 0.23489290475845337 0.9991694688796997 -5.27059898681884E-16 0.04074762761592865 0.9879201650619507 -5.452792597399688E-16 -0.1549636274576187 0.9387056231498718 -5.425438727159294E-16 -0.3447197675704956 0.8534173369407654 -5.1895887557434385E-16 -0.5212282538414001 0.6018664836883545 -0.0408029705286026 0.7975536584854126 0.6018667221069336 -0.04079238325357437 0.7975540161132812 </float_array>
          <technique_common>
            <accessor source="#mesh_1-normal-array" count="3065" stride="3">
              <param name="X" type="float" />
              <param name="Y" type="float" />
              <param name="Z" type="float" />
            </accessor>
          </technique_common>
        </source>
        <vertices id="mesh_1-vertices">
          <input semantic="POSITION" source="#mesh_1-position" />
        </vertices>
        <triangles material="default" count="5602">
          <input semantic="VERTEX" source="#mesh_1-vertices" offset="0" />
          <input semantic="NORMAL" source="#mesh_1-normal" offset="1" />
          <p>0 0 1 0 2 0 3 1 4 1 5 1 6 2 7 2 8 2 8 3 7 3 9 3 8 4 9 4 10 4 11 5 12 5 6 5 6 6 12 6 13 6 6 7 13 7 7 7 7 8 13 8 14 8 7 9 14 9 15 9 16 10 17 10 18 10 18 11 17 11 19 11 18 12 19 12 20 12 20 13 19 13 21 13 20 14 21 14 22 14 22 15 21 15 11 15 22 15 11 15 23 15 23 16 11 16 6 16 4 17 24 17 5 17 5 18 24 18 25 18 5 19 25 19 16 19 16 20 25 20 26 20 16 10 26 10 17 10 27 21 3 21 28 21 28 22 3 22 5 22 28 23 5 23 29 23 29 24 5 24 30 24 29 25 30 25 31 25 31 26 30 26 32 26 33 27 34 27 35 27 35 28 34 28 36 28 36 29 37 29 35 29 35 30 37 30 38 30 35 31 38 31 30 31 30 32 38 32 39 32 30 33 39 33 32 33 33 34 35 34 40 34 40 35 35 35 41 35 40 36 41 36 42 36 42 37 41 37 43 37 42 38 43 38 44 38 45 39 46 39 43 39 43 40 46 40 47 40 43 41 47 41 44 41 48 42 49 42 50 42 50 43 49 43 51 43 50 44 51 44 43 44 43 45 51 45 52 45 43 46 52 46 45 46 53 47 54 47 55 47 55 48 54 48 50 48 50 49 54 49 56 49 50 50 56 50 48 50 57 51 58 51 55 51 55 52 58 52 59 52 55 53 59 53 60 53 60 54 61 54 55 54 55 55 61 55 62 55 55 56 62 56 53 56 63 57 64 57 57 57 57 58 64 58 65 58 57 59 65 59 58 59 57 60 66 60 63 60 63 61 66 61 67 61 63 62 67 62 68 62 68 63 67 63 69 63 68 64 69 64 70 64 70 65 69 65 71 65 71 66 69 66 72 66 71 67 72 67 73 67 1 68 74 68 2 68 2 69 74 69 75 69 2 70 75 70 72 70 72 71 75 71 76 71 72 72 76 72 73 72 77 73 0 73 78 73 78 74 0 74 2 74 78 75 2 75 79 75 79 76 2 76 80 76 79 77 80 77 81 77 81 78 80 78 82 78 83 79 84 79 85 79 85 80 84 80 86 80 86 81 87 81 85 81 85 82 87 82 88 82 85 83 88 83 80 83 80 84 88 84 89 84 80 85 89 85 82 85 83 86 85 86 90 86 90 87 85 87 91 87 90 88 91 88 92 88 92 89 91 89 93 89 92 90 93 90 94 90 95 91 96 91 93 91 93 92 96 92 97 92 93 93 97 93 94 93 10 94 98 94 8 94 8 95 98 95 99 95 8 96 99 96 93 96 93 97 99 97 100 97 93 98 100 98 95 98 101 99 102 99 103 99 104 99 105 99 106 99 107 99 108 99 109 99 110 99 111 99 112 99 113 99 114 99 115 99 116 99 117 99 118 99 119 99 120 99 121 99 119 99 121 99 122 99 122 99 123 99 124 99 125 99 126 99 127 99 127 99 126 99 128 99 127 99 128 99 129 99 129 99 128 99 130 99 129 99 130 99 131 99 130 99 132 99 133 99 130 99 133 99 131 99 131 99 133 99 134 99 131 99 134 99 116 99 134 99 135 99 116 99 116 99 135 99 136 99 116 99 136 99 117 99 136 99 137 99 117 99 117 99 137 99 138 99 117 99 138 99 139 99 140 99 141 99 142 99 142 99 141 99 118 99 142 99 118 99 143 99 143 99 118 99 117 99 144 99 145 99 146 99 147 99 148 99 115 99 115 99 148 99 149 99 115 99 149 99 150 99 150 99 149 99 151 99 150 99 151 99 145 99 145 99 151 99 152 99 145 99 152 99 146 99 153 99 154 99 144 99 155 99 156 99 157 99 144 99 154 99 145 99 145 99 154 99 158 99 145 99 158 99 159 99 156 99 160 99 157 99 157 99 160 99 161 99 157 99 161 99 144 99 144 99 161 99 162 99 144 99 162 99 153 99 158 99 163 99 159 99 159 99 163 99 164 99 159 99 164 99 165 99 165 99 164 99 166 99 165 99 166 99 167 99 167 99 166 99 168 99 169 99 167 99 157 99 157 99 167 99 168 99 157 99 168 99 155 99 170 99 171 99 172 99 172 99 171 99 173 99 172 99 173 99 174 99 175 99 176 99 172 99 172 99 176 99 177 99 172 99 177 99 170 99 169 99 178 99 167 99 167 99 178 99 179 99 167 99 179 99 175 99 175 99 179 99 180 99 175 99 180 99 176 99 181 99 182 99 183 99 174 99 184 99 185 99 185 99 184 99 186 99 185 99 186 99 187 99 186 99 188 99 187 99 187 99 188 99 189 99 187 99 189 99 190 99 190 99 189 99 191 99 190 99 191 99 192 99 192 99 191 99 193 99 182 99 194 99 183 99 183 99 194 99 195 99 183 99 195 99 196 99 196 99 195 99 197 99 196 99 197 99 198 99 199 99 200 99 183 99 183 99 200 99 192 99 183 99 192 99 181 99 181 99 192 99 193 99 110 99 201 99 202 99 200 99 203 99 192 99 192 99 203 99 204 99 192 99 204 99 201 99 201 99 204 99 205 99 201 99 205 99 202 99 112 99 111 99 107 99 107 99 111 99 105 99 107 99 105 99 108 99 120 99 206 99 207 99 121 99 208 99 209 99 122 99 121 99 210 99 210 99 121 99 209 99 210 99 209 99 211 99 120 99 207 99 121 99 121 99 207 99 212 99 121 99 212 99 208 99 208 99 212 99 213 99 208 99 213 99 104 99 105 99 214 99 108 99 108 99 214 99 215 99 108 99 215 99 109 99 109 99 215 99 216 99 109 99 216 99 217 99 217 99 216 99 218 99 217 99 218 99 120 99 120 99 218 99 219 99 120 99 219 99 206 99 213 99 220 99 104 99 104 99 220 99 221 99 104 99 221 99 105 99 105 99 221 99 222 99 105 99 222 99 214 99 202 99 223 99 110 99 110 99 223 99 224 99 110 99 224 99 111 99 111 99 224 99 225 99 111 99 225 99 105 99 105 99 225 99 226 99 105 99 226 99 106 99 106 99 226 99 227 99 227 99 228 99 106 99 106 99 228 99 199 99 106 99 199 99 229 99 229 99 199 99 183 99 229 99 183 99 230 99 230 99 183 99 196 99 230 99 196 99 231 99 231 99 196 99 232 99 231 99 232 99 233 99 234 99 235 99 236 99 234 99 236 99 237 99 235 99 234 99 238 99 238 99 234 99 233 99 238 99 233 99 239 99 239 99 233 99 232 99 239 99 232 99 240 99 241 99 242 99 144 99 144 99 242 99 237 99 144 99 237 99 157 99 157 99 237 99 236 99 157 99 236 99 169 99 243 99 102 99 244 99 244 99 102 99 101 99 244 99 101 99 245 99 245 99 101 99 241 99 245 99 241 99 246 99 246 99 241 99 144 99 246 99 144 99 247 99 247 99 144 99 146 99 248 99 103 99 249 99 249 99 103 99 102 99 249 99 102 99 250 99 250 99 102 99 243 99 250 99 243 99 251 99 252 99 253 99 139 99 254 99 252 99 255 99 255 99 252 99 139 99 255 99 139 99 256 99 256 99 139 99 138 99 132 99 130 99 257 99 257 99 130 99 128 99 257 99 128 99 258 99 122 99 124 99 259 99 259 99 124 99 260 99 259 99 260 99 125 99 125 99 260 99 261 99 125 99 261 99 126 99 126 99 261 99 262 99 126 99 262 99 128 99 128 99 262 99 263 99 128 99 263 99 264 99 254 99 258 99 252 99 252 99 258 99 128 99 252 99 128 99 265 99 265 99 128 99 264 99 264 99 266 99 265 99 265 99 266 99 267 99 265 99 267 99 211 99 211 99 267 99 268 99 211 99 268 99 210 99 210 99 268 99 269 99 210 99 269 99 122 99 122 99 269 99 270 99 122 99 270 99 123 99 271 99 272 99 249 99 253 99 248 99 139 99 139 99 248 99 249 99 139 99 249 99 273 99 273 99 249 99 272 99 273 99 274 99 139 99 139 99 274 99 275 99 139 99 275 99 117 99 117 99 275 99 276 99 117 99 276 99 143 99 271 99 249 99 277 99 277 99 249 99 278 99 277 99 278 99 279 99 170 99 240 99 171 99 171 99 240 99 232 99 171 99 232 99 173 99 173 99 232 99 196 99 173 99 196 99 174 99 174 99 196 99 198 99 174 99 198 99 184 99 140 99 280 99 141 99 141 99 280 99 279 99 141 99 279 99 281 99 281 99 279 99 278 99 281 99 278 99 113 99 113 99 278 99 249 99 113 99 249 99 114 99 114 99 249 99 250 99 114 99 250 99 115 99 115 99 250 99 251 99 115 99 251 99 147 99 282 100 124 100 283 100 283 100 124 100 123 100 283 101 123 101 284 101 284 101 123 101 270 101 284 102 270 102 285 102 285 102 270 102 269 102 285 103 269 103 286 103 286 103 269 103 268 103 286 104 268 104 287 104 287 104 268 104 267 104 287 105 267 105 288 105 288 105 267 105 266 105 288 106 266 106 289 106 289 106 266 106 264 106 289 107 264 107 290 107 290 107 264 107 263 107 290 108 263 108 291 108 291 108 263 108 262 108 291 109 262 109 292 109 292 109 262 109 261 109 292 110 261 110 293 110 293 110 261 110 260 110 293 111 260 111 282 111 282 111 260 111 124 111 89 112 88 112 294 112 295 113 296 113 297 113 297 114 296 114 298 114 297 115 298 115 299 115 300 116 301 116 298 116 298 117 301 117 302 117 298 118 302 118 299 118 299 119 302 119 303 119 300 120 298 120 304 120 304 121 298 121 296 121 304 122 296 122 305 122 305 123 296 123 295 123 305 124 295 124 294 124 294 125 295 125 82 125 294 126 82 126 89 126 306 100 219 100 307 100 307 100 219 100 218 100 307 101 218 101 308 101 308 101 218 101 216 101 308 102 216 102 309 102 309 102 216 102 215 102 309 103 215 103 310 103 310 103 215 103 214 103 310 104 214 104 311 104 311 104 214 104 222 104 311 105 222 105 312 105 312 105 222 105 221 105 312 106 221 106 313 106 313 106 221 106 220 106 313 107 220 107 314 107 314 107 220 107 213 107 314 108 213 108 315 108 315 108 213 108 212 108 315 109 212 109 316 109 316 109 212 109 207 109 316 110 207 110 317 110 317 110 207 110 206 110 317 111 206 111 306 111 306 111 206 111 219 111 51 127 49 127 318 127 319 128 320 128 321 128 322 129 323 129 324 129 325 130 326 130 327 130 327 131 326 131 322 131 52 132 51 132 324 132 324 133 51 133 318 133 324 134 318 134 322 134 322 135 318 135 328 135 322 136 328 136 327 136 325 137 319 137 326 137 326 138 319 138 321 138 326 139 321 139 322 139 322 140 321 140 329 140 322 141 329 141 323 141 330 99 331 99 332 99 333 142 238 142 334 142 334 142 238 142 239 142 334 143 239 143 335 143 335 143 239 143 240 143 335 102 240 102 336 102 336 102 240 102 170 102 336 103 170 103 337 103 337 103 170 103 177 103 337 144 177 144 338 144 338 144 177 144 176 144 338 145 176 145 339 145 339 145 176 145 180 145 339 146 180 146 340 146 340 146 180 146 179 146 340 147 179 147 341 147 341 147 179 147 178 147 341 108 178 108 342 108 342 108 178 108 169 108 342 109 169 109 343 109 343 109 169 109 236 109 343 148 236 148 344 148 344 148 236 148 235 148 344 149 235 149 333 149 333 149 235 149 238 149 345 142 244 142 346 142 346 142 244 142 245 142 346 143 245 143 347 143 347 143 245 143 246 143 347 102 246 102 348 102 348 102 246 102 247 102 348 103 247 103 349 103 349 103 247 103 146 103 349 144 146 144 350 144 350 144 146 144 152 144 350 145 152 145 351 145 351 145 152 145 151 145 351 146 151 146 352 146 352 146 151 146 149 146 352 147 149 147 353 147 353 147 149 147 148 147 353 108 148 108 354 108 354 108 148 108 147 108 354 109 147 109 355 109 355 109 147 109 251 109 355 148 251 148 356 148 356 148 251 148 243 148 356 149 243 149 345 149 345 149 243 149 244 149 68 150 70 150 63 150 63 150 70 150 71 150 63 150 71 150 64 150 357 99 358 99 359 99 99 151 98 151 360 151 361 152 362 152 363 152 364 153 365 153 366 153 359 154 367 154 368 154 368 155 367 155 364 155 100 156 99 156 366 156 366 157 99 157 360 157 366 158 360 158 364 158 364 159 360 159 369 159 364 160 369 160 368 160 359 117 361 117 367 117 367 161 361 161 363 161 367 162 363 162 364 162 364 163 363 163 370 163 364 164 370 164 365 164 94 165 97 165 371 165 372 166 373 166 374 166 375 167 376 167 373 167 373 168 372 168 375 168 375 169 372 169 377 169 375 170 377 170 378 170 378 171 377 171 379 171 378 172 379 172 380 172 94 173 371 173 92 173 84 174 83 174 381 174 381 175 83 175 90 175 381 176 90 176 382 176 382 177 90 177 92 177 382 178 92 178 383 178 383 179 92 179 371 179 383 180 371 180 384 180 86 181 84 181 385 181 385 182 84 182 381 182 385 183 381 183 386 183 386 184 381 184 382 184 386 185 382 185 387 185 387 186 382 186 383 186 387 187 383 187 388 187 388 188 383 188 384 188 388 189 384 189 389 189 390 190 380 190 389 190 389 191 380 191 379 191 389 192 379 192 388 192 388 193 379 193 377 193 388 194 377 194 387 194 387 195 377 195 372 195 387 196 372 196 386 196 386 197 372 197 374 197 386 198 374 198 385 198 39 199 38 199 391 199 392 200 393 200 394 200 394 201 393 201 395 201 394 202 395 202 396 202 397 203 398 203 395 203 395 137 398 137 399 137 395 204 399 204 396 204 396 205 399 205 330 205 397 206 395 206 400 206 400 207 395 207 393 207 400 208 393 208 401 208 401 209 393 209 392 209 401 210 392 210 391 210 391 211 392 211 32 211 391 212 32 212 39 212 44 213 47 213 402 213 403 214 404 214 405 214 406 215 407 215 404 215 404 216 403 216 406 216 406 217 403 217 408 217 406 218 408 218 409 218 409 219 408 219 410 219 409 220 410 220 411 220 44 221 402 221 42 221 34 222 33 222 412 222 412 223 33 223 40 223 412 224 40 224 413 224 413 225 40 225 42 225 413 226 42 226 414 226 414 227 42 227 402 227 414 228 402 228 415 228 36 229 34 229 416 229 416 230 34 230 412 230 416 231 412 231 417 231 417 232 412 232 413 232 417 233 413 233 418 233 418 234 413 234 414 234 418 235 414 235 419 235 419 236 414 236 415 236 419 237 415 237 420 237 421 238 411 238 420 238 420 239 411 239 410 239 420 240 410 240 419 240 419 241 410 241 408 241 419 242 408 242 418 242 418 243 408 243 403 243 418 244 403 244 417 244 417 245 403 245 405 245 417 246 405 246 416 246 422 247 276 247 423 247 423 247 276 247 275 247 423 248 275 248 424 248 424 248 275 248 274 248 424 249 274 249 425 249 425 249 274 249 273 249 425 250 273 250 426 250 426 250 273 250 272 250 426 251 272 251 427 251 427 251 272 251 271 251 427 252 271 252 428 252 428 252 271 252 277 252 428 253 277 253 429 253 429 253 277 253 279 253 429 254 279 254 430 254 430 254 279 254 280 254 430 255 280 255 431 255 431 255 280 255 140 255 431 256 140 256 432 256 432 256 140 256 142 256 432 257 142 257 433 257 433 257 142 257 143 257 433 258 143 258 422 258 422 258 143 258 276 258 434 247 181 247 435 247 435 247 181 247 193 247 435 259 193 259 436 259 436 259 193 259 191 259 436 260 191 260 437 260 437 260 191 260 189 260 437 261 189 261 438 261 438 261 189 261 188 261 438 262 188 262 439 262 439 262 188 262 186 262 439 252 186 252 440 252 440 252 186 252 184 252 440 253 184 253 441 253 441 253 184 253 198 253 441 263 198 263 442 263 442 263 198 263 197 263 442 264 197 264 443 264 443 264 197 264 195 264 443 265 195 265 444 265 444 265 195 265 194 265 444 266 194 266 445 266 445 266 194 266 182 266 445 258 182 258 434 258 434 258 182 258 181 258 446 267 447 267 448 267 449 268 447 268 446 268 446 269 450 269 451 269 452 270 450 270 446 270 448 271 452 271 446 271 446 272 453 272 454 272 455 273 446 273 454 273 451 274 453 274 446 274 456 275 457 275 446 275 458 276 459 276 446 276 460 277 461 277 446 277 462 278 449 278 446 278 461 279 462 279 446 279 459 280 460 280 446 280 457 281 458 281 446 281 463 282 456 282 446 282 455 283 463 283 446 283 464 284 465 284 466 284 466 284 465 284 467 284 467 284 465 284 468 284 467 284 468 284 469 284 464 284 466 284 470 284 470 284 466 284 471 284 470 284 471 284 472 284 473 285 305 285 294 285 474 286 87 286 86 286 305 287 473 287 304 287 304 288 473 288 475 288 304 289 475 289 300 289 300 290 475 290 476 290 300 291 476 291 301 291 385 292 374 292 477 292 477 293 374 293 373 293 477 294 373 294 478 294 478 295 373 295 376 295 478 296 376 296 479 296 86 297 385 297 474 297 474 298 385 298 477 298 474 299 477 299 480 299 480 300 477 300 478 300 480 301 478 301 481 301 481 302 478 302 479 302 481 303 479 303 482 303 482 304 476 304 481 304 481 305 476 305 475 305 481 306 475 306 480 306 480 307 475 307 473 307 480 308 473 308 474 308 474 309 473 309 294 309 474 310 294 310 87 310 87 311 294 311 88 311 286 150 483 150 285 150 285 150 483 150 484 150 285 150 484 150 284 150 284 150 484 150 485 150 284 150 485 150 283 150 283 150 485 150 486 150 283 150 486 150 282 150 282 150 486 150 487 150 282 150 487 150 293 150 293 150 487 150 488 150 293 150 488 150 292 150 292 150 488 150 489 150 292 150 489 150 291 150 291 150 489 150 490 150 291 150 490 150 290 150 290 150 490 150 491 150 290 150 491 150 289 150 289 150 491 150 492 150 289 150 492 150 288 150 288 150 492 150 493 150 288 150 493 150 287 150 287 150 493 150 494 150 287 150 494 150 286 150 286 150 494 150 483 150 495 312 496 312 497 312 496 313 495 313 498 313 495 314 499 314 498 314 498 315 499 315 500 315 498 316 500 316 501 316 501 317 500 317 502 317 501 318 502 318 503 318 503 319 502 319 504 319 505 320 506 320 507 320 507 321 506 321 508 321 507 322 508 322 497 322 497 323 508 323 509 323 497 324 509 324 495 324 510 325 299 325 511 325 511 326 299 326 303 326 511 327 303 327 512 327 513 328 295 328 297 328 513 329 79 329 295 329 295 330 79 330 81 330 295 331 81 331 82 331 78 332 79 332 514 332 514 333 79 333 513 333 514 334 513 334 510 334 510 335 513 335 297 335 510 336 297 336 299 336 512 337 515 337 511 337 511 338 515 338 516 338 511 339 516 339 510 339 510 340 516 340 517 340 510 341 517 341 514 341 77 342 78 342 518 342 518 343 78 343 514 343 518 344 514 344 519 344 519 345 514 345 517 345 519 346 517 346 520 346 520 347 517 347 516 347 520 348 516 348 521 348 522 349 523 349 524 349 524 350 523 350 525 350 524 351 525 351 526 351 526 352 525 352 527 352 527 353 525 353 528 353 527 354 528 354 529 354 529 355 528 355 530 355 529 356 530 356 531 356 532 357 533 357 534 357 535 358 531 358 534 358 534 359 531 359 530 359 534 360 530 360 532 360 532 361 530 361 528 361 532 362 528 362 536 362 536 363 528 363 525 363 536 364 525 364 537 364 537 365 525 365 523 365 537 366 523 366 538 366 539 367 540 367 541 367 541 368 540 368 542 368 543 369 544 369 545 369 545 370 546 370 543 370 543 371 546 371 547 371 543 372 547 372 548 372 548 373 547 373 549 373 548 374 549 374 550 374 550 375 549 375 551 375 550 376 551 376 552 376 552 377 551 377 553 377 552 378 553 378 554 378 554 379 553 379 555 379 554 380 555 380 556 380 556 381 555 381 557 381 556 382 557 382 542 382 542 383 557 383 558 383 542 384 558 384 541 384 559 385 505 385 560 385 560 386 505 386 507 386 560 387 507 387 561 387 561 388 507 388 497 388 561 389 497 389 562 389 562 390 497 390 496 390 563 391 545 391 544 391 544 392 564 392 563 392 563 393 564 393 565 393 563 394 565 394 566 394 566 395 565 395 567 395 566 396 567 396 568 396 568 397 567 397 569 397 568 398 569 398 570 398 571 399 572 399 573 399 574 400 575 400 576 400 576 401 575 401 577 401 576 402 577 402 578 402 578 403 577 403 579 403 580 404 581 404 582 404 582 405 581 405 583 405 582 406 583 406 584 406 584 407 583 407 585 407 583 408 574 408 585 408 585 409 574 409 576 409 585 410 576 410 586 410 586 411 576 411 587 411 579 412 588 412 578 412 578 413 588 413 571 413 578 414 571 414 576 414 576 415 571 415 573 415 576 416 573 416 587 416 316 150 589 150 315 150 315 150 589 150 590 150 315 150 590 150 314 150 314 150 590 150 591 150 314 150 591 150 313 150 313 150 591 150 592 150 313 150 592 150 312 150 312 150 592 150 593 150 312 150 593 150 311 150 311 150 593 150 594 150 311 150 594 150 310 150 310 150 594 150 595 150 310 150 595 150 309 150 309 150 595 150 596 150 309 150 596 150 308 150 308 150 596 150 597 150 308 150 597 150 307 150 307 150 597 150 598 150 307 150 598 150 306 150 306 150 598 150 599 150 306 150 599 150 317 150 317 150 599 150 600 150 317 150 600 150 316 150 316 150 600 150 589 150 601 417 71 417 602 417 602 418 71 418 73 418 602 419 73 419 603 419 604 420 64 420 605 420 605 421 64 421 71 421 604 422 606 422 64 422 64 423 606 423 607 423 64 424 607 424 65 424 65 425 607 425 608 425 65 426 608 426 58 426 58 427 608 427 609 427 58 428 609 428 59 428 609 429 610 429 59 429 59 430 610 430 611 430 59 431 611 431 60 431 60 432 611 432 612 432 60 433 612 433 61 433 61 434 612 434 613 434 61 435 613 435 62 435 62 436 613 436 53 436 53 437 613 437 614 437 53 438 614 438 615 438 614 439 616 439 615 439 615 440 616 440 617 440 615 441 617 441 618 441 618 442 617 442 619 442 618 443 619 443 620 443 601 444 621 444 71 444 71 445 621 445 622 445 71 446 622 446 605 446 605 447 622 447 623 447 605 448 623 448 624 448 624 449 623 449 625 449 624 450 625 450 626 450 626 451 625 451 627 451 626 452 627 452 628 452 628 453 627 453 629 453 629 454 630 454 628 454 628 455 630 455 631 455 628 456 631 456 632 456 632 457 631 457 633 457 633 458 631 458 634 458 634 459 631 459 635 459 634 460 635 460 636 460 636 461 635 461 637 461 636 462 637 462 638 462 638 463 637 463 639 463 638 464 639 464 640 464 640 465 639 465 641 465 640 466 641 466 642 466 642 467 641 467 643 467 642 468 643 468 644 468 73 469 76 469 603 469 603 470 76 470 75 470 603 471 75 471 645 471 645 472 75 472 646 472 647 473 77 473 648 473 648 474 77 474 518 474 648 475 518 475 649 475 646 476 75 476 650 476 650 477 75 477 74 477 650 478 74 478 651 478 651 479 74 479 1 479 651 480 1 480 647 480 647 481 1 481 0 481 647 482 0 482 77 482 649 483 518 483 652 483 652 484 518 484 519 484 652 485 519 485 653 485 653 486 519 486 520 486 653 487 520 487 521 487 618 488 620 488 654 488 618 489 654 489 615 489 654 490 655 490 615 490 615 491 655 491 656 491 615 492 656 492 53 492 53 493 656 493 657 493 53 494 657 494 54 494 658 495 659 495 660 495 660 496 659 496 661 496 662 497 663 497 664 497 664 498 665 498 662 498 662 499 665 499 666 499 662 500 666 500 667 500 667 501 666 501 668 501 667 502 668 502 669 502 669 503 668 503 670 503 669 504 670 504 671 504 671 505 670 505 672 505 671 506 672 506 673 506 673 507 672 507 674 507 673 508 674 508 675 508 675 509 674 509 676 509 675 510 676 510 661 510 661 511 676 511 677 511 661 512 677 512 660 512 678 513 679 513 680 513 678 514 680 514 681 514 681 515 680 515 682 515 681 516 682 516 683 516 683 517 682 517 684 517 683 518 684 518 685 518 685 519 684 519 686 519 685 520 686 520 687 520 688 521 686 521 689 521 689 522 686 522 684 522 689 523 684 523 690 523 690 524 684 524 682 524 690 525 682 525 691 525 691 526 682 526 680 526 691 527 680 527 692 527 679 528 693 528 680 528 680 529 693 529 694 529 680 530 694 530 692 530 695 531 696 531 697 531 48 532 56 532 698 532 698 533 56 533 54 533 318 534 49 534 48 534 48 535 698 535 318 535 318 536 698 536 699 536 318 537 699 537 328 537 700 538 325 538 695 538 695 539 325 539 327 539 695 540 327 540 696 540 696 541 327 541 328 541 328 542 699 542 696 542 696 543 699 543 654 543 696 544 654 544 697 544 54 545 657 545 698 545 698 546 657 546 656 546 698 547 656 547 699 547 699 548 656 548 655 548 699 549 655 549 654 549 402 550 47 550 46 550 701 551 702 551 421 551 703 552 704 552 705 552 321 553 320 553 706 553 402 554 707 554 415 554 415 555 707 555 701 555 415 556 701 556 420 556 420 557 701 557 421 557 706 558 704 558 321 558 321 559 704 559 703 559 321 560 703 560 329 560 329 561 703 561 708 561 329 562 708 562 323 562 324 563 323 563 709 563 709 564 323 564 708 564 709 565 708 565 710 565 710 566 708 566 703 566 710 567 703 567 711 567 711 568 703 568 705 568 711 569 705 569 702 569 702 570 701 570 711 570 711 571 701 571 707 571 711 572 707 572 710 572 710 573 707 573 402 573 710 574 402 574 709 574 709 575 402 575 46 575 709 576 46 576 324 576 324 577 46 577 45 577 324 578 45 578 52 578 712 284 713 284 714 284 712 284 714 284 715 284 714 284 716 284 715 284 715 284 716 284 717 284 715 284 717 284 718 284 718 284 717 284 719 284 718 284 719 284 720 284 721 579 722 579 723 579 724 580 722 580 721 580 721 581 725 581 726 581 727 582 725 582 721 582 723 583 727 583 721 583 721 584 728 584 729 584 730 585 721 585 729 585 726 586 728 586 721 586 731 587 732 587 721 587 733 588 734 588 721 588 735 589 736 589 721 589 737 590 724 590 721 590 736 591 737 591 721 591 734 592 735 592 721 592 732 593 733 593 721 593 738 594 731 594 721 594 730 595 738 595 721 595 739 596 740 596 741 596 394 597 396 597 739 597 739 598 396 598 330 598 739 599 330 599 332 599 739 600 741 600 394 600 394 601 741 601 742 601 394 602 742 602 392 602 743 603 28 603 29 603 740 604 744 604 741 604 741 605 744 605 743 605 741 606 743 606 742 606 742 607 743 607 29 607 742 608 29 608 392 608 392 609 29 609 31 609 392 610 31 610 32 610 343 150 745 150 342 150 342 150 745 150 746 150 342 150 746 150 341 150 341 150 746 150 747 150 341 150 747 150 340 150 340 150 747 150 748 150 340 150 748 150 339 150 339 150 748 150 749 150 339 150 749 150 338 150 338 150 749 150 750 150 338 150 750 150 337 150 337 150 750 150 751 150 337 150 751 150 336 150 336 150 751 150 752 150 336 150 752 150 335 150 335 150 752 150 753 150 335 150 753 150 334 150 334 150 753 150 754 150 334 150 754 150 333 150 333 150 754 150 755 150 333 150 755 150 344 150 344 150 755 150 756 150 344 150 756 150 343 150 343 150 756 150 745 150 154 611 153 611 757 611 757 612 153 612 758 612 758 613 153 613 162 613 758 613 162 613 759 613 759 614 162 614 760 614 760 615 162 615 161 615 760 616 161 616 761 616 761 617 161 617 762 617 762 618 161 618 160 618 762 619 160 619 763 619 763 620 160 620 764 620 764 621 160 621 156 621 764 622 156 622 765 622 155 623 766 623 156 623 156 624 766 624 767 624 156 625 767 625 765 625 757 626 768 626 154 626 154 627 768 627 769 627 154 628 769 628 158 628 158 629 769 629 770 629 158 630 770 630 163 630 163 630 770 630 771 630 163 631 771 631 164 631 164 632 771 632 772 632 164 633 772 633 166 633 166 634 772 634 773 634 166 635 773 635 168 635 168 635 773 635 774 635 168 636 774 636 155 636 155 637 774 637 775 637 155 638 775 638 766 638 355 150 776 150 354 150 354 150 776 150 777 150 354 150 777 150 353 150 353 150 777 150 778 150 353 150 778 150 352 150 352 150 778 150 779 150 352 150 779 150 351 150 351 150 779 150 780 150 351 150 780 150 350 150 350 150 780 150 781 150 350 150 781 150 349 150 349 150 781 150 782 150 349 150 782 150 348 150 348 150 782 150 783 150 348 150 783 150 347 150 347 150 783 150 784 150 347 150 784 150 346 150 346 150 784 150 785 150 346 150 785 150 345 150 345 150 785 150 786 150 345 150 786 150 356 150 356 150 786 150 787 150 356 150 787 150 355 150 355 150 787 150 776 150 25 150 788 150 26 150 26 150 788 150 789 150 26 150 789 150 17 150 790 150 775 150 774 150 789 150 791 150 17 150 17 150 791 150 792 150 17 150 792 150 790 150 793 150 12 150 794 150 794 150 12 150 11 150 794 150 11 150 795 150 795 150 11 150 21 150 795 150 21 150 796 150 796 150 21 150 797 150 790 150 774 150 17 150 17 150 774 150 773 150 17 150 773 150 19 150 19 150 773 150 772 150 19 150 772 150 21 150 769 150 797 150 770 150 770 150 797 150 21 150 770 150 21 150 771 150 771 150 21 150 772 150 7 639 798 639 9 639 9 640 798 640 799 640 9 641 799 641 10 641 360 642 98 642 10 642 10 643 799 643 360 643 360 644 799 644 800 644 360 645 800 645 369 645 801 646 802 646 368 646 368 647 802 647 357 647 368 648 357 648 359 648 798 649 803 649 799 649 799 650 803 650 804 650 799 651 804 651 800 651 800 652 804 652 801 652 800 653 801 653 369 653 369 654 801 654 368 654 371 655 97 655 96 655 805 656 806 656 390 656 807 657 808 657 809 657 809 658 808 658 810 658 371 659 811 659 384 659 384 660 811 660 805 660 384 661 805 661 389 661 389 662 805 662 390 662 362 663 807 663 363 663 363 664 807 664 809 664 363 665 809 665 370 665 370 666 809 666 812 666 370 667 812 667 365 667 366 668 365 668 813 668 813 669 365 669 812 669 813 670 812 670 814 670 814 671 812 671 809 671 814 672 809 672 815 672 815 673 809 673 810 673 815 674 810 674 806 674 806 675 805 675 815 675 815 676 805 676 811 676 815 677 811 677 814 677 814 678 811 678 371 678 814 679 371 679 813 679 813 680 371 680 96 680 813 681 96 681 366 681 366 682 96 682 95 682 366 683 95 683 100 683 459 684 458 684 464 684 460 685 459 685 816 685 816 686 459 686 464 686 816 687 464 687 817 687 817 687 464 687 470 687 818 688 819 688 468 688 458 689 457 689 464 689 464 690 457 690 456 690 464 691 456 691 465 691 465 692 456 692 463 692 465 693 463 693 468 693 468 694 463 694 820 694 468 695 820 695 818 695 819 696 821 696 468 696 468 697 821 697 822 697 468 698 822 698 469 698 469 698 822 698 823 698 821 699 824 699 822 699 822 700 824 700 825 700 822 701 825 701 826 701 826 702 825 702 462 702 826 703 462 703 816 703 816 704 462 704 461 704 816 705 461 705 460 705 380 99 390 99 827 99 817 99 470 99 827 99 827 99 470 99 472 99 380 99 827 99 378 99 378 99 827 99 472 99 378 99 472 99 375 99 375 706 472 706 828 706 375 707 828 707 376 707 719 99 409 99 720 99 720 99 409 99 411 99 720 99 411 99 421 99 719 99 829 99 409 99 409 99 829 99 830 99 409 99 830 99 406 99 406 99 830 99 831 99 406 99 831 99 407 99 734 708 733 708 832 708 735 709 734 709 717 709 717 710 734 710 832 710 717 711 832 711 719 711 719 711 832 711 829 711 733 712 732 712 832 712 832 713 732 713 731 713 832 714 731 714 833 714 833 715 731 715 738 715 833 716 738 716 834 716 834 717 738 717 835 717 834 718 835 718 836 718 836 719 837 719 834 719 834 720 837 720 714 720 834 721 714 721 838 721 838 721 714 721 713 721 837 722 839 722 714 722 714 723 839 723 840 723 714 724 840 724 716 724 716 725 840 725 737 725 716 726 737 726 717 726 717 727 737 727 736 727 717 728 736 728 735 728 841 729 842 729 843 729 843 730 842 730 844 730 843 731 844 731 845 731 846 732 391 732 37 732 37 733 391 733 38 733 844 734 398 734 845 734 845 735 398 735 397 735 845 736 397 736 400 736 847 737 841 737 848 737 848 738 841 738 843 738 848 739 843 739 849 739 849 740 843 740 845 740 849 741 845 741 850 741 850 742 845 742 400 742 850 743 400 743 401 743 37 744 36 744 846 744 846 745 36 745 416 745 846 746 416 746 851 746 851 747 416 747 405 747 851 748 405 748 404 748 401 749 391 749 850 749 850 750 391 750 846 750 850 751 846 751 849 751 849 752 846 752 851 752 849 753 851 753 848 753 848 754 851 754 404 754 848 755 404 755 847 755 847 756 404 756 407 756 429 150 852 150 428 150 428 150 852 150 853 150 428 150 853 150 427 150 427 150 853 150 854 150 427 150 854 150 426 150 426 150 854 150 855 150 426 150 855 150 425 150 425 150 855 150 856 150 425 150 856 150 424 150 424 150 856 150 857 150 424 150 857 150 423 150 423 150 857 150 858 150 423 150 858 150 422 150 422 150 858 150 859 150 422 150 859 150 433 150 433 150 859 150 860 150 433 150 860 150 432 150 432 150 860 150 861 150 432 150 861 150 431 150 431 150 861 150 862 150 431 150 862 150 430 150 430 150 862 150 863 150 430 150 863 150 429 150 429 150 863 150 852 150 441 150 864 150 440 150 440 150 864 150 865 150 440 150 865 150 439 150 439 150 865 150 866 150 439 150 866 150 438 150 438 150 866 150 867 150 438 150 867 150 437 150 437 150 867 150 868 150 437 150 868 150 436 150 436 150 868 150 869 150 436 150 869 150 435 150 435 150 869 150 870 150 435 150 870 150 434 150 434 150 870 150 871 150 434 150 871 150 445 150 445 150 871 150 872 150 445 150 872 150 444 150 444 150 872 150 873 150 444 150 873 150 443 150 443 150 873 150 874 150 443 150 874 150 442 150 442 150 874 150 875 150 442 150 875 150 441 150 441 150 875 150 864 150 876 757 877 757 878 757 878 757 877 757 879 757 467 99 469 99 880 99 880 99 469 99 823 99 880 99 823 99 876 99 876 99 823 99 877 99 880 758 881 758 467 758 467 758 881 758 466 758 820 759 463 759 455 759 882 760 883 760 818 760 884 761 824 761 885 761 885 762 824 762 821 762 885 763 821 763 883 763 883 764 821 764 819 764 883 765 819 765 818 765 886 766 462 766 884 766 884 767 462 767 825 767 884 768 825 768 824 768 818 769 820 769 882 769 882 770 820 770 455 770 882 771 455 771 887 771 887 771 455 771 454 771 887 772 454 772 888 772 888 772 454 772 453 772 888 773 453 773 889 773 889 773 453 773 451 773 889 774 451 774 890 774 890 774 451 774 450 774 890 775 450 775 891 775 891 775 450 775 452 775 891 776 452 776 892 776 892 776 452 776 448 776 892 777 448 777 893 777 893 777 448 777 447 777 893 778 447 778 886 778 886 778 447 778 449 778 886 779 449 779 462 779 466 780 881 780 894 780 895 781 896 781 894 781 894 782 896 782 897 782 894 783 897 783 466 783 898 784 899 784 895 784 895 785 899 785 900 785 895 786 900 786 896 786 901 787 902 787 903 787 903 788 902 788 898 788 903 789 898 789 904 789 904 790 898 790 895 790 903 791 905 791 901 791 901 792 905 792 906 792 901 793 906 793 907 793 907 794 906 794 908 794 512 99 303 99 909 99 909 99 303 99 910 99 910 795 911 795 909 795 909 796 911 796 912 796 472 797 471 797 828 797 828 798 471 798 913 798 828 799 913 799 376 799 376 800 913 800 479 800 479 801 913 801 914 801 479 802 914 802 482 802 482 803 914 803 915 803 482 804 915 804 476 804 476 805 915 805 916 805 476 806 916 806 301 806 917 807 918 807 919 807 919 808 918 808 920 808 919 809 920 809 921 809 922 810 923 810 924 810 924 811 923 811 925 811 924 812 925 812 926 812 926 813 925 813 921 813 926 814 921 814 927 814 927 815 921 815 920 815 540 816 539 816 928 816 928 817 539 817 929 817 929 818 930 818 928 818 928 819 930 819 931 819 928 820 931 820 932 820 932 821 931 821 933 821 932 822 933 822 934 822 934 823 933 823 935 823 934 824 935 824 936 824 937 825 938 825 939 825 937 826 939 826 940 826 940 827 939 827 941 827 940 828 941 828 942 828 942 829 941 829 943 829 942 830 943 830 944 830 944 831 943 831 945 831 944 832 945 832 946 832 946 833 945 833 947 833 946 834 947 834 948 834 949 835 544 835 950 835 950 836 544 836 543 836 950 837 543 837 951 837 951 838 543 838 952 838 952 838 543 838 548 838 952 839 548 839 953 839 953 839 548 839 550 839 953 840 550 840 954 840 954 840 550 840 552 840 954 841 552 841 955 841 955 841 552 841 554 841 955 842 554 842 956 842 956 842 554 842 556 842 956 843 556 843 957 843 957 843 556 843 542 843 957 844 542 844 958 844 958 845 542 845 540 845 958 846 540 846 959 846 960 847 961 847 962 847 963 848 964 848 965 848 965 849 966 849 963 849 963 850 966 850 967 850 963 851 967 851 968 851 968 852 967 852 969 852 968 853 969 853 970 853 970 854 969 854 971 854 970 855 971 855 972 855 973 856 974 856 975 856 975 857 974 857 976 857 975 858 976 858 977 858 977 859 976 859 978 859 977 860 978 860 979 860 975 861 980 861 973 861 973 862 980 862 981 862 973 863 981 863 982 863 983 864 982 864 962 864 962 865 982 865 981 865 962 866 981 866 960 866 960 867 981 867 980 867 960 868 980 868 984 868 984 869 980 869 975 869 984 870 975 870 985 870 985 871 975 871 977 871 985 872 977 872 964 872 986 873 970 873 987 873 987 874 970 874 972 874 987 875 972 875 988 875 964 876 963 876 985 876 985 877 963 877 968 877 985 878 968 878 984 878 984 879 968 879 970 879 984 880 970 880 960 880 960 881 970 881 986 881 960 882 986 882 961 882 965 883 579 883 966 883 966 884 579 884 577 884 966 885 577 885 967 885 967 886 577 886 575 886 967 887 575 887 969 887 969 888 575 888 574 888 969 889 574 889 971 889 971 890 574 890 583 890 989 891 990 891 580 891 580 892 990 892 991 892 580 893 991 893 581 893 581 894 991 894 988 894 581 895 988 895 583 895 583 896 988 896 972 896 583 897 972 897 971 897 992 898 993 898 994 898 993 899 992 899 995 899 995 900 992 900 996 900 996 901 992 901 997 901 996 902 997 902 998 902 998 903 997 903 999 903 999 904 997 904 1000 904 999 905 1000 905 1001 905 1002 906 1003 906 1004 906 508 907 506 907 1002 907 1002 908 1005 908 508 908 508 909 1005 909 1006 909 508 910 1006 910 509 910 509 911 1006 911 1007 911 509 912 1007 912 495 912 495 913 1007 913 499 913 499 914 1007 914 1008 914 499 915 1008 915 500 915 1002 916 1004 916 1005 916 1005 917 1004 917 1009 917 1005 918 1009 918 1006 918 1006 919 1009 919 1010 919 1006 920 1010 920 1007 920 1011 921 1001 921 1003 921 1003 922 1001 922 1000 922 1003 923 1000 923 1004 923 1004 924 1000 924 997 924 1004 925 997 925 1009 925 1009 926 997 926 992 926 1009 927 992 927 1010 927 1010 928 992 928 994 928 1010 929 994 929 1007 929 1007 930 994 930 1012 930 1007 931 1012 931 1008 931 645 932 646 932 489 932 486 933 625 933 623 933 486 934 623 934 487 934 485 935 630 935 629 935 485 936 629 936 486 936 486 937 629 937 627 937 486 938 627 938 625 938 630 939 485 939 631 939 631 940 485 940 484 940 631 941 484 941 635 941 1013 942 643 942 1014 942 1014 943 643 943 483 943 1014 944 483 944 1015 944 643 945 641 945 483 945 483 946 641 946 639 946 483 947 639 947 484 947 484 948 639 948 637 948 484 949 637 949 635 949 1016 950 1017 950 494 950 494 951 1017 951 1018 951 494 952 1018 952 483 952 483 953 1018 953 1019 953 483 954 1019 954 1015 954 493 955 1020 955 1021 955 1021 956 1022 956 493 956 493 957 1022 957 1023 957 493 958 1023 958 494 958 494 959 1023 959 1024 959 494 960 1024 960 1016 960 1020 961 493 961 1025 961 1025 962 493 962 492 962 1025 963 492 963 1026 963 491 964 1027 964 1028 964 1028 965 1029 965 491 965 491 966 1029 966 1030 966 491 967 1030 967 492 967 492 968 1030 968 1031 968 492 969 1031 969 1026 969 491 970 652 970 653 970 653 971 1032 971 1033 971 1033 972 1034 972 653 972 653 973 1034 973 1035 973 653 974 1035 974 491 974 491 975 1035 975 1036 975 491 976 1036 976 1027 976 489 977 646 977 490 977 490 978 646 978 650 978 490 979 650 979 651 979 651 980 647 980 490 980 490 981 647 981 648 981 490 982 648 982 491 982 491 983 648 983 649 983 491 984 649 984 652 984 645 985 489 985 603 985 603 986 489 986 488 986 603 987 488 987 602 987 623 988 622 988 487 988 487 989 622 989 621 989 487 990 621 990 488 990 488 991 621 991 601 991 488 992 601 992 602 992 506 993 505 993 1002 993 1002 994 505 994 559 994 1002 995 559 995 1003 995 1003 996 559 996 1037 996 1003 996 1037 996 1011 996 562 997 1038 997 561 997 561 998 1038 998 560 998 1039 999 1040 999 1041 999 1041 1000 1040 1000 1042 1000 1041 1001 1042 1001 1043 1001 1043 1002 1042 1002 1044 1002 1043 1003 1044 1003 1045 1003 1041 1004 1046 1004 1039 1004 1039 1005 1046 1005 1047 1005 1039 1006 1047 1006 1048 1006 1048 1007 1047 1007 1049 1007 562 1008 1050 1008 1038 1008 1038 1009 1050 1009 1051 1009 1038 1010 1051 1010 1052 1010 559 1011 560 1011 1045 1011 1045 1012 560 1012 1038 1012 1045 1013 1038 1013 1043 1013 1043 1014 1038 1014 1052 1014 1043 1015 1052 1015 1041 1015 1041 1016 1052 1016 1053 1016 1041 1017 1053 1017 1046 1017 534 1018 533 1018 1054 1018 504 1019 535 1019 503 1019 503 1020 535 1020 534 1020 503 1021 534 1021 1055 1021 1055 1022 534 1022 1054 1022 512 284 909 284 912 284 521 284 516 284 515 284 522 284 1056 284 523 284 523 284 1056 284 538 284 1057 284 1058 284 1059 284 1059 284 1058 284 570 284 1059 284 570 284 1060 284 538 284 1056 284 1061 284 1061 284 1056 284 1062 284 1061 284 1062 284 912 284 912 284 1062 284 1063 284 912 284 1063 284 1064 284 1065 284 1032 284 653 284 515 284 512 284 521 284 521 284 512 284 912 284 521 284 912 284 1066 284 1066 284 912 284 1064 284 1067 1023 995 1023 996 1023 1057 284 1059 284 1068 284 1068 284 1059 284 538 284 1068 284 538 284 1069 284 1069 284 538 284 1061 284 1069 284 1061 284 1070 284 1070 284 1061 284 1071 284 1070 284 1071 284 1072 284 1072 284 1071 284 1073 284 1072 284 1073 284 1074 284 1074 284 1073 284 1075 284 1074 284 1075 284 1076 284 1066 284 1077 284 521 284 521 284 1077 284 1078 284 521 284 1078 284 653 284 947 284 557 284 1079 284 1079 284 557 284 555 284 1079 284 555 284 1080 284 1076 284 1075 284 1081 284 1081 284 1075 284 1082 284 1081 284 1082 284 1083 284 1083 284 1082 284 1084 284 1083 284 1084 284 1080 284 999 1024 1001 1024 1085 1024 1085 1025 1001 1025 1011 1025 1078 284 1086 284 653 284 653 284 1086 284 1085 284 653 284 1085 284 1065 284 1065 284 1085 284 1087 284 1011 284 1037 284 1085 284 1085 284 1037 284 1088 284 1085 284 1088 284 1087 284 1087 284 1088 284 1089 284 1087 284 1089 284 1090 284 945 284 541 284 947 284 947 284 541 284 558 284 947 284 558 284 557 284 1067 1026 996 1026 1085 1026 1085 1027 996 1027 998 1027 1085 1028 998 1028 999 1028 555 284 553 284 1080 284 1080 284 553 284 551 284 1080 284 551 284 1083 284 1083 284 551 284 549 284 1083 284 549 284 1091 284 1091 284 549 284 547 284 929 284 539 284 935 284 935 284 539 284 938 284 945 284 943 284 541 284 541 284 943 284 941 284 541 284 941 284 539 284 539 284 941 284 939 284 539 284 939 284 938 284 547 284 546 284 1091 284 1091 284 546 284 545 284 1091 284 545 284 563 284 933 284 931 284 935 284 935 284 931 284 930 284 935 284 930 284 929 284 1058 284 1092 284 570 284 570 284 1092 284 1091 284 570 284 1091 284 568 284 568 284 1091 284 563 284 568 284 563 284 566 284 1054 284 1093 284 1055 284 1055 284 1093 284 1094 284 1055 284 1094 284 503 284 503 284 1094 284 562 284 496 284 498 284 562 284 562 284 498 284 501 284 562 284 501 284 503 284 1095 1029 1096 1029 1097 1029 1095 1029 1097 1029 1098 1029 1098 1030 1097 1030 1099 1030 1098 1030 1099 1030 1100 1030 1100 1031 1099 1031 1101 1031 1100 1031 1101 1031 1102 1031 1102 1032 1101 1032 1103 1032 1102 1032 1103 1032 1104 1032 949 1033 1105 1033 544 1033 544 1034 1105 1034 564 1034 1105 1035 1106 1035 564 1035 564 1036 1106 1036 1107 1036 564 1036 1107 1036 565 1036 565 1037 1107 1037 1108 1037 565 1037 1108 1037 567 1037 567 1038 1108 1038 1109 1038 567 1038 1109 1038 569 1038 1060 1039 570 1039 1110 1039 1110 1039 570 1039 569 1039 686 1040 688 1040 989 1040 1111 1041 687 1041 1112 1041 1112 1042 687 1042 686 1042 1112 1043 686 1043 580 1043 580 1044 686 1044 989 1044 1113 1045 1114 1045 572 1045 588 1046 579 1046 1115 1046 572 1047 571 1047 1113 1047 1113 1048 571 1048 588 1048 1113 1049 588 1049 1116 1049 1116 1050 588 1050 1115 1050 582 1051 1117 1051 580 1051 580 1052 1117 1052 1112 1052 1118 1053 1111 1053 1112 1053 1112 1054 1117 1054 1118 1054 1118 1055 1117 1055 1119 1055 1118 1056 1119 1056 1120 1056 1120 1057 1119 1057 1121 1057 1120 1058 1121 1058 1122 1058 1122 1059 1121 1059 1123 1059 1122 1060 1123 1060 1124 1060 572 1061 1123 1061 573 1061 573 1062 1123 1062 1121 1062 573 1063 1121 1063 587 1063 587 1064 1121 1064 1119 1064 582 1065 584 1065 1117 1065 1117 1066 584 1066 585 1066 1117 1067 585 1067 1119 1067 1119 1068 585 1068 586 1068 1119 1069 586 1069 587 1069 579 1070 965 1070 1115 1070 1115 1071 965 1071 964 1071 1115 1071 964 1071 1125 1071 1125 1072 964 1072 977 1072 1125 1073 977 1073 979 1073 628 1074 632 1074 589 1074 591 1075 642 1075 644 1075 589 1076 632 1076 590 1076 590 1077 632 1077 633 1077 590 1078 633 1078 634 1078 634 1079 636 1079 590 1079 590 1080 636 1080 638 1080 590 1081 638 1081 591 1081 591 1082 638 1082 640 1082 591 1083 640 1083 642 1083 628 1084 589 1084 626 1084 626 1085 589 1085 600 1085 626 1086 600 1086 624 1086 598 1087 608 1087 607 1087 598 1088 607 1088 599 1088 607 1089 606 1089 599 1089 599 1090 606 1090 604 1090 599 1091 604 1091 600 1091 600 1092 604 1092 605 1092 600 1093 605 1093 624 1093 597 1094 611 1094 610 1094 597 1095 610 1095 598 1095 598 1096 610 1096 609 1096 598 1097 609 1097 608 1097 611 1098 597 1098 612 1098 612 1099 597 1099 596 1099 612 1100 596 1100 613 1100 1126 1101 1127 1101 1128 1101 1128 1102 1127 1102 619 1102 619 1103 617 1103 595 1103 595 1104 617 1104 616 1104 595 1105 616 1105 596 1105 596 1106 616 1106 614 1106 596 1107 614 1107 613 1107 1129 1108 595 1108 1130 1108 1130 1109 595 1109 594 1109 1129 1110 1131 1110 595 1110 595 1111 1131 1111 1132 1111 595 1112 1132 1112 619 1112 619 1113 1132 1113 1133 1113 619 1114 1133 1114 1128 1114 1134 1115 1135 1115 594 1115 594 1116 1135 1116 1136 1116 594 1117 1136 1117 1130 1117 1137 1118 1138 1118 593 1118 593 1119 1138 1119 1139 1119 593 1120 1139 1120 594 1120 594 1121 1139 1121 1140 1121 594 1122 1140 1122 1134 1122 1141 1123 592 1123 1142 1123 1142 1124 592 1124 591 1124 1142 1125 591 1125 1143 1125 1143 1126 591 1126 644 1126 1143 1127 644 1127 1144 1127 1141 1128 1145 1128 592 1128 592 1129 1145 1129 1146 1129 592 1130 1146 1130 1147 1130 1147 1131 1148 1131 592 1131 592 1132 1148 1132 1149 1132 592 1133 1149 1133 593 1133 593 1134 1149 1134 1150 1134 593 1135 1150 1135 1137 1135 643 284 1151 284 644 284 644 284 1151 284 1152 284 644 284 1152 284 1153 284 1013 284 1154 284 643 284 643 284 1154 284 1155 284 643 284 1155 284 1151 284 1153 284 1156 284 644 284 644 284 1156 284 1157 284 644 284 1157 284 1144 284 1157 284 1158 284 1144 284 1144 284 1158 284 1159 284 1144 284 1159 284 1160 284 1160 284 1159 284 1161 284 1160 284 1161 284 1162 284 1162 284 1161 284 1163 284 1163 284 1161 284 1164 284 1163 284 1164 284 1013 284 1013 284 1164 284 1165 284 1013 284 1165 284 1154 284 1166 1136 659 1136 658 1136 658 1137 1167 1137 1166 1137 1166 1138 1167 1138 1168 1138 1166 1139 1168 1139 1169 1139 1169 1140 1168 1140 1170 1140 1169 1141 1170 1141 1171 1141 1171 1142 1170 1142 1172 1142 1171 1143 1172 1143 1173 1143 1174 1144 663 1144 1175 1144 1175 1144 663 1144 662 1144 1175 1145 662 1145 1176 1145 1176 1145 662 1145 667 1145 1176 1146 667 1146 1177 1146 1177 1146 667 1146 669 1146 1177 1147 669 1147 1178 1147 1178 1147 669 1147 671 1147 1178 1148 671 1148 1179 1148 1179 1148 671 1148 673 1148 1179 1149 673 1149 1180 1149 1180 1149 673 1149 675 1149 1180 1150 675 1150 1181 1150 1181 1150 675 1150 661 1150 1181 1151 661 1151 1182 1151 1182 1152 661 1152 659 1152 1182 1153 659 1153 1183 1153 664 1154 663 1154 1184 1154 1184 1155 663 1155 1185 1155 1184 1156 1185 1156 1186 1156 1186 1157 1185 1157 1187 1157 1186 1158 1187 1158 1188 1158 1188 1159 1187 1159 1189 1159 1188 1160 1189 1160 1190 1160 1190 1161 1189 1161 1191 1161 1190 1162 1191 1162 1192 1162 678 284 1193 284 1194 284 697 1163 654 1163 620 1163 697 1164 620 1164 695 1164 619 284 1127 284 1195 284 1196 284 1197 284 620 284 620 284 1197 284 700 284 620 1165 700 1165 695 1165 1198 284 1199 284 620 284 1200 284 1194 284 1201 284 1201 284 1194 284 1202 284 1201 284 1202 284 1203 284 1203 284 1202 284 1204 284 1203 284 1204 284 1205 284 1199 284 1206 284 620 284 620 284 1206 284 1207 284 620 284 1207 284 1196 284 1208 284 1172 284 1209 284 1209 284 1172 284 1210 284 1209 284 1210 284 678 284 678 284 1210 284 1211 284 678 284 1211 284 1193 284 1204 284 1212 284 1205 284 1205 284 1212 284 1213 284 1205 284 1213 284 1214 284 1214 284 1213 284 1215 284 1214 284 1215 284 1216 284 1216 284 1215 284 1217 284 1216 284 1217 284 1218 284 1219 284 1220 284 1221 284 1221 284 1220 284 1222 284 1221 284 1222 284 1125 284 979 1166 978 1166 1223 1166 1223 1167 978 1167 976 1167 976 1168 974 1168 1223 1168 1223 1169 974 1169 973 1169 1223 1170 973 1170 1224 1170 1224 1171 973 1171 982 1171 1224 1172 982 1172 983 1172 1225 284 693 284 679 284 679 284 678 284 1225 284 1225 284 678 284 1194 284 1225 284 1194 284 1226 284 1226 284 1194 284 1200 284 1226 284 1200 284 1227 284 1227 284 1200 284 1196 284 1227 284 1196 284 1228 284 1228 284 1196 284 1207 284 1229 284 677 284 1217 284 1217 284 677 284 676 284 1217 284 676 284 1218 284 676 284 674 284 1218 284 1218 284 674 284 672 284 1218 284 672 284 1230 284 1230 284 672 284 670 284 1230 284 670 284 1231 284 1167 284 658 284 1229 284 1229 284 658 284 660 284 1229 284 660 284 677 284 1125 284 979 284 1221 284 1221 284 979 284 1223 284 1221 284 1223 284 1195 284 1195 284 1223 284 1198 284 1195 284 1198 284 619 284 619 284 1198 284 620 284 1232 284 1233 284 1234 284 665 284 664 284 1235 284 1235 284 664 284 1184 284 1168 284 1167 284 1170 284 1170 284 1167 284 1229 284 1170 284 1229 284 1172 284 1172 284 1229 284 1236 284 1172 284 1236 284 1210 284 1235 284 1232 284 665 284 665 284 1232 284 1234 284 665 284 1234 284 666 284 666 284 1234 284 1231 284 666 284 1231 284 668 284 668 284 1231 284 670 284 1188 284 1190 284 1186 284 1186 284 1190 284 1192 284 1186 284 1192 284 1184 284 1184 284 1192 284 1237 284 1184 284 1237 284 1235 284 325 99 700 99 1238 99 1238 99 700 99 1197 99 1238 1173 1197 1173 1239 1173 1239 1174 1197 1174 1196 1174 320 1175 1240 1175 706 1175 706 1176 1240 1176 1241 1176 706 1177 1241 1177 704 1177 704 1178 1241 1178 1242 1178 421 1179 702 1179 1242 1179 1242 1180 702 1180 705 1180 1242 1181 705 1181 704 1181 1242 1182 1243 1182 421 1182 421 1183 1243 1183 718 1183 421 1184 718 1184 720 1184 1244 1185 712 1185 1245 1185 1245 1185 712 1185 715 1185 1246 1186 1247 1186 1248 1186 1246 1187 1249 1187 1247 1187 1247 1188 1249 1188 1250 1188 1247 1189 1250 1189 1251 1189 1251 1190 1250 1190 1252 1190 1251 1191 1252 1191 1253 1191 1253 1192 1252 1192 1254 1192 1254 1193 1252 1193 1255 1193 1254 1194 1255 1194 1256 1194 1256 1195 1255 1195 1257 1195 1256 1196 1257 1196 1258 1196 1258 1197 1257 1197 1245 1197 1258 1198 1245 1198 715 1198 1259 1199 1260 1199 1261 1199 1261 1199 1260 1199 1262 1199 1259 99 1261 99 1244 99 1244 99 1261 99 838 99 1244 99 838 99 712 99 712 99 838 99 713 99 1263 1200 1264 1200 835 1200 1265 1201 839 1201 1266 1201 1266 1202 839 1202 837 1202 1266 1203 837 1203 1264 1203 1264 1204 837 1204 836 1204 1264 1205 836 1205 835 1205 1267 1206 737 1206 1265 1206 1265 1207 737 1207 840 1207 1265 1208 840 1208 839 1208 835 1209 738 1209 1263 1209 1263 779 738 779 730 779 1263 778 730 778 1268 778 1268 778 730 778 729 778 1268 777 729 777 1269 777 1269 777 729 777 728 777 1269 776 728 776 1270 776 1270 776 728 776 726 776 1270 775 726 775 1271 775 1271 775 726 775 725 775 1271 774 725 774 1272 774 1272 774 725 774 727 774 1272 773 727 773 1273 773 1273 773 727 773 723 773 1273 772 723 772 1274 772 1274 772 723 772 722 772 1274 771 722 771 1267 771 1267 771 722 771 724 771 1267 1210 724 1210 737 1210 1275 1211 743 1211 744 1211 1275 1212 744 1212 1276 1212 1276 1213 744 1213 740 1213 1276 1214 740 1214 1277 1214 1275 1215 1278 1215 743 1215 743 1216 1278 1216 27 1216 743 1217 27 1217 28 1217 1279 1218 788 1218 25 1218 1276 1219 1277 1219 1280 1219 1276 1220 1280 1220 1275 1220 1275 1221 1280 1221 1281 1221 1275 1222 1281 1222 1278 1222 1278 1223 1281 1223 1282 1223 1278 1224 1282 1224 27 1224 27 1225 1282 1225 1283 1225 27 1226 1283 1226 3 1226 3 1227 1283 1227 1284 1227 3 1228 1284 1228 4 1228 1279 1229 25 1229 1284 1229 1284 1230 25 1230 24 1230 1284 1231 24 1231 4 1231 1285 1232 1286 1232 755 1232 788 1233 1279 1233 751 1233 753 1234 1281 1234 754 1234 754 1235 1281 1235 1280 1235 751 103 1279 103 752 103 1279 1236 1284 1236 752 1236 752 1237 1284 1237 1283 1237 752 102 1283 102 753 102 753 1238 1283 1238 1282 1238 753 1239 1282 1239 1281 1239 788 1240 751 1240 789 1240 789 1241 751 1241 750 1241 789 1242 750 1242 791 1242 791 1242 750 1242 749 1242 791 106 749 106 792 106 792 106 749 106 748 106 792 1243 748 1243 790 1243 790 1244 748 1244 747 1244 790 1245 747 1245 1287 1245 1287 1246 747 1246 1288 1246 1288 1247 747 1247 746 1247 1288 1248 746 1248 1289 1248 1289 1249 746 1249 1290 1249 1290 1250 746 1250 745 1250 1290 1251 745 1251 1291 1251 1291 1252 745 1252 1292 1252 1292 1253 745 1253 756 1253 1292 1254 756 1254 1293 1254 1286 1255 1294 1255 755 1255 755 1256 1294 1256 1295 1256 755 1257 1295 1257 756 1257 756 1258 1295 1258 1296 1258 756 1259 1296 1259 1293 1259 1280 1260 1297 1260 754 1260 754 1261 1297 1261 1298 1261 754 1262 1298 1262 755 1262 755 1263 1298 1263 1299 1263 755 1264 1299 1264 1285 1264 1292 1265 1300 1265 1301 1265 1302 1266 1290 1266 1301 1266 1301 1266 1290 1266 1291 1266 1301 1265 1291 1265 1292 1265 764 1267 1288 1267 763 1267 763 1268 1288 1268 1289 1268 763 1269 1289 1269 762 1269 762 1270 1289 1270 1290 1270 762 1271 1290 1271 1303 1271 1303 1272 1290 1272 1302 1272 1303 1273 1302 1273 760 1273 760 1274 1302 1274 1304 1274 760 1275 1304 1275 759 1275 759 1276 1304 1276 1305 1276 759 1277 1305 1277 758 1277 775 1218 790 1218 1287 1218 764 1278 765 1278 1288 1278 1288 1279 765 1279 767 1279 1288 1280 767 1280 1287 1280 1287 1281 767 1281 766 1281 1287 1282 766 1282 775 1282 797 1218 769 1218 1306 1218 1306 1283 769 1283 768 1283 1306 1284 768 1284 1305 1284 1305 1285 768 1285 757 1285 1305 1286 757 1286 758 1286 1307 1287 1308 1287 786 1287 797 1288 1306 1288 782 1288 784 1289 1301 1289 785 1289 785 1290 1301 1290 1300 1290 782 1291 1306 1291 783 1291 1306 1292 1305 1292 783 1292 783 1293 1305 1293 1304 1293 783 1294 1304 1294 784 1294 784 1295 1304 1295 1302 1295 784 1296 1302 1296 1301 1296 797 1297 782 1297 796 1297 796 635 782 635 781 635 796 1298 781 1298 795 1298 795 1298 781 1298 780 1298 795 1299 780 1299 794 1299 794 1299 780 1299 779 1299 794 1300 779 1300 793 1300 793 1301 779 1301 778 1301 793 1302 778 1302 1309 1302 1309 1303 778 1303 1310 1303 1310 1304 778 1304 777 1304 1310 1305 777 1305 1311 1305 1311 1306 777 1306 1312 1306 1312 1307 777 1307 776 1307 1312 1308 776 1308 1313 1308 1313 1309 776 1309 1314 1309 1314 1310 776 1310 787 1310 1314 1311 787 1311 1315 1311 1308 1312 1316 1312 786 1312 786 1313 1316 1313 1317 1313 786 1314 1317 1314 787 1314 787 1315 1317 1315 1318 1315 787 1316 1318 1316 1315 1316 1300 1317 1319 1317 785 1317 785 1318 1319 1318 1320 1318 785 1319 1320 1319 786 1319 786 1320 1320 1320 1321 1320 786 1321 1321 1321 1307 1321 1313 1322 1314 1322 1322 1322 1322 1323 1314 1323 1323 1323 1313 1324 1322 1324 1312 1324 1312 1325 1322 1325 1324 1325 1312 1326 1324 1326 1311 1326 1311 1327 1324 1327 15 1327 1311 1328 15 1328 1310 1328 15 1329 14 1329 1310 1329 1310 1330 14 1330 13 1330 1310 1331 13 1331 1309 1331 1309 1332 13 1332 12 1332 1309 1218 12 1218 793 1218 1323 1333 801 1333 804 1333 803 1334 1324 1334 804 1334 804 1335 1324 1335 1322 1335 804 1336 1322 1336 1323 1336 803 1337 798 1337 1324 1337 1324 1338 798 1338 7 1338 1324 1339 7 1339 15 1339 362 1340 361 1340 1325 1340 1325 1340 361 1340 359 1340 1325 1340 359 1340 358 1340 806 1341 810 1341 1326 1341 1326 1342 810 1342 1327 1342 1327 1343 810 1343 808 1343 1327 1344 808 1344 1325 1344 1325 1345 808 1345 807 1345 1325 1346 807 1346 362 1346 806 1347 1326 1347 390 1347 390 1348 1326 1348 1328 1348 390 1349 1328 1349 827 1349 827 1350 1328 1350 1329 1350 827 1351 1329 1351 1330 1351 877 1352 823 1352 822 1352 877 1352 822 1352 879 1352 822 1352 826 1352 879 1352 879 1352 826 1352 816 1352 879 1352 816 1352 1330 1352 1330 1352 816 1352 817 1352 1330 1352 817 1352 827 1352 832 1352 833 1352 1262 1352 1262 1352 833 1352 1261 1352 1261 1352 833 1352 834 1352 1261 1352 834 1352 838 1352 832 1352 1262 1352 829 1352 829 1352 1262 1352 1331 1352 829 1352 1331 1352 830 1352 830 1353 1331 1353 1332 1353 830 1354 1332 1354 831 1354 1332 1355 1333 1355 831 1355 831 1356 1333 1356 1334 1356 831 1357 1334 1357 407 1357 407 1358 1334 1358 1335 1358 407 1359 1335 1359 847 1359 847 1360 1335 1360 841 1360 841 1361 1335 1361 1336 1361 841 1362 1336 1362 842 1362 842 1363 1336 1363 1337 1363 842 1364 1337 1364 844 1364 844 1365 1337 1365 1338 1365 844 1366 1338 1366 398 1366 331 1367 330 1367 1338 1367 1338 1367 330 1367 399 1367 1338 1367 399 1367 398 1367 1339 1368 1340 1368 1341 1368 1341 1369 1340 1369 1342 1369 1341 1370 1342 1370 1343 1370 1344 1371 923 1371 1345 1371 1345 1371 923 1371 922 1371 1346 1372 1347 1372 1348 1372 1348 1373 1347 1373 1344 1373 1348 1374 1344 1374 1345 1374 1349 1375 1350 1375 1351 1375 1351 1376 1350 1376 1347 1376 1351 1377 1347 1377 1352 1377 1352 1378 1347 1378 1346 1378 1350 1352 1349 1352 1353 1352 1353 1352 1349 1352 1354 1352 1353 1352 1354 1352 1342 1352 1342 1352 1354 1352 1343 1352 858 1379 857 1379 1355 1379 1356 1380 859 1380 1357 1380 1357 1381 859 1381 858 1381 1357 1382 858 1382 1358 1382 1358 1383 858 1383 1355 1383 855 1384 1359 1384 856 1384 856 1385 1359 1385 1360 1385 856 1386 1360 1386 857 1386 857 1387 1360 1387 1361 1387 857 1388 1361 1388 1355 1388 854 1389 1362 1389 855 1389 855 1390 1362 1390 1363 1390 855 1391 1363 1391 1359 1391 853 1392 1364 1392 854 1392 854 1393 1364 1393 1365 1393 854 1394 1365 1394 1362 1394 852 1395 1366 1395 853 1395 853 1396 1366 1396 1367 1396 853 1397 1367 1397 1364 1397 863 1398 1368 1398 852 1398 852 1399 1368 1399 1369 1399 852 1400 1369 1400 1366 1400 862 1401 1370 1401 863 1401 863 1402 1370 1402 1371 1402 863 1403 1371 1403 1368 1403 861 1404 1372 1404 862 1404 862 1405 1372 1405 1373 1405 862 1406 1373 1406 1370 1406 860 1407 1374 1407 861 1407 861 1408 1374 1408 1375 1408 861 1409 1375 1409 1372 1409 1356 1410 1376 1410 859 1410 859 1411 1376 1411 1377 1411 859 1412 1377 1412 860 1412 860 1413 1377 1413 1378 1413 860 1414 1378 1414 1374 1414 870 1415 1379 1415 1380 1415 870 1416 1380 1416 871 1416 1379 1417 870 1417 1381 1417 1381 1418 870 1418 869 1418 1381 1419 869 1419 1382 1419 1382 1420 869 1420 1383 1420 1383 1421 869 1421 868 1421 1383 1422 868 1422 1384 1422 1384 1423 868 1423 1385 1423 1385 1424 868 1424 867 1424 1385 1425 867 1425 1386 1425 1386 1426 867 1426 1387 1426 1387 1427 867 1427 866 1427 1387 1428 866 1428 1388 1428 1388 1429 866 1429 1389 1429 1389 1430 866 1430 865 1430 1389 1431 865 1431 1390 1431 864 1432 875 1432 1391 1432 1391 1433 1392 1433 864 1433 864 1434 1392 1434 1393 1434 864 1435 1393 1435 865 1435 865 1436 1393 1436 1394 1436 865 1437 1394 1437 1390 1437 873 1438 1395 1438 874 1438 874 1439 1395 1439 1396 1439 874 1440 1396 1440 875 1440 875 1441 1396 1441 1397 1441 875 1442 1397 1442 1391 1442 872 1443 1398 1443 873 1443 873 1444 1398 1444 1399 1444 873 1445 1399 1445 1395 1445 1380 1446 1400 1446 871 1446 871 1447 1400 1447 1401 1447 871 1448 1401 1448 872 1448 872 1449 1401 1449 1402 1449 872 1450 1402 1450 1398 1450 1343 1451 1403 1451 1341 1451 1341 1452 1403 1452 1404 1452 1341 1453 1404 1453 1339 1453 1339 1454 1404 1454 1405 1454 1406 1455 1339 1455 1407 1455 1407 1456 1339 1456 1405 1456 1407 1457 1405 1457 1408 1457 882 1458 887 1458 880 1458 880 1458 887 1458 881 1458 881 1458 887 1458 888 1458 881 1458 888 1458 894 1458 890 1458 891 1458 878 1458 878 1458 891 1458 892 1458 878 1458 892 1458 876 1458 876 1458 892 1458 893 1458 876 1458 893 1458 886 1458 886 1458 884 1458 876 1458 876 1458 884 1458 885 1458 876 1458 885 1458 880 1458 880 1458 885 1458 883 1458 880 1458 883 1458 882 1458 1408 1458 905 1458 903 1458 903 1458 904 1458 1408 1458 1408 1458 904 1458 895 1458 1408 1458 895 1458 894 1458 1406 1458 1407 1458 878 1458 878 1458 1407 1458 1408 1458 878 1458 1408 1458 890 1458 890 1458 1408 1458 894 1458 890 1458 894 1458 889 1458 889 1458 894 1458 888 1458 907 1459 908 1459 1409 1459 897 1460 896 1460 1410 1460 471 1461 466 1461 913 1461 913 1462 466 1462 897 1462 913 1463 897 1463 914 1463 897 1464 1410 1464 914 1464 914 1465 1410 1465 1411 1465 914 1466 1411 1466 915 1466 1409 1467 916 1467 915 1467 907 1468 1409 1468 901 1468 915 1469 1411 1469 1409 1469 1409 1470 1411 1470 902 1470 1409 1471 902 1471 901 1471 896 1472 900 1472 1410 1472 1410 1473 900 1473 899 1473 1410 1474 899 1474 1411 1474 1411 1475 899 1475 898 1475 1411 1476 898 1476 902 1476 916 1477 911 1477 910 1477 910 1477 303 1477 916 1477 916 1477 303 1477 302 1477 916 1477 302 1477 301 1477 912 1478 911 1478 1412 1478 1413 1479 1071 1479 1061 1479 912 1480 1412 1480 1061 1480 1061 1481 1412 1481 1414 1481 1061 1482 1414 1482 1413 1482 1415 1483 1075 1483 1073 1483 1413 1484 1416 1484 1071 1484 1071 1485 1416 1485 1417 1485 1071 1486 1417 1486 1073 1486 1073 1487 1417 1487 1418 1487 1073 1488 1418 1488 1415 1488 1415 1489 1419 1489 1075 1489 1075 1490 1419 1490 1420 1490 1075 1491 1420 1491 1082 1491 1420 1492 1421 1492 1082 1492 1082 1493 1421 1493 1422 1493 1082 1494 1422 1494 1084 1494 1422 1495 1423 1495 1084 1495 1084 1496 1423 1496 1424 1496 1084 1497 1424 1497 1080 1497 1424 1498 1425 1498 1080 1498 1080 1499 1425 1499 1426 1499 1080 1500 1426 1500 1079 1500 1426 1501 1427 1501 1079 1501 1079 1502 1427 1502 948 1502 1079 1503 948 1503 947 1503 1428 1504 922 1504 1429 1504 1429 1505 922 1505 924 1505 918 1506 1430 1506 920 1506 920 1507 1430 1507 1431 1507 920 1508 1431 1508 927 1508 927 1509 1431 1509 1432 1509 927 1510 1432 1510 926 1510 926 1511 1432 1511 1433 1511 926 1512 1433 1512 924 1512 924 1513 1433 1513 1434 1513 924 1514 1434 1514 1429 1514 1435 1515 1345 1515 1436 1515 1436 1516 1345 1516 922 1516 1436 1517 922 1517 1428 1517 1437 1518 1349 1518 1438 1518 1438 1519 1349 1519 1351 1519 1438 1520 1351 1520 1439 1520 1439 1521 1351 1521 1352 1521 1439 1522 1352 1522 1440 1522 1440 1523 1352 1523 1346 1523 1440 1524 1346 1524 1441 1524 1441 1525 1346 1525 1348 1525 1441 1526 1348 1526 1435 1526 1435 1527 1348 1527 1345 1527 1349 1528 1437 1528 1442 1528 1349 1529 1442 1529 1354 1529 1403 1530 1343 1530 1443 1530 1443 1531 1343 1531 1354 1531 1443 1532 1354 1532 1444 1532 1444 1533 1354 1533 1442 1533 959 1534 540 1534 928 1534 959 1535 928 1535 1445 1535 1445 1536 928 1536 932 1536 1445 1537 932 1537 1446 1537 1446 1538 932 1538 934 1538 1446 1539 934 1539 1447 1539 1447 1540 934 1540 936 1540 1447 1541 936 1541 1448 1541 936 1039 935 1039 937 1039 937 1039 935 1039 938 1039 948 1542 1449 1542 1450 1542 948 1543 1450 1543 946 1543 946 1544 1450 1544 1451 1544 946 1545 1451 1545 944 1545 944 1546 1451 1546 1452 1546 944 1547 1452 1547 942 1547 942 1548 1452 1548 1453 1548 942 1549 1453 1549 940 1549 940 1550 1453 1550 1454 1550 940 1551 1454 1551 937 1551 1455 1552 1456 1552 1457 1552 1455 1552 1457 1552 1458 1552 1458 1553 1457 1553 1459 1553 1458 1553 1459 1553 1460 1553 1460 1554 1459 1554 1461 1554 1460 1554 1461 1554 1462 1554 1462 1555 1461 1555 1463 1555 1462 1555 1463 1555 1464 1555 1447 284 1448 284 1463 284 1109 284 1108 284 1096 284 1096 284 1108 284 1107 284 1096 284 1107 284 1097 284 1097 284 1107 284 1106 284 1097 284 1106 284 1099 284 1099 284 1106 284 1105 284 1099 284 1105 284 1101 284 1101 284 1105 284 1103 284 1105 284 949 284 1103 284 1103 284 949 284 950 284 1103 284 950 284 1465 284 1465 284 950 284 951 284 1465 284 951 284 1466 284 1466 284 951 284 952 284 1466 284 952 284 1467 284 1467 284 952 284 953 284 1467 284 953 284 1468 284 1468 284 953 284 954 284 1468 284 954 284 1469 284 1469 284 954 284 955 284 1469 284 955 284 1470 284 1470 284 955 284 956 284 1470 284 956 284 1471 284 959 284 1456 284 958 284 958 284 1456 284 1471 284 958 284 1471 284 957 284 957 284 1471 284 956 284 1457 284 1456 284 1459 284 1459 284 1456 284 959 284 1459 284 959 284 1461 284 1461 284 959 284 1445 284 1461 284 1445 284 1463 284 1463 284 1445 284 1446 284 1463 284 1446 284 1447 284 689 1556 690 1556 1472 1556 989 1557 688 1557 987 1557 987 1558 688 1558 986 1558 988 1559 991 1559 987 1559 987 1560 991 1560 990 1560 987 1561 990 1561 989 1561 690 1562 691 1562 1472 1562 1472 1563 691 1563 692 1563 1472 1564 692 1564 1473 1564 688 1565 689 1565 986 1565 986 1566 689 1566 1472 1566 986 1567 1472 1567 961 1567 961 1568 1472 1568 962 1568 692 1569 694 1569 1473 1569 1473 1570 694 1570 693 1570 1473 1571 693 1571 1474 1571 1474 1572 693 1572 1225 1572 1474 1573 1225 1573 1475 1573 1475 1573 1225 1573 1226 1573 1475 1574 1226 1574 1476 1574 1476 1574 1226 1574 1227 1574 1476 1575 1227 1575 1477 1575 1477 1575 1227 1575 1228 1575 1477 1576 1228 1576 1478 1576 1478 1576 1228 1576 1207 1576 1478 1577 1207 1577 1479 1577 1479 1577 1207 1577 1206 1577 1479 1578 1206 1578 1480 1578 1480 1578 1206 1578 1199 1578 1480 1579 1199 1579 1481 1579 1481 1579 1199 1579 1198 1579 1481 1580 1198 1580 1482 1580 1482 1580 1198 1580 1223 1580 1482 1581 1223 1581 1483 1581 1483 1581 1223 1581 1224 1581 1483 1582 1224 1582 1472 1582 1472 1583 1224 1583 983 1583 1472 1584 983 1584 962 1584 1484 1585 1161 1585 1485 1585 1485 1586 1161 1586 1159 1586 1485 1587 1159 1587 1486 1587 1486 1587 1159 1587 1158 1587 1486 1588 1158 1588 1487 1588 1487 1588 1158 1588 1157 1588 1487 1589 1157 1589 1488 1589 1488 1589 1157 1589 1156 1589 1488 1590 1156 1590 1489 1590 1489 1590 1156 1590 1153 1590 1489 1591 1153 1591 1490 1591 1490 1591 1153 1591 1152 1591 1490 1592 1152 1592 1491 1592 1491 1592 1152 1592 1151 1592 1491 1593 1151 1593 1492 1593 1492 1593 1151 1593 1155 1593 1492 1594 1155 1594 1493 1594 1493 1594 1155 1594 1154 1594 1493 1595 1154 1595 1494 1595 1494 1595 1154 1595 1165 1595 1494 1596 1165 1596 1495 1596 1495 1596 1165 1596 1164 1596 1495 1597 1164 1597 1484 1597 1484 1598 1164 1598 1161 1598 1496 1599 1217 1599 1497 1599 1497 1599 1217 1599 1215 1599 1497 1573 1215 1573 1498 1573 1498 1573 1215 1573 1213 1573 1498 1600 1213 1600 1499 1600 1499 1600 1213 1600 1212 1600 1499 1601 1212 1601 1500 1601 1500 1601 1212 1601 1204 1601 1500 1602 1204 1602 1501 1602 1501 1602 1204 1602 1202 1602 1501 1603 1202 1603 1502 1603 1502 1603 1202 1603 1194 1603 1502 1604 1194 1604 1503 1604 1503 1604 1194 1604 1193 1604 1503 1605 1193 1605 1504 1605 1504 1605 1193 1605 1211 1605 1504 1606 1211 1606 1505 1606 1505 1606 1211 1606 1210 1606 1505 1607 1210 1607 1506 1607 1506 1607 1210 1607 1236 1607 1506 1582 1236 1582 1507 1582 1507 1582 1236 1582 1229 1582 1507 1608 1229 1608 1496 1608 1496 1608 1229 1608 1217 1608 1508 1599 1083 1599 1509 1599 1509 1599 1083 1599 1091 1599 1509 1573 1091 1573 1510 1573 1510 1573 1091 1573 1092 1573 1510 1609 1092 1609 1511 1609 1511 1609 1092 1609 1058 1609 1511 1610 1058 1610 1512 1610 1512 1610 1058 1610 1057 1610 1512 1602 1057 1602 1513 1602 1513 1602 1057 1602 1068 1602 1513 1603 1068 1603 1514 1603 1514 1603 1068 1603 1069 1603 1514 1604 1069 1604 1515 1604 1515 1604 1069 1604 1070 1604 1515 1605 1070 1605 1516 1605 1516 1605 1070 1605 1072 1605 1516 1611 1072 1611 1517 1611 1517 1611 1072 1611 1074 1611 1517 1612 1074 1612 1518 1612 1518 1612 1074 1612 1076 1612 1518 1582 1076 1582 1519 1582 1519 1582 1076 1582 1081 1582 1519 1608 1081 1608 1508 1608 1508 1608 1081 1608 1083 1608 1520 1613 1012 1613 994 1613 522 1614 1521 1614 1056 1614 1056 1615 1521 1615 1522 1615 1056 1582 1522 1582 1062 1582 1062 1582 1522 1582 1523 1582 1062 1581 1523 1581 1063 1581 1063 1581 1523 1581 1524 1581 1063 1580 1524 1580 1064 1580 1064 1580 1524 1580 1525 1580 1064 1579 1525 1579 1066 1579 1066 1579 1525 1579 1526 1579 1066 1616 1526 1616 1077 1616 1077 1616 1526 1616 1527 1616 1077 1617 1527 1617 1078 1617 1078 1617 1527 1617 1528 1617 1078 1576 1528 1576 1086 1576 1086 1576 1528 1576 1529 1576 1086 1575 1529 1575 1085 1575 1085 1575 1529 1575 1530 1575 1085 1574 1530 1574 1067 1574 1067 1574 1530 1574 1531 1574 1067 1618 1531 1618 995 1618 995 1619 1531 1619 1520 1619 995 1620 1520 1620 993 1620 993 1621 1520 1621 994 1621 527 1622 1520 1622 526 1622 526 1623 1520 1623 1521 1623 526 1624 1521 1624 524 1624 524 1625 1521 1625 522 1625 502 1626 500 1626 504 1626 504 1627 500 1627 1008 1627 504 1628 1008 1628 535 1628 535 1629 1008 1629 1012 1629 535 1630 1012 1630 531 1630 531 1631 1012 1631 1520 1631 531 1632 1520 1632 529 1632 529 1633 1520 1633 527 1633 1029 1634 1028 1634 1532 1634 1533 1635 1534 1635 1535 1635 1033 1636 1533 1636 1034 1636 1034 1637 1533 1637 1535 1637 1034 1638 1535 1638 1035 1638 1035 1639 1535 1639 1536 1639 1532 1640 1028 1640 1537 1640 1537 1641 1028 1641 1027 1641 1537 1642 1027 1642 1536 1642 1536 1643 1027 1643 1036 1643 1536 1644 1036 1644 1035 1644 1029 1645 1532 1645 1030 1645 1030 1646 1532 1646 1538 1646 1030 1647 1538 1647 1031 1647 1031 1648 1538 1648 1026 1648 1026 1649 1538 1649 1539 1649 1026 1650 1539 1650 1025 1650 1025 1651 1539 1651 1540 1651 1025 1652 1540 1652 1020 1652 1020 1653 1540 1653 1541 1653 1020 1654 1541 1654 1021 1654 1163 1655 1013 1655 1014 1655 1542 1656 1163 1656 1543 1656 1543 1657 1163 1657 1014 1657 1543 1658 1014 1658 1544 1658 1541 1659 1545 1659 1021 1659 1021 1660 1545 1660 1546 1660 1021 1661 1546 1661 1022 1661 1022 1662 1546 1662 1547 1662 1022 1663 1547 1663 1023 1663 1023 1664 1547 1664 1548 1664 1023 1665 1548 1665 1024 1665 1024 1666 1548 1666 1549 1666 1024 1667 1549 1667 1016 1667 1016 1668 1549 1668 1550 1668 1016 1669 1550 1669 1017 1669 1017 1670 1550 1670 1551 1670 1017 1671 1551 1671 1018 1671 1018 1672 1551 1672 1552 1672 1018 1673 1552 1673 1019 1673 1019 1674 1552 1674 1544 1674 1019 1675 1544 1675 1015 1675 1015 1676 1544 1676 1014 1676 1065 1677 1553 1677 1554 1677 1554 1678 1534 1678 1533 1678 1065 1679 1554 1679 1032 1679 1032 1680 1554 1680 1533 1680 1032 1681 1533 1681 1033 1681 1555 1682 1556 1682 1557 1682 1556 1683 1558 1683 1557 1683 1557 1684 1558 1684 1559 1684 1557 1685 1559 1685 1560 1685 1553 1686 1065 1686 1561 1686 1561 1687 1065 1687 1087 1687 1561 1688 1087 1688 1557 1688 1557 1689 1087 1689 1090 1689 1557 1690 1090 1690 1555 1690 1037 1691 559 1691 1045 1691 1037 1692 1045 1692 1088 1692 1088 1693 1045 1693 1044 1693 1088 1694 1044 1694 1089 1694 1042 1695 1555 1695 1044 1695 1044 1696 1555 1696 1090 1696 1044 1697 1090 1697 1089 1697 1048 1698 1049 1698 1562 1698 1042 1699 1040 1699 1555 1699 1555 1700 1040 1700 1039 1700 1555 1701 1039 1701 1556 1701 1556 1702 1039 1702 1048 1702 1556 1703 1048 1703 1558 1703 1558 1704 1048 1704 1562 1704 1558 1705 1562 1705 1559 1705 1559 1706 1562 1706 1560 1706 1563 1707 1564 1707 1565 1707 1565 1708 1566 1708 1563 1708 1563 1709 1566 1709 1567 1709 1563 1710 1567 1710 1568 1710 1568 1711 1569 1711 1570 1711 1570 1712 1569 1712 1094 1712 1570 1713 1094 1713 1093 1713 1568 1714 1567 1714 1569 1714 1569 1715 1567 1715 1053 1715 1569 1716 1053 1716 1052 1716 562 1717 1094 1717 1050 1717 1050 1718 1094 1718 1569 1718 1050 1719 1569 1719 1051 1719 1051 1720 1569 1720 1052 1720 1565 1721 1049 1721 1566 1721 1566 1722 1049 1722 1047 1722 1566 1723 1047 1723 1567 1723 1567 1724 1047 1724 1046 1724 1567 1725 1046 1725 1053 1725 532 1726 536 1726 1059 1726 1059 1727 536 1727 537 1727 1059 1728 537 1728 538 1728 1568 1729 1570 1729 1563 1729 1563 1730 1570 1730 1093 1730 1563 1731 1093 1731 1564 1731 1564 1732 1093 1732 1054 1732 1564 1733 1054 1733 1059 1733 1059 1733 1054 1733 533 1733 1059 1734 533 1734 532 1734 1096 1735 1095 1735 1109 1735 1109 1735 1095 1735 1571 1735 1109 1735 1571 1735 569 1735 569 1735 1571 1735 1110 1735 683 1736 1209 1736 681 1736 681 1737 1209 1737 678 1737 683 1738 685 1738 1209 1738 1209 1739 685 1739 687 1739 1209 1740 687 1740 1572 1740 1572 1740 687 1740 1111 1740 1572 1741 1111 1741 1124 1741 1118 1742 1120 1742 1111 1742 1111 1743 1120 1743 1122 1743 1111 1744 1122 1744 1124 1744 1572 284 1124 284 1573 284 1573 284 1124 284 1123 284 1573 284 1123 284 1574 284 1574 284 1123 284 572 284 1574 284 572 284 1575 284 1575 284 572 284 1114 284 1576 1745 1574 1745 1575 1745 1577 1746 1578 1746 1576 1746 1577 1747 1576 1747 1579 1747 1579 1748 1576 1748 1575 1748 1579 1749 1575 1749 1580 1749 1580 1750 1575 1750 1114 1750 1580 1751 1114 1751 1581 1751 1581 1752 1114 1752 1219 1752 1219 1753 1114 1753 1113 1753 1219 1754 1113 1754 1220 1754 1220 1755 1113 1755 1116 1755 1220 1756 1116 1756 1222 1756 1222 1757 1116 1757 1115 1757 1222 1758 1115 1758 1125 1758 1581 1759 1219 1759 1221 1759 1578 1760 1577 1760 1582 1760 1582 1761 1577 1761 1579 1761 1582 1762 1579 1762 1580 1762 1126 1763 1583 1763 1127 1763 1127 1764 1583 1764 1584 1764 1127 1765 1584 1765 1195 1765 1584 1766 1585 1766 1195 1766 1195 1767 1585 1767 1586 1767 1195 1768 1586 1768 1221 1768 1221 1769 1586 1769 1582 1769 1221 1770 1582 1770 1581 1770 1581 1771 1582 1771 1580 1771 1143 1772 1144 1772 1160 1772 1587 1773 1146 1773 1588 1773 1588 1774 1146 1774 1145 1774 1588 1775 1145 1775 1589 1775 1160 1776 1590 1776 1143 1776 1143 1777 1590 1777 1591 1777 1143 1778 1591 1778 1142 1778 1142 1779 1591 1779 1589 1779 1142 1780 1589 1780 1141 1780 1141 1781 1589 1781 1145 1781 1592 1782 1148 1782 1587 1782 1587 1783 1148 1783 1147 1783 1587 1784 1147 1784 1146 1784 1139 1785 1138 1785 1593 1785 1593 1786 1138 1786 1137 1786 1593 1787 1137 1787 1594 1787 1594 1788 1137 1788 1150 1788 1594 1789 1150 1789 1592 1789 1592 1790 1150 1790 1149 1790 1592 1791 1149 1791 1148 1791 1593 1792 1595 1792 1139 1792 1139 1793 1595 1793 1596 1793 1139 1794 1596 1794 1140 1794 1140 1795 1596 1795 1597 1795 1140 1796 1597 1796 1134 1796 1598 1797 1583 1797 1126 1797 1597 1798 1599 1798 1134 1798 1134 1799 1599 1799 1600 1799 1134 1800 1600 1800 1135 1800 1135 1801 1600 1801 1601 1801 1135 1802 1601 1802 1136 1802 1136 1803 1601 1803 1602 1803 1136 1804 1602 1804 1130 1804 1130 1805 1602 1805 1603 1805 1130 1806 1603 1806 1129 1806 1129 1807 1603 1807 1604 1807 1129 1808 1604 1808 1131 1808 1131 1809 1604 1809 1605 1809 1131 1810 1605 1810 1132 1810 1132 1811 1605 1811 1606 1811 1132 1812 1606 1812 1133 1812 1133 1813 1606 1813 1598 1813 1133 1814 1598 1814 1128 1814 1128 1815 1598 1815 1126 1815 1590 1816 1160 1816 1607 1816 1607 1817 1160 1817 1162 1817 1607 1818 1162 1818 1542 1818 1542 1819 1162 1819 1163 1819 1608 1820 1609 1820 1610 1820 1611 1821 1612 1821 1613 1821 1611 1821 1613 1821 1614 1821 1614 1822 1613 1822 1615 1822 1614 1822 1615 1822 1616 1822 1616 1823 1615 1823 1617 1823 1616 1823 1617 1823 1618 1823 1618 1824 1617 1824 1619 1824 1618 1825 1619 1825 1610 1825 1610 1826 1619 1826 1620 1826 1610 1820 1620 1820 1608 1820 1183 1827 659 1827 1621 1827 1621 1828 659 1828 1166 1828 1621 1829 1166 1829 1622 1829 1622 1830 1166 1830 1169 1830 1622 1830 1169 1830 1623 1830 1623 1831 1169 1831 1171 1831 1623 1831 1171 1831 1624 1831 1624 1832 1171 1832 1173 1832 1624 1832 1173 1832 1625 1832 1173 1241 1172 1241 1626 1241 1626 1241 1172 1241 1208 1241 1622 284 1623 284 1611 284 1611 284 1623 284 1624 284 1611 284 1624 284 1625 284 1621 284 1610 284 1609 284 1610 284 1621 284 1618 284 1618 284 1621 284 1622 284 1618 284 1622 284 1616 284 1616 284 1622 284 1611 284 1616 284 1611 284 1614 284 1627 284 1174 284 1628 284 1628 284 1174 284 1175 284 1628 284 1175 284 1629 284 1629 284 1175 284 1176 284 1629 284 1176 284 1630 284 1630 284 1176 284 1177 284 1630 284 1177 284 1631 284 1631 284 1177 284 1178 284 1631 284 1178 284 1632 284 1632 284 1178 284 1179 284 1632 284 1179 284 1633 284 1633 284 1179 284 1180 284 1633 284 1180 284 1634 284 1635 284 1636 284 1637 284 1637 284 1636 284 1638 284 1637 284 1638 284 1639 284 1639 284 1638 284 1640 284 1639 284 1640 284 1641 284 1641 284 1640 284 1174 284 1641 284 1174 284 1642 284 1642 284 1174 284 1627 284 1180 284 1181 284 1634 284 1634 284 1181 284 1182 284 1634 284 1182 284 1609 284 1609 284 1182 284 1183 284 1609 284 1183 284 1621 284 1643 1833 1637 1833 1639 1833 1643 1833 1639 1833 1644 1833 1644 1834 1639 1834 1641 1834 1644 1834 1641 1834 1645 1834 1645 1835 1641 1835 1642 1835 1645 1835 1642 1835 1646 1835 1646 1836 1642 1836 1627 1836 1646 1836 1627 1836 1647 1836 1648 1241 1237 1241 1191 1241 1191 1241 1237 1241 1192 1241 1635 1837 1191 1837 1189 1837 1635 1838 1189 1838 1636 1838 1636 1839 1189 1839 1187 1839 1636 1840 1187 1840 1638 1840 1638 1841 1187 1841 1185 1841 1638 1842 1185 1842 1640 1842 1640 1843 1185 1843 663 1843 1640 1844 663 1844 1174 1844 1237 1845 1648 1845 1649 1845 1237 1846 1649 1846 1235 1846 1235 1847 1649 1847 1650 1847 1235 1848 1650 1848 1232 1848 1232 1849 1650 1849 1651 1849 1232 1850 1651 1850 1233 1850 1233 1851 1651 1851 1652 1851 1233 1852 1652 1852 1234 1852 1234 1853 1652 1853 1653 1853 1234 1854 1653 1854 1231 1854 1231 1855 1653 1855 1654 1855 1231 1856 1654 1856 1230 1856 1230 1857 1654 1857 1655 1857 1230 1858 1655 1858 1218 1858 1218 1859 1655 1859 1656 1859 1218 1860 1656 1860 1216 1860 1216 1861 1656 1861 1657 1861 1216 1862 1657 1862 1214 1862 1214 1863 1657 1863 1658 1863 1214 1864 1658 1864 1205 1864 1205 1865 1658 1865 1659 1865 1205 1866 1659 1866 1203 1866 1203 1867 1659 1867 1660 1867 1203 1868 1660 1868 1201 1868 1201 1869 1660 1869 1661 1869 1201 1870 1661 1870 1200 1870 1200 1871 1661 1871 1239 1871 1200 1872 1239 1872 1196 1872 1238 1873 1239 1873 325 1873 325 1873 1239 1873 1240 1873 325 1873 1240 1873 319 1873 319 1873 1240 1873 320 1873 1662 1874 1256 1874 1258 1874 1241 1875 1240 1875 1663 1875 1248 1876 1247 1876 1663 1876 1663 1877 1247 1877 1664 1877 1663 1878 1664 1878 1241 1878 1241 1879 1664 1879 1662 1879 1241 1880 1662 1880 1242 1880 1242 1881 1662 1881 1258 1881 1242 1882 1258 1882 1243 1882 1243 1883 1258 1883 715 1883 1243 1884 715 1884 718 1884 1247 1885 1251 1885 1664 1885 1664 1886 1251 1886 1253 1886 1664 1887 1253 1887 1662 1887 1662 1888 1253 1888 1254 1888 1662 1889 1254 1889 1256 1889 1263 1735 1268 1735 1259 1735 1259 1735 1268 1735 1260 1735 1255 1735 1252 1735 1665 1735 1665 1735 1252 1735 1250 1735 1665 1735 1250 1735 1249 1735 1271 1735 1665 1735 1270 1735 1270 1735 1665 1735 1260 1735 1270 1735 1260 1735 1269 1735 1269 1735 1260 1735 1268 1735 1267 1735 1265 1735 1244 1735 1244 1735 1265 1735 1266 1735 1244 1735 1266 1735 1259 1735 1259 1735 1266 1735 1264 1735 1259 1735 1264 1735 1263 1735 1244 1735 1245 1735 1665 1735 1665 1735 1245 1735 1257 1735 1665 1735 1257 1735 1255 1735 1271 1735 1272 1735 1665 1735 1665 1735 1272 1735 1273 1735 1665 1735 1273 1735 1244 1735 1244 1735 1273 1735 1274 1735 1244 1735 1274 1735 1267 1735 332 1890 331 1890 1338 1890 1665 1891 1666 1891 1667 1891 1277 1892 740 1892 739 1892 358 1893 357 1893 1323 1893 1323 1894 357 1894 802 1894 1323 1895 802 1895 801 1895 1340 1896 1339 1896 1668 1896 1668 1897 1339 1897 1406 1897 1668 1898 1406 1898 1669 1898 1286 1899 1670 1899 1294 1899 1294 1900 1670 1900 1671 1900 1294 1901 1671 1901 1295 1901 1297 1902 1280 1902 1277 1902 1331 1903 1672 1903 1332 1903 1332 1904 1672 1904 1673 1904 1332 1905 1673 1905 1333 1905 1674 1906 1669 1906 1330 1906 1317 1907 1316 1907 1675 1907 1675 1908 1316 1908 1308 1908 1675 1909 1308 1909 1676 1909 1676 1910 1308 1910 1307 1910 1295 1911 1671 1911 1296 1911 1296 1912 1671 1912 1676 1912 1296 1913 1676 1913 1293 1913 1667 1914 1677 1914 1665 1914 1665 1915 1677 1915 1672 1915 1665 1916 1672 1916 1260 1916 1260 1917 1672 1917 1331 1917 1260 1896 1331 1896 1262 1896 1669 1918 1406 1918 1330 1918 1330 1919 1406 1919 878 1919 1330 1896 878 1896 879 1896 1317 1920 1675 1920 1318 1920 1318 1921 1675 1921 1678 1921 1318 1922 1678 1922 1679 1922 1330 1923 1329 1923 1674 1923 1674 1924 1329 1924 1328 1924 1674 1925 1328 1925 1679 1925 1679 1926 1328 1926 1326 1926 358 1927 1323 1927 1325 1927 1325 1890 1323 1890 1314 1890 1325 1928 1314 1928 1315 1928 1300 1902 1292 1902 1319 1902 1319 1902 1292 1902 1293 1902 1319 1929 1293 1929 1320 1929 1320 1930 1293 1930 1676 1930 1320 1931 1676 1931 1321 1931 1321 1932 1676 1932 1307 1932 739 1933 332 1933 1277 1933 1277 1934 332 1934 1338 1934 1277 1935 1338 1935 1297 1935 1297 1936 1338 1936 1298 1936 1286 1937 1285 1937 1670 1937 1670 1938 1285 1938 1299 1938 1670 1939 1299 1939 1680 1939 1680 1940 1299 1940 1298 1940 1680 1941 1298 1941 1681 1941 1681 1942 1298 1942 1338 1942 1681 1943 1338 1943 1337 1943 1337 1944 1336 1944 1681 1944 1681 1945 1336 1945 1335 1945 1681 1946 1335 1946 1673 1946 1673 1947 1335 1947 1334 1947 1673 1948 1334 1948 1333 1948 1315 1949 1318 1949 1325 1949 1325 1950 1318 1950 1679 1950 1325 1951 1679 1951 1327 1951 1327 1952 1679 1952 1326 1952 1666 1953 1682 1953 1667 1953 1667 1953 1682 1953 1683 1953 1683 1352 1682 1352 1684 1352 1684 1352 1682 1352 1685 1352 1684 1352 1685 1352 1686 1352 1686 1352 1685 1352 1687 1352 1686 1954 1687 1954 1688 1954 1686 1954 1688 1954 1689 1954 1689 1955 1688 1955 1690 1955 1689 1955 1690 1955 1691 1955 1692 1371 1691 1371 1693 1371 1693 1371 1691 1371 1690 1371 1694 1956 1695 1956 1696 1956 1694 1957 1696 1957 1697 1957 1696 1958 1698 1958 1697 1958 1697 1959 1698 1959 1692 1959 1697 1960 1692 1960 1693 1960 1692 1961 1698 1961 1699 1961 921 1962 925 1962 1700 1962 1700 1963 925 1963 923 1963 1686 1964 1689 1964 1699 1964 1699 1965 1689 1965 1691 1965 1699 1966 1691 1966 1692 1966 1699 1967 1701 1967 1686 1967 1686 1968 1701 1968 1702 1968 1686 1969 1702 1969 1684 1969 1684 1970 1702 1970 1703 1970 1684 1971 1703 1971 1683 1971 1683 1972 1703 1972 1704 1972 1683 1973 1704 1973 1667 1973 1667 1974 1704 1974 1677 1974 1704 1975 1705 1975 1677 1975 1677 1976 1705 1976 1706 1976 1677 1977 1706 1977 1672 1977 1706 1978 1707 1978 1672 1978 1672 1979 1707 1979 1708 1979 1672 1980 1708 1980 1673 1980 1709 1981 1681 1981 1710 1981 1710 1982 1681 1982 1673 1982 1710 1983 1673 1983 1711 1983 1711 1984 1673 1984 1708 1984 1712 1985 1383 1985 1713 1985 1713 1986 1383 1986 1384 1986 1713 1987 1384 1987 1709 1987 1393 1988 1392 1988 1670 1988 1393 1989 1670 1989 1394 1989 1709 1990 1384 1990 1681 1990 1681 1991 1384 1991 1385 1991 1681 1992 1385 1992 1680 1992 1680 1993 1385 1993 1386 1993 1680 1994 1386 1994 1387 1994 1387 1995 1388 1995 1680 1995 1680 1996 1388 1996 1389 1996 1680 1997 1389 1997 1670 1997 1670 1998 1389 1998 1390 1998 1670 1999 1390 1999 1394 1999 1392 2000 1391 2000 1670 2000 1670 2001 1391 2001 1397 2001 1670 2002 1397 2002 1396 2002 1714 2003 1396 2003 1395 2003 1395 2004 1399 2004 1714 2004 1714 2005 1399 2005 1398 2005 1714 2006 1398 2006 1715 2006 1715 2007 1398 2007 1402 2007 1379 2008 1381 2008 1712 2008 1712 2009 1381 2009 1382 2009 1712 1993 1382 1993 1383 1993 1402 2010 1401 2010 1715 2010 1715 2011 1401 2011 1400 2011 1715 2012 1400 2012 1712 2012 1712 2013 1400 2013 1380 2013 1712 2014 1380 2014 1379 2014 1361 2015 1360 2015 1716 2015 1361 2016 1716 2016 1355 2016 1376 2017 1717 2017 1377 2017 1377 2018 1717 2018 1718 2018 1377 2019 1718 2019 1378 2019 1378 2020 1718 2020 1374 2020 1376 2021 1356 2021 1717 2021 1717 2022 1356 2022 1357 2022 1717 2023 1357 2023 1716 2023 1716 2024 1357 2024 1358 2024 1716 2025 1358 2025 1355 2025 1396 2026 1714 2026 1670 2026 1670 2027 1714 2027 1719 2027 1670 2028 1719 2028 1671 2028 1671 2029 1719 2029 1720 2029 1671 2029 1720 2029 1676 2029 1676 2030 1720 2030 1716 2030 1676 2031 1716 2031 1675 2031 1675 2032 1716 2032 1360 2032 1675 2033 1360 2033 1359 2033 1359 2034 1363 2034 1675 2034 1675 2035 1363 2035 1362 2035 1675 2036 1362 2036 1365 2036 1369 2037 1368 2037 1678 2037 1365 2038 1364 2038 1675 2038 1675 2039 1364 2039 1367 2039 1675 2040 1367 2040 1678 2040 1678 2041 1367 2041 1366 2041 1678 2042 1366 2042 1369 2042 1368 2043 1371 2043 1678 2043 1678 2044 1371 2044 1370 2044 1678 2045 1370 2045 1679 2045 1679 2046 1370 2046 1373 2046 1679 2047 1373 2047 1721 2047 1721 2048 1373 2048 1372 2048 1721 2049 1372 2049 1718 2049 1718 2044 1372 2044 1375 2044 1718 2050 1375 2050 1374 2050 1721 2051 1722 2051 1679 2051 1679 2052 1722 2052 1723 2052 1679 2053 1723 2053 1674 2053 1723 2054 1724 2054 1674 2054 1674 2055 1724 2055 1725 2055 1674 2056 1725 2056 1669 2056 1725 2057 1726 2057 1669 2057 1669 2058 1726 2058 1727 2058 1669 2059 1727 2059 1668 2059 1668 2060 1727 2060 1728 2060 1668 2061 1728 2061 1340 2061 1340 2062 1728 2062 1729 2062 1340 2063 1729 2063 1342 2063 1342 2064 1729 2064 1353 2064 923 2065 1344 2065 1700 2065 1700 2066 1344 2066 1347 2066 1700 2067 1347 2067 1730 2067 1730 2068 1347 2068 1350 2068 1730 2069 1350 2069 1731 2069 1731 2070 1350 2070 1353 2070 1731 2071 1353 2071 1732 2071 1732 2072 1353 2072 1729 2072 1439 2073 1417 2073 1438 2073 1438 2074 1417 2074 1437 2074 1439 2075 1440 2075 1417 2075 1417 2076 1440 2076 1441 2076 1417 2077 1441 2077 1435 2077 1435 2078 1436 2078 1417 2078 1417 2079 1436 2079 1428 2079 1417 2080 1428 2080 1418 2080 1418 2081 1428 2081 1415 2081 905 2082 1408 2082 1405 2082 1405 2083 1404 2083 905 2083 905 2084 1404 2084 1413 2084 905 2085 1413 2085 906 2085 906 2086 1413 2086 908 2086 1404 2087 1403 2087 1413 2087 1413 2088 1403 2088 1443 2088 1413 2089 1443 2089 1416 2089 1416 2090 1443 2090 1444 2090 1416 2091 1444 2091 1417 2091 1417 2092 1444 2092 1442 2092 1417 2093 1442 2093 1437 2093 1413 2094 1414 2094 908 2094 908 2095 1414 2095 1412 2095 908 2096 1412 2096 1409 2096 1409 2097 1412 2097 911 2097 1409 2098 911 2098 916 2098 1449 2099 948 2099 1733 2099 1733 2100 948 2100 1427 2100 1733 2101 1427 2101 1426 2101 1428 2102 1429 2102 1415 2102 1415 2103 1429 2103 1434 2103 1415 2104 1434 2104 1433 2104 1433 2105 1432 2105 1415 2105 1415 2106 1432 2106 1431 2106 1415 2107 1431 2107 1419 2107 1419 2108 1431 2108 1430 2108 1419 2109 1430 2109 1420 2109 1420 2110 1430 2110 1734 2110 1420 2111 1734 2111 1421 2111 1421 2112 1734 2112 1735 2112 1421 2113 1735 2113 1422 2113 1422 2114 1735 2114 1736 2114 1422 2115 1736 2115 1423 2115 1423 2116 1736 2116 1737 2116 1423 2117 1737 2117 1424 2117 1424 2118 1737 2118 1738 2118 1424 2119 1738 2119 1425 2119 1425 2120 1738 2120 1739 2120 1425 2121 1739 2121 1426 2121 1426 2122 1739 2122 1740 2122 1426 2123 1740 2123 1733 2123 936 1735 937 1735 1448 1735 1448 1735 937 1735 1454 1735 1448 1735 1454 1735 1463 1735 1463 1735 1454 1735 1464 1735 1104 2124 1103 2124 1741 2124 1741 2124 1103 2124 1465 2124 1741 2125 1465 2125 1742 2125 1742 2125 1465 2125 1466 2125 1742 2126 1466 2126 1743 2126 1743 2126 1466 2126 1467 2126 1743 2127 1467 2127 1744 2127 1744 2127 1467 2127 1468 2127 1744 2128 1468 2128 1745 2128 1745 2128 1468 2128 1469 2128 1745 2129 1469 2129 1746 2129 1746 2129 1469 2129 1470 2129 1746 2130 1470 2130 1747 2130 1747 2130 1470 2130 1471 2130 1747 2131 1471 2131 1455 2131 1455 2131 1471 2131 1456 2131 1748 1352 1749 1352 1750 1352 1751 1352 1752 1352 1753 1352 1753 1352 1752 1352 1754 1352 1753 1352 1754 1352 1750 1352 1750 1352 1754 1352 1755 1352 1756 1352 1751 1352 1757 1352 1757 1352 1751 1352 1753 1352 1757 1352 1753 1352 1758 1352 1758 1352 1753 1352 1759 1352 1760 1352 1761 1352 1762 1352 1755 1352 1763 1352 1750 1352 1750 1352 1763 1352 1760 1352 1750 1352 1760 1352 1748 1352 1748 1352 1760 1352 1762 1352 1748 1352 1762 1352 1764 1352 1765 284 1483 284 1766 284 1766 284 1483 284 1472 284 1766 284 1472 284 1767 284 1767 284 1472 284 1473 284 1767 284 1473 284 1768 284 1768 284 1473 284 1474 284 1768 284 1474 284 1769 284 1769 284 1474 284 1475 284 1769 284 1475 284 1770 284 1770 284 1475 284 1476 284 1770 284 1476 284 1771 284 1771 284 1476 284 1477 284 1771 284 1477 284 1772 284 1772 284 1477 284 1478 284 1772 284 1478 284 1773 284 1773 284 1478 284 1479 284 1773 284 1479 284 1774 284 1774 284 1479 284 1480 284 1774 284 1480 284 1775 284 1775 284 1480 284 1481 284 1775 284 1481 284 1776 284 1776 284 1481 284 1482 284 1776 284 1482 284 1765 284 1765 284 1482 284 1483 284 1777 284 1494 284 1778 284 1778 284 1494 284 1495 284 1778 284 1495 284 1779 284 1779 284 1495 284 1484 284 1779 284 1484 284 1780 284 1780 284 1484 284 1485 284 1780 284 1485 284 1781 284 1781 284 1485 284 1486 284 1781 284 1486 284 1782 284 1782 284 1486 284 1487 284 1782 284 1487 284 1783 284 1783 284 1487 284 1488 284 1783 284 1488 284 1784 284 1784 284 1488 284 1489 284 1784 284 1489 284 1785 284 1785 284 1489 284 1490 284 1785 284 1490 284 1786 284 1786 284 1490 284 1491 284 1786 284 1491 284 1787 284 1787 284 1491 284 1492 284 1787 284 1492 284 1788 284 1788 284 1492 284 1493 284 1788 284 1493 284 1777 284 1777 284 1493 284 1494 284 1789 284 1506 284 1790 284 1790 284 1506 284 1507 284 1790 284 1507 284 1791 284 1791 284 1507 284 1496 284 1791 284 1496 284 1792 284 1792 284 1496 284 1497 284 1792 284 1497 284 1793 284 1793 284 1497 284 1498 284 1793 284 1498 284 1794 284 1794 284 1498 284 1499 284 1794 284 1499 284 1795 284 1795 284 1499 284 1500 284 1795 284 1500 284 1796 284 1796 284 1500 284 1501 284 1796 284 1501 284 1797 284 1797 284 1501 284 1502 284 1797 284 1502 284 1798 284 1798 284 1502 284 1503 284 1798 284 1503 284 1799 284 1799 284 1503 284 1504 284 1799 284 1504 284 1800 284 1800 284 1504 284 1505 284 1800 284 1505 284 1789 284 1789 284 1505 284 1506 284 1801 284 1518 284 1802 284 1802 284 1518 284 1519 284 1802 284 1519 284 1803 284 1803 284 1519 284 1508 284 1803 284 1508 284 1804 284 1804 284 1508 284 1509 284 1804 284 1509 284 1805 284 1805 284 1509 284 1510 284 1805 284 1510 284 1806 284 1806 284 1510 284 1511 284 1806 284 1511 284 1807 284 1807 284 1511 284 1512 284 1807 284 1512 284 1808 284 1808 284 1512 284 1513 284 1808 284 1513 284 1809 284 1809 284 1513 284 1514 284 1809 284 1514 284 1810 284 1810 284 1514 284 1515 284 1810 284 1515 284 1811 284 1811 284 1515 284 1516 284 1811 284 1516 284 1812 284 1812 284 1516 284 1517 284 1812 284 1517 284 1801 284 1801 284 1517 284 1518 284 1813 284 1523 284 1814 284 1814 284 1523 284 1522 284 1814 284 1522 284 1815 284 1815 284 1522 284 1521 284 1815 284 1521 284 1816 284 1816 284 1521 284 1520 284 1816 284 1520 284 1817 284 1817 284 1520 284 1531 284 1817 284 1531 284 1818 284 1818 284 1531 284 1530 284 1818 284 1530 284 1819 284 1819 284 1530 284 1529 284 1819 284 1529 284 1820 284 1820 284 1529 284 1528 284 1820 284 1528 284 1821 284 1821 284 1528 284 1527 284 1821 284 1527 284 1822 284 1822 284 1527 284 1526 284 1822 284 1526 284 1823 284 1823 284 1526 284 1525 284 1823 284 1525 284 1824 284 1824 284 1525 284 1524 284 1824 284 1524 284 1813 284 1813 284 1524 284 1523 284 1825 2132 1826 2132 1827 2132 1827 2132 1826 2132 1828 2132 1829 2133 1830 2133 1831 2133 1831 2133 1830 2133 1832 2133 1833 1352 1834 1352 1835 1352 1836 1352 1831 1352 1837 1352 1838 1352 1828 1352 1839 1352 1836 1352 1837 1352 1840 1352 1838 1352 1841 1352 1842 1352 1828 1352 1838 1352 1827 1352 1827 1352 1838 1352 1842 1352 1827 1352 1842 1352 1843 1352 1839 1352 1833 1352 1838 1352 1838 1352 1833 1352 1835 1352 1838 1352 1835 1352 1844 1352 1844 1352 1835 1352 1845 1352 1844 1352 1845 1352 1846 1352 1846 1352 1845 1352 1847 1352 1846 1352 1847 1352 1837 1352 1837 1352 1847 1352 1848 1352 1837 1352 1848 1352 1840 1352 1849 1352 1850 1352 1851 1352 1851 1352 1850 1352 1837 1352 1851 1352 1837 1352 1832 1352 1832 1352 1837 1352 1831 1352 1852 2134 1853 2134 1854 2134 1854 2134 1853 2134 1855 2134 1856 1458 1857 1458 1858 1458 1858 1458 1857 1458 1859 1458 1860 1352 1861 1352 1856 1352 1862 1352 1854 1352 1855 1352 1863 1352 1862 1352 1864 1352 1864 1352 1862 1352 1865 1352 1864 1352 1865 1352 1866 1352 1866 1352 1865 1352 1867 1352 1868 1352 1854 1352 1869 1352 1869 1352 1854 1352 1862 1352 1869 1352 1862 1352 1870 1352 1870 1352 1862 1352 1863 1352 1855 1352 1871 1352 1862 1352 1862 1352 1871 1352 1872 1352 1862 1352 1872 1352 1873 1352 1874 1352 1860 1352 1875 1352 1875 1352 1860 1352 1856 1352 1875 1352 1856 1352 1865 1352 1865 1352 1856 1352 1858 1352 1865 1352 1858 1352 1867 1352 1876 2135 1877 2135 1878 2135 1878 2135 1877 2135 1879 2135 1880 2136 1881 2136 1882 2136 1882 2136 1881 2136 1883 2136 1884 1352 1885 1352 1886 1352 1887 1352 1888 1352 1889 1352 1890 1352 1879 1352 1891 1352 1889 1352 1882 1352 1883 1352 1890 1352 1892 1352 1893 1352 1894 1352 1882 1352 1895 1352 1895 1352 1882 1352 1889 1352 1895 1352 1889 1352 1896 1352 1896 1352 1889 1352 1888 1352 1879 1352 1890 1352 1878 1352 1878 1352 1890 1352 1893 1352 1878 1352 1893 1352 1897 1352 1891 1352 1884 1352 1890 1352 1890 1352 1884 1352 1886 1352 1890 1352 1886 1352 1898 1352 1898 1352 1886 1352 1887 1352 1898 1352 1887 1352 1899 1352 1899 1352 1887 1352 1889 1352 1883 1352 1900 1352 1889 1352 1889 1352 1900 1352 1901 1352 1889 1352 1901 1352 1902 1352 1903 2137 1904 2137 1905 2137 1905 2137 1904 2137 1906 2137 1907 2138 1908 2138 1909 2138 1909 2138 1908 2138 1910 2138 1911 1352 1912 1352 1913 1352 1905 1352 1906 1352 1914 1352 1914 1352 1906 1352 1915 1352 1915 1352 1911 1352 1914 1352 1914 1352 1911 1352 1913 1352 1914 1352 1913 1352 1916 1352 1916 1352 1913 1352 1917 1352 1916 1352 1917 1352 1918 1352 1918 1352 1917 1352 1919 1352 1918 1352 1919 1352 1920 1352 1920 1352 1919 1352 1921 1352 1920 1352 1921 1352 1922 1352 1910 1352 1923 1352 1924 1352 1925 1352 1926 1352 1914 1352 1914 1352 1926 1352 1927 1352 1914 1352 1927 1352 1905 1352 1924 1352 1928 1352 1910 1352 1910 1352 1928 1352 1920 1352 1910 1352 1920 1352 1909 1352 1909 1352 1920 1352 1922 1352 1909 1352 1922 1352 1929 1352 1930 1735 1931 1735 1932 1735 1932 1735 1931 1735 1933 1735 1934 2139 1935 2139 1936 2139 1936 2139 1935 2139 1937 2139 1938 1352 1939 1352 1940 1352 1936 1352 1937 1352 1941 1352 1941 1352 1937 1352 1942 1352 1943 1352 1944 1352 1945 1352 1945 1352 1944 1352 1946 1352 1945 1352 1946 1352 1931 1352 1931 1352 1946 1352 1947 1352 1931 1352 1947 1352 1933 1352 1933 1352 1947 1352 1948 1352 1933 1352 1948 1352 1949 1352 1950 1352 1951 1352 1941 1352 1941 1352 1951 1352 1952 1352 1941 1352 1952 1352 1936 1352 1942 1352 1938 1352 1941 1352 1941 1352 1938 1352 1940 1352 1941 1352 1940 1352 1947 1352 1947 1352 1940 1352 1953 1352 1947 1352 1953 1352 1948 1352 1954 2140 1955 2140 1956 2140 1956 2140 1955 2140 1957 2140 1958 2141 1959 2141 1960 2141 1960 2141 1959 2141 1961 2141 1960 1352 1961 1352 1962 1352 1962 1352 1961 1352 1963 1352 1962 1352 1963 1352 1964 1352 1965 1352 1966 1352 1967 1352 1967 1352 1966 1352 1962 1352 1967 1352 1962 1352 1968 1352 1968 1352 1962 1352 1964 1352 1968 1352 1964 1352 1969 1352 1970 1352 1971 1352 1972 1352 1972 1352 1971 1352 1960 1352 1972 1352 1960 1352 1973 1352 1973 1352 1960 1352 1962 1352 1965 1352 1974 1352 1966 1352 1966 1352 1974 1352 1975 1352 1966 1352 1975 1352 1976 1352 1977 1352 1978 1352 1979 1352 1979 1352 1978 1352 1980 1352 1979 1352 1980 1352 1957 1352 1957 1352 1980 1352 1966 1352 1957 1352 1966 1352 1956 1352 1956 1352 1966 1352 1976 1352 1956 1352 1976 1352 1981 1352 1982 1352 1983 1352 1984 1352 1984 1352 1983 1352 1985 1352 1984 1352 1985 1352 1986 1352 1985 1352 1987 1352 1986 1352 1986 1352 1987 1352 1988 1352 1986 1352 1988 1352 1989 1352 1990 1352 1991 1352 1982 1352 1992 1352 1993 1352 1990 1352 1994 1352 1995 1352 1996 1352 1996 1352 1995 1352 1986 1352 1996 1352 1986 1352 1997 1352 1997 1352 1986 1352 1989 1352 1982 1352 1984 1352 1990 1352 1990 1352 1984 1352 1998 1352 1990 1352 1998 1352 1992 1352 1999 2142 2000 2142 1095 2142 1095 2142 2000 2142 2001 2142 1095 2142 2001 2142 1571 2142 1571 2142 2001 2142 2002 2142 1571 2142 2002 2142 2003 2142 1562 2143 1049 2143 1565 2143 1571 2144 2003 2144 2004 2144 1591 2145 1590 2145 1607 2145 2005 2146 1594 2146 2006 2146 2006 2147 1594 2147 1592 2147 2006 2148 1592 2148 1587 2148 1587 2149 1588 2149 2006 2149 2006 2150 1588 2150 1589 2150 2006 2151 1589 2151 1591 2151 1598 2152 1606 2152 2007 2152 2007 2153 1606 2153 1605 2153 2007 2154 1605 2154 1604 2154 1604 2155 1603 2155 2007 2155 2007 2156 1603 2156 1602 2156 2007 2157 1602 2157 1601 2157 1601 2158 1600 2158 2007 2158 2007 2159 1600 2159 1599 2159 2007 2160 1599 2160 2005 2160 2005 2161 1599 2161 1597 2161 2005 2162 1597 2162 1596 2162 1596 2163 1595 2163 2005 2163 2005 2164 1595 2164 1593 2164 2005 2165 1593 2165 1594 2165 1583 2166 1598 2166 1584 2166 1584 2167 1598 2167 2007 2167 1584 2168 2007 2168 2008 2168 2008 2169 2007 2169 2009 2169 2008 2170 2009 2170 1586 2170 1573 2171 1574 2171 2010 2171 2010 2172 1574 2172 1576 2172 2010 2173 1576 2173 2011 2173 2011 2174 1576 2174 1578 2174 2011 2175 1578 2175 2009 2175 2009 2176 1578 2176 2012 2176 2009 2177 2012 2177 1586 2177 1209 2178 1572 2178 1208 2178 1208 2179 1572 2179 1573 2179 1208 2180 1573 2180 1626 2180 1626 2181 1573 2181 2010 2181 1626 2181 2010 2181 2013 2181 1564 2182 1059 2182 1565 2182 1565 2183 1059 2183 1060 2183 1571 2184 2004 2184 1110 2184 1060 2185 1110 2185 1565 2185 1565 2186 1110 2186 2004 2186 1565 2187 2004 2187 1562 2187 1562 2188 2004 2188 2014 2188 1562 2189 2014 2189 1560 2189 1560 2190 2014 2190 2015 2190 2015 2191 2014 2191 2016 2191 2015 2192 2016 2192 1561 2192 1538 2193 1532 2193 2017 2193 2018 2194 1546 2194 1545 2194 1545 2195 1541 2195 2018 2195 2018 2196 1541 2196 1540 2196 2018 2197 1540 2197 2017 2197 2017 2198 1540 2198 1539 2198 2017 2199 1539 2199 1538 2199 1532 2200 1537 2200 2017 2200 2017 2201 1537 2201 1536 2201 2017 2202 1536 2202 1535 2202 1561 2203 2016 2203 2019 2203 2019 2204 2016 2204 2017 2204 2019 2205 2017 2205 1554 2205 1554 2206 2017 2206 1535 2206 1554 2207 1535 2207 1534 2207 1607 2208 1542 2208 1543 2208 1591 2209 1607 2209 2006 2209 2006 2210 1607 2210 1543 2210 2006 2211 1543 2211 1544 2211 1544 2212 1552 2212 2006 2212 2006 2213 1552 2213 1551 2213 2006 2214 1551 2214 1550 2214 1550 2215 1549 2215 2006 2215 2006 2216 1549 2216 1548 2216 2006 2217 1548 2217 2018 2217 2018 2218 1548 2218 1547 2218 2018 2219 1547 2219 1546 2219 2013 1458 2020 1458 1626 1458 1626 1458 2020 1458 2021 1458 1612 1458 1611 1458 2022 1458 2022 1458 1611 1458 1625 1458 2022 1458 1625 1458 2021 1458 2021 1458 1625 1458 1173 1458 2021 1458 1173 1458 1626 1458 1647 2220 1627 2220 2023 2220 2023 2220 1627 2220 1628 2220 2023 2221 1628 2221 2024 2221 2024 2221 1628 2221 1629 2221 2024 2222 1629 2222 2025 2222 2025 2222 1629 2222 1630 2222 2025 2223 1630 2223 2026 2223 2026 2223 1630 2223 1631 2223 2026 2224 1631 2224 2027 2224 2027 2224 1631 2224 1632 2224 2027 2225 1632 2225 2028 2225 2028 2225 1632 2225 1633 2225 2028 2226 1633 2226 2029 2226 2029 2226 1633 2226 1634 2226 2029 2227 1634 2227 1608 2227 1608 2227 1634 2227 1609 2227 1637 1458 1643 1458 1635 1458 1635 1458 1643 1458 2030 1458 1635 1458 2030 1458 1191 1458 1191 1458 2030 1458 1648 1458 1648 2228 2030 2228 2031 2228 1648 2228 2031 2228 1649 2228 1649 2229 2031 2229 2032 2229 1649 2229 2032 2229 1650 2229 1650 2230 2032 2230 2033 2230 1650 2230 2033 2230 1651 2230 1651 2231 2033 2231 2034 2231 1651 2231 2034 2231 1652 2231 1652 2232 2034 2232 2035 2232 1652 2232 2035 2232 1653 2232 1687 2233 1685 2233 1660 2233 1697 2234 1659 2234 1694 2234 1694 2235 1659 2235 1658 2235 1694 2236 1658 2236 2036 2236 2036 2237 1658 2237 2037 2237 2037 2238 1658 2238 1657 2238 2037 2239 1657 2239 2038 2239 2038 2240 1657 2240 1656 2240 2038 2240 1656 2240 2039 2240 2039 2241 1656 2241 1655 2241 2039 2241 1655 2241 2040 2241 2040 2242 1655 2242 1654 2242 2040 2242 1654 2242 2041 2242 2041 2243 1654 2243 1653 2243 2041 2243 1653 2243 2035 2243 1666 2244 1665 2244 1661 2244 1661 2245 1665 2245 1249 2245 1249 2246 1246 2246 1661 2246 1661 2247 1246 2247 1248 2247 1661 2248 1248 2248 1239 2248 1239 2249 1248 2249 1663 2249 1239 2250 1663 2250 1240 2250 1660 2251 1685 2251 1661 2251 1661 2252 1685 2252 1682 2252 1661 2253 1682 2253 1666 2253 1697 2254 1693 2254 1659 2254 1659 2255 1693 2255 1690 2255 1659 2256 1690 2256 1660 2256 1660 2257 1690 2257 1688 2257 1660 2258 1688 2258 1687 2258 1712 2259 1713 2259 2042 2259 1699 2260 1698 2260 2043 2260 2043 2261 1698 2261 1696 2261 2043 2262 1696 2262 1695 2262 2044 2263 917 2263 919 2263 2045 2264 1702 2264 2043 2264 2043 2265 1702 2265 1701 2265 2043 2266 1701 2266 1699 2266 2046 2267 2047 2267 1706 2267 1706 2268 1705 2268 2046 2268 2046 2269 1705 2269 1704 2269 2046 2270 1704 2270 2045 2270 2045 2271 1704 2271 1703 2271 2045 2272 1703 2272 1702 2272 2048 2273 1711 2273 2049 2273 2049 2274 1711 2274 1708 2274 2049 2275 1708 2275 2047 2275 2047 2276 1708 2276 1707 2276 2047 2277 1707 2277 1706 2277 2042 2278 1713 2278 2050 2278 2048 2279 2051 2279 1711 2279 1711 2280 2051 2280 2052 2280 1711 2281 2052 2281 1710 2281 1710 2282 2052 2282 2050 2282 1710 2283 2050 2283 1709 2283 1709 2284 2050 2284 1713 2284 1712 2285 2042 2285 1715 2285 1715 2286 2042 2286 2053 2286 1715 2287 2053 2287 1714 2287 1714 2288 2053 2288 2054 2288 1714 2289 2054 2289 1719 2289 1719 2290 2054 2290 1720 2290 1720 2290 2054 2290 2055 2290 1720 2291 2055 2291 1716 2291 1716 2292 2055 2292 2056 2292 1716 2293 2056 2293 1717 2293 1717 2294 2056 2294 1718 2294 1718 2295 2056 2295 2057 2295 1718 2296 2057 2296 1721 2296 1721 2297 2057 2297 1722 2297 1722 2298 2057 2298 2058 2298 1722 2299 2058 2299 1723 2299 1723 2300 2058 2300 2059 2300 1723 2301 2059 2301 1724 2301 2059 2302 2060 2302 1724 2302 1724 2303 2060 2303 2061 2303 1724 2304 2061 2304 1725 2304 1725 2305 2061 2305 2062 2305 1725 2306 2062 2306 1726 2306 1726 2307 2062 2307 2063 2307 1726 2308 2063 2308 1727 2308 1727 2309 2063 2309 1728 2309 1728 2310 2063 2310 2064 2310 1728 2311 2064 2311 1729 2311 1729 2312 2064 2312 1732 2312 1732 2313 2064 2313 2065 2313 1732 2314 2065 2314 1731 2314 1731 2315 2065 2315 1730 2315 1730 2316 2065 2316 2044 2316 1730 2317 2044 2317 1700 2317 1700 2318 2044 2318 919 2318 1700 2319 919 2319 921 2319 2066 2320 1449 2320 2067 2320 2067 2321 1449 2321 1733 2321 2067 2322 1733 2322 2068 2322 2068 2323 1733 2323 1740 2323 2068 2324 1740 2324 2069 2324 2069 2325 1740 2325 1739 2325 2069 2326 1739 2326 2070 2326 2070 2327 1739 2327 1738 2327 1430 2328 918 2328 1734 2328 1734 2329 918 2329 2071 2329 1734 2330 2071 2330 1735 2330 1735 2331 2071 2331 2072 2331 1735 2332 2072 2332 1736 2332 1736 2333 2072 2333 2070 2333 1736 2334 2070 2334 1737 2334 1737 2335 2070 2335 1738 2335 2073 2336 1454 2336 1453 2336 2073 2337 1453 2337 2074 2337 2074 2338 1453 2338 1452 2338 2074 2339 1452 2339 2075 2339 2075 2340 1452 2340 1451 2340 2075 2341 1451 2341 2076 2341 2076 2342 1451 2342 1450 2342 2076 2343 1450 2343 2077 2343 2077 2344 1450 2344 1449 2344 2077 2345 1449 2345 2066 2345 2078 2142 1464 2142 2073 2142 2073 2142 1464 2142 1454 2142 2079 2346 1455 2346 1458 2346 2079 2347 1458 2347 2080 2347 2080 2348 1458 2348 1460 2348 2080 2349 1460 2349 2081 2349 2081 2350 1460 2350 1462 2350 2081 2351 1462 2351 2082 2351 2082 2352 1462 2352 1464 2352 2082 2353 1464 2353 2078 2353 1455 2354 2079 2354 1747 2354 1747 2355 2079 2355 2083 2355 1747 2356 2083 2356 1746 2356 1746 2357 2083 2357 2084 2357 1746 2358 2084 2358 1745 2358 1745 2359 2084 2359 2085 2359 1745 2360 2085 2360 1744 2360 1744 2361 2085 2361 2086 2361 1744 2362 2086 2362 1743 2362 1743 2363 2086 2363 2087 2363 1743 2364 2087 2364 1742 2364 1742 2365 2087 2365 2088 2365 1742 2366 2088 2366 1741 2366 1741 2367 2088 2367 2089 2367 1741 2368 2089 2368 1104 2368 1104 2369 2089 2369 2090 2369 1999 2370 1095 2370 1098 2370 1999 2371 1098 2371 2091 2371 2091 2372 1098 2372 1100 2372 2091 2373 1100 2373 2092 2373 2092 2374 1100 2374 1102 2374 2092 2375 1102 2375 2093 2375 2093 2376 1102 2376 1104 2376 2093 2377 1104 2377 2090 2377 1750 1458 2094 1458 2095 1458 1750 1458 2095 1458 1753 1458 1753 1458 2095 1458 2096 1458 1753 1458 2096 1458 2097 1458 1753 2378 2097 2378 1759 2378 1759 2378 2097 2378 2098 2378 1759 2379 2098 2379 1758 2379 1758 2379 2098 2379 2099 2379 1758 2380 2099 2380 1757 2380 1757 2380 2099 2380 2100 2380 1757 2381 2100 2381 1756 2381 1756 2381 2100 2381 2101 2381 1756 2382 2101 2382 1751 2382 1751 2382 2101 2382 2102 2382 1751 2383 2102 2383 1752 2383 1752 2383 2102 2383 2103 2383 1752 2384 2103 2384 1754 2384 1754 2384 2103 2384 2104 2384 1754 2385 2104 2385 1755 2385 1755 2385 2104 2385 2105 2385 1755 2386 2105 2386 1763 2386 1763 2386 2105 2386 2106 2386 1763 2387 2106 2387 1760 2387 1760 2387 2106 2387 2107 2387 1760 2388 2107 2388 1761 2388 1761 2388 2107 2388 2108 2388 1761 2389 2108 2389 1762 2389 1762 2389 2108 2389 2109 2389 1762 2390 2109 2390 1764 2390 1764 2390 2109 2390 2110 2390 1764 2391 2110 2391 1748 2391 1748 2391 2110 2391 2111 2391 1748 2392 2111 2392 1749 2392 1749 2392 2111 2392 2112 2392 1749 2393 2112 2393 1750 2393 1750 2393 2112 2393 2094 2393 2113 2394 1767 2394 2114 2394 2114 2394 1767 2394 1768 2394 2114 2395 1768 2395 2115 2395 2115 2395 1768 2395 1769 2395 2115 2396 1769 2396 2116 2396 2116 2396 1769 2396 1770 2396 2116 2397 1770 2397 2117 2397 2117 2397 1770 2397 1771 2397 2117 2398 1771 2398 2118 2398 2118 2398 1771 2398 1772 2398 2118 2399 1772 2399 2119 2399 2119 2399 1772 2399 1773 2399 2119 2400 1773 2400 2120 2400 2120 2400 1773 2400 1774 2400 2120 1605 1774 1605 2121 1605 2121 1605 1774 1605 1775 1605 2121 2401 1775 2401 2122 2401 2122 2401 1775 2401 1776 2401 2122 2402 1776 2402 2123 2402 2123 2402 1776 2402 1765 2402 2123 1582 1765 1582 2124 1582 2124 1582 1765 1582 1766 1582 2124 2403 1766 2403 2113 2403 2113 2403 1766 2403 1767 2403 2125 2404 1779 2404 2126 2404 2126 2405 1779 2405 1780 2405 2126 2406 1780 2406 2127 2406 2127 2406 1780 2406 1781 2406 2127 2407 1781 2407 2128 2407 2128 2407 1781 2407 1782 2407 2128 2408 1782 2408 2129 2408 2129 2408 1782 2408 1783 2408 2129 2409 1783 2409 2130 2409 2130 2409 1783 2409 1784 2409 2130 2410 1784 2410 2131 2410 2131 2410 1784 2410 1785 2410 2131 2411 1785 2411 2132 2411 2132 2411 1785 2411 1786 2411 2132 2412 1786 2412 2133 2412 2133 2412 1786 2412 1787 2412 2133 2413 1787 2413 2134 2413 2134 2413 1787 2413 1788 2413 2134 2414 1788 2414 2135 2414 2135 2414 1788 2414 1777 2414 2135 2415 1777 2415 2136 2415 2136 2415 1777 2415 1778 2415 2136 2416 1778 2416 2125 2416 2125 2417 1778 2417 1779 2417 2137 2394 1791 2394 2138 2394 2138 2394 1791 2394 1792 2394 2138 1573 1792 1573 2139 1573 2139 1573 1792 1573 1793 1573 2139 2418 1793 2418 2140 2418 2140 2418 1793 2418 1794 2418 2140 2419 1794 2419 2141 2419 2141 2419 1794 2419 1795 2419 2141 1602 1795 1602 2142 1602 2142 1602 1795 1602 1796 1602 2142 2399 1796 2399 2143 2399 2143 2399 1796 2399 1797 2399 2143 2400 1797 2400 2144 2400 2144 2400 1797 2400 1798 2400 2144 1605 1798 1605 2145 1605 2145 1605 1798 1605 1799 1605 2145 2401 1799 2401 2146 2401 2146 2401 1799 2401 1800 2401 2146 2402 1800 2402 2147 2402 2147 2402 1800 2402 1789 2402 2147 1582 1789 1582 2148 1582 2148 1582 1789 1582 1790 1582 2148 2403 1790 2403 2137 2403 2137 2403 1790 2403 1791 2403 2149 2394 1803 2394 2150 2394 2150 2394 1803 2394 1804 2394 2150 1573 1804 1573 2151 1573 2151 1573 1804 1573 1805 1573 2151 2418 1805 2418 2152 2418 2152 2418 1805 2418 1806 2418 2152 2419 1806 2419 2153 2419 2153 2419 1806 2419 1807 2419 2153 1602 1807 1602 2154 1602 2154 1602 1807 1602 1808 1602 2154 2399 1808 2399 2155 2399 2155 2399 1808 2399 1809 2399 2155 2400 1809 2400 2156 2400 2156 2400 1809 2400 1810 2400 2156 1605 1810 1605 2157 1605 2157 1605 1810 1605 1811 1605 2157 2401 1811 2401 2158 2401 2158 2401 1811 2401 1812 2401 2158 2402 1812 2402 2159 2402 2159 2402 1812 2402 1801 2402 2159 1582 1801 1582 2160 1582 2160 1582 1801 1582 1802 1582 2160 2403 1802 2403 2149 2403 2149 2403 1802 2403 1803 2403 2161 2394 1815 2394 2162 2394 2162 2394 1815 2394 1816 2394 2162 1573 1816 1573 2163 1573 2163 1573 1816 1573 1817 1573 2163 2418 1817 2418 2164 2418 2164 2418 1817 2418 1818 2418 2164 2419 1818 2419 2165 2419 2165 2419 1818 2419 1819 2419 2165 1602 1819 1602 2166 1602 2166 1602 1819 1602 1820 1602 2166 2399 1820 2399 2167 2399 2167 2399 1820 2399 1821 2399 2167 2400 1821 2400 2168 2400 2168 2400 1821 2400 1822 2400 2168 2420 1822 2420 2169 2420 2169 2420 1822 2420 1823 2420 2169 2421 1823 2421 2170 2421 2170 2421 1823 2421 1824 2421 2170 2422 1824 2422 2171 2422 2171 2422 1824 2422 1813 2422 2171 2423 1813 2423 2172 2423 2172 2423 1813 2423 1814 2423 2172 2403 1814 2403 2161 2403 2161 2403 1814 2403 1815 2403 1837 2424 2173 2424 1846 2424 1846 2424 2173 2424 2174 2424 1846 2425 2174 2425 1844 2425 1844 2425 2174 2425 2175 2425 1844 2426 2175 2426 1838 2426 1838 2426 2175 2426 2176 2426 1838 2427 2176 2427 1841 2427 1841 2427 2176 2427 2177 2427 1841 2428 2177 2428 1842 2428 1842 2428 2177 2428 2178 2428 1842 2429 2178 2429 1843 2429 1843 2429 2178 2429 2179 2429 1843 2430 2179 2430 1827 2430 1827 2430 2179 2430 1825 2430 2180 2431 1835 2431 2181 2431 2181 2431 1835 2431 1834 2431 2181 2432 1834 2432 2182 2432 2182 2432 1834 2432 1833 2432 2182 2433 1833 2433 2183 2433 2183 2433 1833 2433 1839 2433 2183 2434 1839 2434 1826 2434 1826 2434 1839 2434 1828 2434 1835 2435 2180 2435 2184 2435 1835 2435 2184 2435 1845 2435 1845 2436 2184 2436 2185 2436 1845 2436 2185 2436 1847 2436 1829 2437 1831 2437 2186 2437 2186 2437 1831 2437 1836 2437 2186 2438 1836 2438 2187 2438 2187 2438 1836 2438 1840 2438 2187 2439 1840 2439 2188 2439 2188 2439 1840 2439 1848 2439 2188 2440 1848 2440 2185 2440 2185 2440 1848 2440 1847 2440 1832 2441 1830 2441 1851 2441 1851 2441 1830 2441 2189 2441 1851 2442 2189 2442 1849 2442 1849 2442 2189 2442 2190 2442 1849 2443 2190 2443 1850 2443 1850 2443 2190 2443 2191 2443 1850 2444 2191 2444 1837 2444 1837 2444 2191 2444 2173 2444 2192 2445 2193 2445 1864 2445 1864 2445 2193 2445 1863 2445 1852 2446 1854 2446 2194 2446 2194 2446 1854 2446 1868 2446 2194 2447 1868 2447 2195 2447 2195 2447 1868 2447 1869 2447 2195 2448 1869 2448 2196 2448 2196 2448 1869 2448 1870 2448 2196 2449 1870 2449 2193 2449 2193 2449 1870 2449 1863 2449 1855 2450 1853 2450 1871 2450 1871 2450 1853 2450 2197 2450 1871 2451 2197 2451 1872 2451 1872 2451 2197 2451 2198 2451 1872 2452 2198 2452 1873 2452 1873 2452 2198 2452 2199 2452 1873 2453 2199 2453 1862 2453 1862 2453 2199 2453 2200 2453 1862 2454 2200 2454 1865 2454 1865 2454 2200 2454 2201 2454 1865 2455 2201 2455 1875 2455 1875 2455 2201 2455 2202 2455 1875 2456 2202 2456 1874 2456 1874 2456 2202 2456 2203 2456 1874 2457 2203 2457 1860 2457 1860 2457 2203 2457 2204 2457 1860 2458 2204 2458 1861 2458 1861 2458 2204 2458 2205 2458 1861 2459 2205 2459 1856 2459 1856 2459 2205 2459 1857 2459 1858 2460 1859 2460 1867 2460 1867 2460 1859 2460 2206 2460 1867 2461 2206 2461 1866 2461 1866 2461 2206 2461 2207 2461 1866 2462 2207 2462 1864 2462 1864 2462 2207 2462 2192 2462 1889 2463 2208 2463 1899 2463 1899 2463 2208 2463 2209 2463 1899 2464 2209 2464 1898 2464 1898 2464 2209 2464 2210 2464 1898 2465 2210 2465 1890 2465 1890 2465 2210 2465 2211 2465 1890 2466 2211 2466 1892 2466 1892 2466 2211 2466 2212 2466 1892 2467 2212 2467 1893 2467 1893 2467 2212 2467 2213 2467 1893 2468 2213 2468 1897 2468 1897 2468 2213 2468 2214 2468 1897 2469 2214 2469 1878 2469 1878 2469 2214 2469 1876 2469 2215 2470 1886 2470 2216 2470 2216 2470 1886 2470 1885 2470 2216 2471 1885 2471 2217 2471 2217 2471 1885 2471 1884 2471 2217 2472 1884 2472 2218 2472 2218 2472 1884 2472 1891 2472 2218 2473 1891 2473 1877 2473 1877 2473 1891 2473 1879 2473 1886 2474 2215 2474 2219 2474 1886 2474 2219 2474 1887 2474 1887 2475 2219 2475 2220 2475 1887 2475 2220 2475 1888 2475 1880 2476 1882 2476 2221 2476 2221 2476 1882 2476 1894 2476 2221 2477 1894 2477 2222 2477 2222 2477 1894 2477 1895 2477 2222 2478 1895 2478 2223 2478 2223 2478 1895 2478 1896 2478 2223 2479 1896 2479 2220 2479 2220 2479 1896 2479 1888 2479 1883 2480 1881 2480 1900 2480 1900 2480 1881 2480 2224 2480 1900 2481 2224 2481 1901 2481 1901 2481 2224 2481 2225 2481 1901 2482 2225 2482 1902 2482 1902 2482 2225 2482 2226 2482 1902 2483 2226 2483 1889 2483 1889 2483 2226 2483 2208 2483 1920 2484 2227 2484 1918 2484 1918 2484 2227 2484 2228 2484 1918 2485 2228 2485 1916 2485 1916 2485 2228 2485 2229 2485 1916 2486 2229 2486 1914 2486 1914 2486 2229 2486 2230 2486 1914 2487 2230 2487 1925 2487 1925 2487 2230 2487 2231 2487 1925 2488 2231 2488 1926 2488 1926 2488 2231 2488 2232 2488 1926 2489 2232 2489 1927 2489 1927 2489 2232 2489 2233 2489 1927 2490 2233 2490 1905 2490 1905 2490 2233 2490 1903 2490 2234 2491 1913 2491 2235 2491 2235 2491 1913 2491 1912 2491 2235 2492 1912 2492 2236 2492 2236 2492 1912 2492 1911 2492 2236 2493 1911 2493 2237 2493 2237 2493 1911 2493 1915 2493 2237 2494 1915 2494 1904 2494 1904 2494 1915 2494 1906 2494 1913 2495 2234 2495 2238 2495 1913 2495 2238 2495 1917 2495 1917 2496 2238 2496 2239 2496 1917 2496 2239 2496 1919 2496 1907 2497 1909 2497 2240 2497 2240 2497 1909 2497 1929 2497 2240 2498 1929 2498 2241 2498 2241 2498 1929 2498 1922 2498 2241 2499 1922 2499 2242 2499 2242 2499 1922 2499 1921 2499 2242 2500 1921 2500 2239 2500 2239 2500 1921 2500 1919 2500 1910 2501 1908 2501 1923 2501 1923 2501 1908 2501 2243 2501 1923 2502 2243 2502 1924 2502 1924 2502 2243 2502 2244 2502 1924 2503 2244 2503 1928 2503 1928 2503 2244 2503 2245 2503 1928 2504 2245 2504 1920 2504 1920 2504 2245 2504 2227 2504 2246 2505 1940 2505 2247 2505 2247 2505 1940 2505 1939 2505 2247 2506 1939 2506 2248 2506 2248 2506 1939 2506 1938 2506 2248 2507 1938 2507 2249 2507 2249 2507 1938 2507 1942 2507 2249 2508 1942 2508 1935 2508 1935 2508 1942 2508 1937 2508 2246 2509 2250 2509 1940 2509 1940 2509 2250 2509 1953 2509 1953 2510 2250 2510 1948 2510 1948 2510 2250 2510 2251 2510 1948 2511 2251 2511 1949 2511 1949 2511 2251 2511 2252 2511 1949 2512 2252 2512 1933 2512 1933 2512 2252 2512 1932 2512 1931 2513 1930 2513 1945 2513 1945 2513 1930 2513 2253 2513 1945 2514 2253 2514 1943 2514 1943 2514 2253 2514 2254 2514 1943 2515 2254 2515 1944 2515 1944 2515 2254 2515 2255 2515 1944 2516 2255 2516 1946 2516 1946 2516 2255 2516 2256 2516 1946 2517 2256 2517 1947 2517 1947 2517 2256 2517 2257 2517 1947 2518 2257 2518 1941 2518 1941 2518 2257 2518 2258 2518 1941 2519 2258 2519 1950 2519 1950 2519 2258 2519 2259 2519 1950 2520 2259 2520 1951 2520 1951 2520 2259 2520 2260 2520 1951 2521 2260 2521 1952 2521 1952 2521 2260 2521 2261 2521 1952 2522 2261 2522 1936 2522 1936 2522 2261 2522 1934 2522 2262 2523 1968 2523 2263 2523 2263 2523 1968 2523 1969 2523 2263 2524 1969 2524 2264 2524 2264 2524 1969 2524 1964 2524 2264 2525 1964 2525 2265 2525 2265 2525 1964 2525 1963 2525 2265 2526 1963 2526 1959 2526 1959 2526 1963 2526 1961 2526 1968 2527 2262 2527 2266 2527 1968 2527 2266 2527 1967 2527 1967 2528 2266 2528 2267 2528 1967 2528 2267 2528 1965 2528 1965 2529 2267 2529 2268 2529 1965 2529 2268 2529 1974 2529 1954 2530 1956 2530 2269 2530 2269 2530 1956 2530 1981 2530 2269 2531 1981 2531 2270 2531 2270 2531 1981 2531 1976 2531 2270 2532 1976 2532 2271 2532 2271 2532 1976 2532 1975 2532 2271 2533 1975 2533 2268 2533 2268 2533 1975 2533 1974 2533 1957 2534 1955 2534 1979 2534 1979 2534 1955 2534 2272 2534 1979 2535 2272 2535 1977 2535 1977 2535 2272 2535 2273 2535 1977 2536 2273 2536 1978 2536 1978 2536 2273 2536 2274 2536 1978 2537 2274 2537 1980 2537 1980 2537 2274 2537 2275 2537 1980 2538 2275 2538 1966 2538 1966 2538 2275 2538 2276 2538 1966 2539 2276 2539 1962 2539 1962 2539 2276 2539 2277 2539 1962 2540 2277 2540 1973 2540 1973 2540 2277 2540 2278 2540 1973 2541 2278 2541 1972 2541 1972 2541 2278 2541 2279 2541 1972 2542 2279 2542 1970 2542 1970 2542 2279 2542 2280 2542 1970 2543 2280 2543 1971 2543 1971 2543 2280 2543 2281 2543 1971 2544 2281 2544 1960 2544 1960 2544 2281 2544 1958 2544 1982 2545 2282 2545 1983 2545 1983 2545 2282 2545 2283 2545 1983 2546 2283 2546 1985 2546 1985 2546 2283 2546 2284 2546 1985 2547 2284 2547 1987 2547 1987 2547 2284 2547 2285 2547 1987 2548 2285 2548 1988 2548 1988 2548 2285 2548 2286 2548 1988 2549 2286 2549 1989 2549 1989 2549 2286 2549 2287 2549 1989 2550 2287 2550 1997 2550 1997 2550 2287 2550 2288 2550 1997 2551 2288 2551 1996 2551 1996 2551 2288 2551 2289 2551 1996 2552 2289 2552 1994 2552 1994 2552 2289 2552 2290 2552 1994 2553 2290 2553 1995 2553 1995 2553 2290 2553 2291 2553 1995 2554 2291 2554 1986 2554 1986 2554 2291 2554 2292 2554 1986 1735 2292 1735 2293 1735 1986 1735 2293 1735 1984 1735 1984 1735 2293 1735 2294 1735 1984 1735 2294 1735 2295 1735 1984 2555 2295 2555 1998 2555 1998 2555 2295 2555 2296 2555 1998 2556 2296 2556 1992 2556 1992 2556 2296 2556 2297 2556 1992 2557 2297 2557 1993 2557 1993 2557 2297 2557 2298 2557 1993 2558 2298 2558 1990 2558 1990 2558 2298 2558 2299 2558 1990 2559 2299 2559 1991 2559 1991 2559 2299 2559 2300 2559 1991 2560 2300 2560 1982 2560 1982 2560 2300 2560 2282 2560 2156 1352 2157 1352 2301 1352 2105 1352 2104 1352 2302 1352 2099 1352 2098 1352 2303 1352 2112 1352 2304 1352 2305 1352 2083 1352 2306 1352 2084 1352 2084 1352 2306 1352 2068 1352 2071 1352 2307 1352 2072 1352 2065 1352 2301 1352 2044 1352 2223 1352 2220 1352 2308 1352 2036 1352 2037 1352 2309 1352 2013 1352 2010 1352 2310 1352 2006 1352 2018 1352 2311 1352 1999 1352 2091 1352 2092 1352 2000 1352 2312 1352 2001 1352 2001 1352 2312 1352 2313 1352 2001 1352 2313 1352 2002 1352 2002 1352 2313 1352 2003 1352 2003 1352 2313 1352 2305 1352 2003 1352 2305 1352 2004 1352 2164 1352 2165 1352 1852 1352 1852 1352 2165 1352 1853 1352 1853 1352 2165 1352 2166 1352 1853 1352 2166 1352 2197 1352 1852 1352 2194 1352 2164 1352 2164 1352 2194 1352 2195 1352 2164 1352 2195 1352 2196 1352 2193 1352 2192 1352 2017 1352 2017 1352 2192 1352 2207 1352 2120 1352 2261 1352 2260 1352 2251 1352 2250 1352 2007 1352 2250 1352 2246 1352 2007 1352 2007 1352 2246 1352 2247 1352 2007 1352 2247 1352 2122 1352 2247 1352 2248 1352 2122 1352 2122 1352 2248 1352 2249 1352 2122 1352 2249 1352 2121 1352 2121 1352 2249 1352 1935 1352 2121 1352 1935 1352 2120 1352 2120 1352 1935 1352 1934 1352 2120 1352 1934 1352 2261 1352 2314 1352 2011 1352 2123 1352 2123 1352 2011 1352 2122 1352 2122 1352 2011 1352 2009 1352 2122 1352 2009 1352 2007 1352 2013 1352 2310 1352 2020 1352 1612 1352 1620 1352 1619 1352 1617 1352 1615 1352 1619 1352 1619 1352 1615 1352 1613 1352 1619 1352 1613 1352 1612 1352 1620 1352 1612 1352 1608 1352 1608 1352 1612 1352 2315 1352 1608 1352 2315 1352 2029 1352 2029 1352 2315 1352 2316 1352 2029 1352 2316 1352 2028 1352 2024 1352 2025 1352 2041 1352 2041 1352 2025 1352 2040 1352 2232 1352 2231 1352 2040 1352 2233 1352 2232 1352 2027 1352 2027 1352 2232 1352 2040 1352 2027 1352 2040 1352 2026 1352 2026 1352 2040 1352 2025 1352 2236 1352 2237 1352 2028 1352 2028 1352 2237 1352 1904 1352 2028 1352 1904 1352 2027 1352 2027 1352 1904 1352 1903 1352 2027 1352 1903 1352 2233 1352 2024 1352 2317 1352 2023 1352 2023 1352 2317 1352 2318 1352 2023 1352 2318 1352 1647 1352 1647 1352 2318 1352 1645 1352 1647 1352 1645 1352 1646 1352 1644 1352 1645 1352 1643 1352 1643 1352 1645 1352 2318 1352 1643 1352 2318 1352 2030 1352 2030 1352 2318 1352 2033 1352 2030 1352 2033 1352 2031 1352 2031 1352 2033 1352 2032 1352 2024 1352 2041 1352 2317 1352 2317 1352 2041 1352 2035 1352 2317 1352 2035 1352 2318 1352 2318 1352 2035 1352 2034 1352 2318 1352 2034 1352 2033 1352 2309 1352 2240 1352 2241 1352 2244 1352 2243 1352 2037 1352 2037 1352 2243 1352 1908 1352 2037 1352 1908 1352 2309 1352 2309 1352 1908 1352 1907 1352 2309 1352 1907 1352 2240 1352 2231 1352 2230 1352 2040 1352 2040 1352 2230 1352 2229 1352 2040 1352 2229 1352 2039 1352 2039 1352 2229 1352 2228 1352 2039 1352 2228 1352 2038 1352 2038 1352 2228 1352 2227 1352 2038 1352 2227 1352 2037 1352 2037 1352 2227 1352 2245 1352 2037 1352 2245 1352 2244 1352 2148 1352 2137 1352 2309 1352 1694 1352 2036 1352 1695 1352 1695 1352 2036 1352 2309 1352 1695 1352 2309 1352 2138 1352 2138 1352 2309 1352 2137 1352 2138 1352 2139 1352 1695 1352 1695 1352 2139 1352 2140 1352 1695 1352 2140 1352 2043 1352 2043 1352 2140 1352 2141 1352 2141 1352 2142 1352 2043 1352 2043 1352 2142 1352 2143 1352 2043 1352 2143 1352 2319 1352 2319 1352 2143 1352 2144 1352 2144 1352 2145 1352 2319 1352 2319 1352 2145 1352 2146 1352 2319 1352 2146 1352 2309 1352 2309 1352 2146 1352 2147 1352 2309 1352 2147 1352 2148 1352 2216 1352 2217 1352 2319 1352 2319 1352 2217 1352 2218 1352 2213 1352 2212 1352 2043 1352 2043 1352 2212 1352 2211 1352 2043 1352 2211 1352 2045 1352 2045 1352 2211 1352 2210 1352 2045 1352 2210 1352 2046 1352 2218 1352 1877 1352 2319 1352 2319 1352 1877 1352 1876 1352 2319 1352 1876 1352 2043 1352 2043 1352 1876 1352 2214 1352 2043 1352 2214 1352 2213 1352 2210 1352 2209 1352 2046 1352 2046 1352 2209 1352 2208 1352 2046 1352 2208 1352 2047 1352 2208 1352 2226 1352 2047 1352 2047 1352 2226 1352 2225 1352 2047 1352 2225 1352 2320 1352 2320 1352 2225 1352 2224 1352 2320 1352 2224 1352 1881 1352 1881 1352 1880 1352 2320 1352 2320 1352 1880 1352 2221 1352 2320 1352 2221 1352 2222 1352 2047 1352 2116 1352 2049 1352 2049 1352 2116 1352 2117 1352 2049 1352 2117 1352 2048 1352 2048 1352 2117 1352 2118 1352 2048 1352 2118 1352 2051 1352 2118 1352 2119 1352 2051 1352 2051 1352 2119 1352 2120 1352 2051 1352 2120 1352 2052 1352 2052 1352 2120 1352 2260 1352 2052 1352 2260 1352 2050 1352 2007 1352 2005 1352 2251 1352 2251 1352 2005 1352 2321 1352 2251 1352 2321 1352 2252 1352 2252 1352 2321 1352 1932 1352 2255 1352 2053 1352 2256 1352 2256 1352 2053 1352 2042 1352 2255 1352 2254 1352 2053 1352 2053 1352 2254 1352 2253 1352 2053 1352 2253 1352 2321 1352 2321 1352 2253 1352 1930 1352 2321 1352 1930 1352 1932 1352 2260 1352 2259 1352 2050 1352 2050 1352 2259 1352 2258 1352 2050 1352 2258 1352 2042 1352 2042 1352 2258 1352 2257 1352 2042 1352 2257 1352 2256 1352 2054 1352 2053 1352 2129 1352 2056 1352 2134 1352 2311 1352 2311 1352 2134 1352 2135 1352 2311 1352 2135 1352 2136 1352 2005 1352 2006 1352 2321 1352 2321 1352 2006 1352 2311 1352 2321 1352 2311 1352 2125 1352 2125 1352 2311 1352 2136 1352 2125 1352 2126 1352 2321 1352 2321 1352 2126 1352 2127 1352 2321 1352 2127 1352 2053 1352 2053 1352 2127 1352 2128 1352 2053 1352 2128 1352 2129 1352 2129 1352 2130 1352 2054 1352 2054 1352 2130 1352 2131 1352 2054 1352 2131 1352 2055 1352 2055 1352 2131 1352 2132 1352 2055 1352 2132 1352 2056 1352 2056 1352 2132 1352 2133 1352 2056 1352 2133 1352 2134 1352 2204 1352 2203 1352 2056 1352 2206 1352 2311 1352 2207 1352 2207 1352 2311 1352 2018 1352 2207 1352 2018 1352 2017 1352 2056 1352 2203 1352 2057 1352 2198 1352 2059 1352 2199 1352 2199 1352 2059 1352 2058 1352 2206 1352 1859 1352 2311 1352 2311 1352 1859 1352 1857 1352 2311 1352 1857 1352 2056 1352 2056 1352 1857 1352 2205 1352 2056 1352 2205 1352 2204 1352 2203 1352 2202 1352 2057 1352 2057 1352 2202 1352 2201 1352 2057 1352 2201 1352 2058 1352 2058 1352 2201 1352 2200 1352 2058 1352 2200 1352 2199 1352 2198 1352 2197 1352 2059 1352 2059 1352 2197 1352 2166 1352 2059 1352 2166 1352 2060 1352 2060 1352 2166 1352 2167 1352 2060 1352 2167 1352 2061 1352 2061 1352 2167 1352 2168 1352 2061 1352 2168 1352 2062 1352 2062 1352 2168 1352 2169 1352 2062 1352 2169 1352 2063 1352 2182 1352 2183 1352 2322 1352 2322 1352 2179 1352 2063 1352 2063 1352 2179 1352 2178 1352 2063 1352 2178 1352 2177 1352 2182 1352 2322 1352 2181 1352 2183 1352 1826 1352 2322 1352 2322 1352 1826 1352 1825 1352 2322 1352 1825 1352 2179 1352 2177 1352 2176 1352 2063 1352 2063 1352 2176 1352 2175 1352 2063 1352 2175 1352 2064 1352 2301 1352 2190 1352 2189 1352 2190 1352 2301 1352 2191 1352 2191 1352 2301 1352 2065 1352 2191 1352 2065 1352 2173 1352 2064 1352 2175 1352 2065 1352 2065 1352 2175 1352 2174 1352 2065 1352 2174 1352 2173 1352 2186 1352 2323 1352 1829 1352 1829 1352 2323 1352 2301 1352 1829 1352 2301 1352 1830 1352 1830 1352 2301 1352 2189 1352 2071 1352 918 1352 2307 1352 2307 1352 918 1352 917 1352 2307 1352 917 1352 2159 1352 2159 1352 917 1352 2158 1352 2044 1352 2301 1352 917 1352 917 1352 2301 1352 2157 1352 917 1352 2157 1352 2158 1352 1958 1352 2281 1352 2307 1352 2263 1352 2264 1352 2302 1352 2302 1352 2264 1352 2265 1352 2302 1352 2265 1352 2307 1352 2307 1352 2265 1352 1959 1352 2307 1352 1959 1352 1958 1352 2281 1352 2280 1352 2307 1352 2307 1352 2280 1352 2279 1352 2307 1352 2279 1352 2072 1352 2279 1352 2278 1352 2072 1352 2072 1352 2278 1352 2277 1352 2072 1352 2277 1352 2070 1352 2087 1352 2274 1352 2273 1352 2069 1352 2086 1352 2068 1352 2068 1352 2086 1352 2085 1352 2068 1352 2085 1352 2084 1352 2087 1352 2086 1352 2274 1352 2274 1352 2086 1352 2069 1352 2274 1352 2069 1352 2275 1352 2275 1352 2069 1352 2070 1352 2275 1352 2070 1352 2276 1352 2276 1352 2070 1352 2277 1352 2270 1352 2271 1352 2303 1352 2303 1352 2271 1352 2268 1352 2303 1352 2268 1352 2267 1352 2273 1352 2272 1352 2087 1352 2087 1352 2272 1352 1955 1352 2087 1352 1955 1352 2088 1352 2088 1352 1955 1352 1954 1352 2088 1352 1954 1352 2269 1352 2079 1352 2077 1352 2083 1352 2083 1352 2077 1352 2066 1352 2083 1352 2066 1352 2306 1352 2306 1352 2066 1352 2067 1352 2306 1352 2067 1352 2068 1352 2074 1352 2075 1352 2073 1352 2073 1352 2075 1352 2076 1352 2073 1352 2076 1352 2078 1352 2081 1352 2082 1352 2080 1352 2080 1352 2082 1352 2078 1352 2080 1352 2078 1352 2079 1352 2079 1352 2078 1352 2076 1352 2079 1352 2076 1352 2077 1352 2269 1352 2270 1352 2088 1352 2088 1352 2270 1352 2303 1352 2088 1352 2303 1352 2089 1352 2089 1352 2303 1352 2090 1352 2112 1352 2305 1352 2094 1352 2094 1352 2305 1352 2313 1352 2094 1352 2313 1352 2095 1352 2095 1352 2313 1352 2312 1352 2095 1352 2312 1352 2096 1352 2090 1352 2303 1352 2324 1352 2324 1352 2303 1352 2098 1352 2324 1352 2098 1352 2097 1352 2092 1352 2093 1352 1999 1352 1999 1352 2093 1352 2090 1352 1999 1352 2090 1352 2000 1352 2000 1352 2090 1352 2324 1352 2000 1352 2324 1352 2312 1352 2312 1352 2324 1352 2097 1352 2312 1352 2097 1352 2096 1352 2266 1352 2102 1352 2267 1352 2267 1352 2102 1352 2101 1352 2267 1352 2101 1352 2303 1352 2303 1352 2101 1352 2100 1352 2303 1352 2100 1352 2099 1352 2263 1352 2302 1352 2262 1352 2262 1352 2302 1352 2104 1352 2262 1352 2104 1352 2266 1352 2266 1352 2104 1352 2103 1352 2266 1352 2103 1352 2102 1352 2112 1352 2111 1352 2304 1352 2304 1352 2111 1352 2110 1352 2304 1352 2110 1352 2180 1352 2180 1352 2110 1352 2109 1352 2180 1352 2109 1352 2184 1352 2109 1352 2108 1352 2184 1352 2184 1352 2108 1352 2107 1352 2184 1352 2107 1352 2185 1352 2185 1352 2107 1352 2106 1352 2185 1352 2106 1352 2188 1352 2188 1352 2106 1352 2323 1352 2188 1352 2323 1352 2187 1352 2187 1352 2323 1352 2186 1352 2123 1352 2124 1352 2314 1352 2314 1352 2124 1352 2113 1352 2314 1352 2113 1352 2320 1352 2320 1352 2113 1352 2114 1352 2320 1352 2114 1352 2047 1352 2047 1352 2114 1352 2115 1352 2047 1352 2115 1352 2116 1352 2159 1352 2160 1352 2307 1352 2307 1352 2160 1352 2149 1352 2307 1352 2149 1352 2302 1352 2302 1352 2149 1352 2150 1352 2302 1352 2150 1352 2151 1352 2151 1352 2152 1352 2302 1352 2302 1352 2152 1352 2323 1352 2302 1352 2323 1352 2105 1352 2105 1352 2323 1352 2106 1352 2152 1352 2153 1352 2323 1352 2323 1352 2153 1352 2154 1352 2323 1352 2154 1352 2301 1352 2301 1352 2154 1352 2155 1352 2301 1352 2155 1352 2156 1352 2169 1352 2170 1352 2063 1352 2063 1352 2170 1352 2171 1352 2063 1352 2171 1352 2322 1352 2322 1352 2171 1352 2172 1352 2322 1352 2172 1352 2325 1352 2172 1352 2161 1352 2325 1352 2325 1352 2161 1352 2162 1352 2325 1352 2162 1352 2014 1352 2014 1352 2162 1352 2163 1352 2014 1352 2163 1352 2016 1352 2016 1352 2163 1352 2164 1352 2016 1352 2164 1352 2017 1352 2017 1352 2164 1352 2196 1352 2017 1352 2196 1352 2193 1352 2216 1352 2319 1352 2215 1352 2215 1352 2319 1352 2283 1352 2215 1352 2283 1352 2219 1352 2283 1352 2282 1352 2219 1352 2219 1352 2282 1352 2300 1352 2219 1352 2300 1352 2220 1352 2220 1352 2300 1352 2299 1352 2220 1352 2299 1352 2308 1352 2238 1352 2234 1352 2288 1352 2236 1352 2028 1352 2235 1352 2235 1352 2028 1352 2316 1352 2235 1352 2316 1352 2234 1352 2234 1352 2316 1352 2289 1352 2234 1352 2289 1352 2288 1352 2288 1352 2287 1352 2238 1352 2238 1352 2287 1352 2286 1352 2238 1352 2286 1352 2239 1352 2239 1352 2286 1352 2285 1352 2239 1352 2285 1352 2242 1352 2241 1352 2242 1352 2309 1352 2309 1352 2242 1352 2285 1352 2309 1352 2285 1352 2319 1352 2319 1352 2285 1352 2284 1352 2319 1352 2284 1352 2283 1352 2295 1352 2294 1352 2326 1352 2326 1352 2294 1352 2293 1352 2326 1352 2293 1352 2327 1352 2327 1352 2293 1352 2292 1352 2327 1352 2292 1352 2315 1352 2315 1352 2292 1352 2291 1352 2315 1352 2291 1352 2316 1352 2316 1352 2291 1352 2290 1352 2316 1352 2290 1352 2289 1352 2299 1352 2298 1352 2308 1352 2308 1352 2298 1352 2297 1352 2308 1352 2297 1352 2310 1352 2310 1352 2297 1352 2296 1352 2296 1352 2295 1352 2310 1352 2310 1352 2295 1352 2326 1352 2310 1352 2326 1352 2020 1352 2020 1352 2326 1352 2327 1352 2020 1352 2327 1352 2021 1352 2021 1352 2327 1352 2315 1352 2021 1352 2315 1352 2022 1352 2022 1352 2315 1352 1612 1352 2222 1352 2223 1352 2320 1352 2320 1352 2223 1352 2308 1352 2320 1352 2308 1352 2314 1352 2314 1352 2308 1352 2310 1352 2314 1352 2310 1352 2011 1352 2011 1352 2310 1352 2010 1352 2014 1352 2004 1352 2325 1352 2325 1352 2004 1352 2305 1352 2325 1352 2305 1352 2322 1352 2322 1352 2305 1352 2304 1352 2322 1352 2304 1352 2181 1352 2181 1352 2304 1352 2180 1352 2328 2561 2329 2561 2330 2561 2331 2562 2329 2562 2328 2562 2328 2563 2332 2563 2333 2563 2334 2564 2332 2564 2328 2564 2330 2565 2334 2565 2328 2565 2328 2566 2335 2566 2336 2566 2337 2567 2335 2567 2328 2567 2333 2568 2337 2568 2328 2568 2328 2569 2338 2569 2339 2569 2340 2570 2338 2570 2328 2570 2336 2571 2340 2571 2328 2571 2339 2572 2331 2572 2328 2572 2340 2573 133 2573 2338 2573 2338 2573 133 2573 132 2573 2338 1234 132 1234 2339 1234 2339 1234 132 1234 257 1234 2339 2574 257 2574 2331 2574 2331 2574 257 2574 258 2574 2331 2575 258 2575 2329 2575 2329 2575 258 2575 254 2575 2329 1241 254 1241 2330 1241 2330 1241 254 1241 255 1241 2330 2576 255 2576 2334 2576 2334 2576 255 2576 256 2576 2334 2577 256 2577 2332 2577 2332 2577 256 2577 138 2577 2332 1039 138 1039 2333 1039 2333 1039 138 1039 137 1039 2333 2578 137 2578 2337 2578 2337 2578 137 2578 136 2578 2337 2579 136 2579 2335 2579 2335 2579 136 2579 135 2579 2335 2580 135 2580 2336 2580 2336 2580 135 2580 134 2580 2336 2581 134 2581 2340 2581 2340 2581 134 2581 133 2581 2341 2582 2342 2582 2343 2582 2344 2583 2342 2583 2341 2583 2341 2584 2345 2584 2346 2584 2347 2585 2345 2585 2341 2585 2343 2586 2347 2586 2341 2586 2341 2587 2348 2587 2349 2587 2350 2588 2348 2588 2341 2588 2346 2589 2350 2589 2341 2589 2341 2590 2351 2590 2352 2590 2353 2591 2351 2591 2341 2591 2349 2592 2353 2592 2341 2592 2352 2593 2344 2593 2341 2593 2344 2594 224 2594 2342 2594 2342 2594 224 2594 223 2594 2342 1234 223 1234 2343 1234 2343 1234 223 1234 202 1234 2343 2595 202 2595 2347 2595 2347 2595 202 2595 205 2595 2347 2596 205 2596 2345 2596 2345 2596 205 2596 204 2596 2345 1241 204 1241 2346 1241 2346 1241 204 1241 203 1241 2346 2597 203 2597 2350 2597 2350 2597 203 2597 200 2597 2350 2598 200 2598 2348 2598 2348 2598 200 2598 199 2598 2348 1039 199 1039 2349 1039 2349 1039 199 1039 228 1039 2349 2599 228 2599 2353 2599 2353 2599 228 2599 227 2599 2353 2600 227 2600 2351 2600 2351 2600 227 2600 226 2600 2351 2580 226 2580 2352 2580 2352 2580 226 2580 225 2580 2352 2601 225 2601 2344 2601 2344 2601 225 2601 224 2601 2354 99 2355 99 2356 99 2357 99 2358 99 2359 99 2356 99 2360 99 2354 99 2354 99 2360 99 2357 99 2354 99 2357 99 2361 99 2361 99 2357 99 2359 99 2354 99 2362 99 2355 99 2355 99 2362 99 2363 99 2355 99 2363 99 2364 99 2357 99 2365 99 2366 99 2366 99 2367 99 2357 99 2357 99 2367 99 2368 99 2357 99 2368 99 2369 99 2369 99 2370 99 2357 99 2357 99 2370 99 2371 99 2357 99 2371 99 2358 99 2364 99 2372 99 2355 99 2355 99 2372 99 2373 99 2355 99 2373 99 2374 99 2374 99 2373 99 2375 99 2376 2602 2377 2602 2378 2602 2378 2603 2377 2603 2379 2603 2378 2604 2379 2604 2380 2604 2380 2605 2379 2605 2381 2605 2380 2606 2381 2606 2382 2606 2382 2607 2381 2607 2383 2607 2384 2608 2385 2608 2386 2608 2386 2609 2385 2609 2387 2609 2386 2610 2387 2610 2383 2610 2383 2611 2387 2611 2388 2611 2383 2612 2388 2612 2382 2612 2384 2613 2386 2613 2389 2613 2389 2614 2386 2614 2390 2614 2389 2615 2390 2615 2391 2615 2391 2616 2390 2616 2392 2616 2391 2617 2392 2617 2393 2617 2393 2618 2392 2618 2394 2618 2393 2619 2394 2619 2395 2619 2395 2620 2394 2620 2396 2620 2396 2621 2394 2621 2397 2621 2396 2622 2397 2622 2398 2622 2398 2623 2397 2623 2399 2623 2399 2624 2397 2624 2400 2624 2399 2625 2400 2625 2401 2625 2401 2626 2400 2626 2402 2626 2401 2627 2402 2627 2403 2627 2403 2628 2402 2628 2404 2628 2403 2629 2404 2629 2405 2629 2406 2630 2407 2630 2408 2630 2408 2631 2407 2631 2409 2631 2408 2632 2409 2632 2410 2632 2410 2633 2409 2633 2411 2633 2410 2634 2411 2634 2404 2634 2404 2635 2411 2635 2412 2635 2404 2636 2412 2636 2405 2636 2413 2637 2414 2637 2406 2637 2406 2638 2414 2638 2415 2638 2406 2639 2415 2639 2407 2639 2416 2640 2417 2640 2413 2640 2413 2641 2417 2641 2418 2641 2413 2642 2418 2642 2414 2642 2419 2643 2420 2643 2421 2643 2421 2644 2420 2644 2422 2644 2421 2645 2422 2645 2416 2645 2416 2646 2422 2646 2423 2646 2416 2647 2423 2647 2417 2647 2424 2648 2425 2648 2419 2648 2419 2649 2425 2649 2426 2649 2419 2650 2426 2650 2420 2650 2376 2651 2427 2651 2377 2651 2377 2652 2427 2652 2428 2652 2377 2653 2428 2653 2429 2653 2429 2654 2428 2654 2430 2654 2429 2655 2430 2655 2431 2655 2431 2656 2430 2656 2432 2656 2431 2657 2432 2657 2424 2657 2424 2658 2432 2658 2433 2658 2424 2659 2433 2659 2425 2659 2434 2660 2361 2660 2435 2660 2435 2661 2361 2661 2359 2661 2435 2662 2359 2662 2436 2662 2436 2663 2359 2663 2358 2663 2436 2664 2358 2664 2437 2664 2437 2665 2358 2665 2371 2665 2437 2665 2371 2665 2438 2665 2438 2666 2371 2666 2370 2666 2438 2667 2370 2667 2439 2667 2439 2668 2370 2668 2369 2668 2439 2668 2369 2668 2440 2668 2440 2669 2369 2669 2368 2669 2440 2670 2368 2670 2441 2670 2441 2671 2368 2671 2367 2671 2441 2671 2367 2671 2442 2671 2442 2672 2367 2672 2366 2672 2442 2673 2366 2673 2443 2673 2443 2674 2366 2674 2365 2674 2443 2675 2365 2675 2444 2675 2444 2676 2365 2676 2357 2676 2444 2677 2357 2677 2445 2677 2445 2678 2357 2678 2360 2678 2445 2679 2360 2679 2446 2679 2446 2680 2360 2680 2356 2680 2446 2681 2356 2681 2447 2681 2447 2682 2356 2682 2355 2682 2447 2683 2355 2683 2448 2683 2448 2684 2355 2684 2374 2684 2448 2684 2374 2684 2449 2684 2449 2685 2374 2685 2375 2685 2449 2686 2375 2686 2450 2686 2450 2687 2375 2687 2373 2687 2450 2687 2373 2687 2451 2687 2451 2688 2373 2688 2372 2688 2451 2689 2372 2689 2452 2689 2452 2690 2372 2690 2364 2690 2452 2690 2364 2690 2453 2690 2453 2691 2364 2691 2363 2691 2453 2692 2363 2692 2454 2692 2454 2693 2363 2693 2362 2693 2454 2694 2362 2694 2455 2694 2455 2695 2362 2695 2354 2695 2455 2696 2354 2696 2434 2696 2434 2697 2354 2697 2361 2697 2431 2698 2456 2698 2429 2698 2429 2699 2456 2699 2457 2699 2429 2700 2457 2700 2377 2700 2377 2701 2457 2701 2458 2701 2377 2701 2458 2701 2379 2701 2379 2702 2458 2702 2459 2702 2379 2703 2459 2703 2381 2703 2381 2704 2459 2704 2460 2704 2381 2705 2460 2705 2383 2705 2383 2706 2460 2706 2461 2706 2383 2707 2461 2707 2386 2707 2386 2708 2461 2708 2462 2708 2386 2708 2462 2708 2390 2708 2390 2709 2462 2709 2463 2709 2390 2710 2463 2710 2392 2710 2392 2711 2463 2711 2464 2711 2392 2712 2464 2712 2394 2712 2394 2713 2464 2713 2465 2713 2394 2714 2465 2714 2397 2714 2397 2715 2465 2715 2466 2715 2397 2715 2466 2715 2400 2715 2400 2716 2466 2716 2467 2716 2400 2717 2467 2717 2402 2717 2402 2718 2467 2718 2468 2718 2402 2719 2468 2719 2404 2719 2404 2720 2468 2720 2469 2720 2404 2720 2469 2720 2410 2720 2410 2721 2469 2721 2470 2721 2410 2722 2470 2722 2408 2722 2408 2723 2470 2723 2471 2723 2408 2724 2471 2724 2406 2724 2406 2725 2471 2725 2472 2725 2406 2726 2472 2726 2413 2726 2413 2727 2472 2727 2473 2727 2413 2727 2473 2727 2416 2727 2416 2728 2473 2728 2474 2728 2416 2729 2474 2729 2421 2729 2421 2730 2474 2730 2475 2730 2421 2731 2475 2731 2419 2731 2419 2732 2475 2732 2476 2732 2419 2733 2476 2733 2424 2733 2424 2734 2476 2734 2477 2734 2424 2734 2477 2734 2431 2734 2431 2735 2477 2735 2456 2735 2477 2736 2434 2736 2456 2736 2456 2737 2434 2737 2435 2737 2456 2738 2435 2738 2457 2738 2457 2739 2435 2739 2436 2739 2457 2740 2436 2740 2458 2740 2458 2741 2436 2741 2437 2741 2458 2742 2437 2742 2459 2742 2459 2743 2437 2743 2438 2743 2459 2744 2438 2744 2460 2744 2460 2745 2438 2745 2439 2745 2460 2746 2439 2746 2461 2746 2461 2747 2439 2747 2440 2747 2461 2747 2440 2747 2462 2747 2462 2748 2440 2748 2441 2748 2462 2749 2441 2749 2463 2749 2463 2750 2441 2750 2442 2750 2463 2751 2442 2751 2464 2751 2464 2752 2442 2752 2443 2752 2464 2753 2443 2753 2465 2753 2465 2754 2443 2754 2444 2754 2465 2755 2444 2755 2466 2755 2466 2756 2444 2756 2445 2756 2466 2757 2445 2757 2467 2757 2467 2758 2445 2758 2446 2758 2467 2759 2446 2759 2468 2759 2468 2760 2446 2760 2447 2760 2468 2761 2447 2761 2469 2761 2469 2762 2447 2762 2448 2762 2469 2763 2448 2763 2470 2763 2470 2764 2448 2764 2449 2764 2470 2765 2449 2765 2471 2765 2471 2766 2449 2766 2450 2766 2471 2767 2450 2767 2472 2767 2472 2768 2450 2768 2451 2768 2472 2768 2451 2768 2473 2768 2473 2769 2451 2769 2452 2769 2473 2770 2452 2770 2474 2770 2474 2771 2452 2771 2453 2771 2474 2772 2453 2772 2475 2772 2475 2773 2453 2773 2454 2773 2475 2774 2454 2774 2476 2774 2476 2775 2454 2775 2455 2775 2476 2776 2455 2776 2477 2776 2477 2777 2455 2777 2434 2777 2478 2778 2479 2778 2430 2778 2480 2779 2433 2779 2479 2779 2479 2780 2433 2780 2432 2780 2479 2781 2432 2781 2430 2781 2422 2782 2420 2782 2481 2782 2481 2783 2420 2783 2426 2783 2481 2784 2426 2784 2480 2784 2480 2785 2426 2785 2425 2785 2480 2786 2425 2786 2433 2786 2422 2787 2481 2787 2423 2787 2423 2788 2481 2788 2482 2788 2423 2789 2482 2789 2417 2789 2417 2790 2482 2790 2418 2790 2418 2791 2482 2791 2483 2791 2418 2792 2483 2792 2414 2792 2414 2793 2483 2793 2415 2793 2415 2794 2483 2794 2484 2794 2415 2795 2484 2795 2407 2795 2485 2796 2411 2796 2484 2796 2484 2797 2411 2797 2409 2797 2484 2798 2409 2798 2407 2798 2486 2799 2405 2799 2485 2799 2485 2800 2405 2800 2412 2800 2485 2801 2412 2801 2411 2801 2487 2802 2401 2802 2486 2802 2486 2803 2401 2803 2488 2803 2486 2804 2488 2804 2405 2804 2489 2805 2398 2805 2487 2805 2487 2806 2398 2806 2399 2806 2487 2807 2399 2807 2401 2807 2391 2808 2393 2808 2490 2808 2490 2809 2393 2809 2395 2809 2490 2810 2395 2810 2489 2810 2489 2811 2395 2811 2396 2811 2489 2812 2396 2812 2398 2812 2391 2813 2490 2813 2389 2813 2389 2814 2490 2814 2491 2814 2389 2815 2491 2815 2384 2815 2384 2816 2491 2816 2385 2816 2385 2817 2491 2817 2492 2817 2385 2818 2492 2818 2387 2818 2387 2819 2492 2819 2388 2819 2388 2820 2492 2820 2493 2820 2388 2821 2493 2821 2382 2821 2494 2822 2378 2822 2493 2822 2493 2823 2378 2823 2380 2823 2493 2824 2380 2824 2382 2824 2430 2825 2428 2825 2478 2825 2478 2826 2428 2826 2427 2826 2478 2827 2427 2827 2494 2827 2494 2828 2427 2828 2376 2828 2494 2829 2376 2829 2378 2829 2481 99 2495 99 2482 99 2482 99 2495 99 2496 99 2482 99 2496 99 2483 99 2483 99 2496 99 2497 99 2483 99 2497 99 2484 99 2484 99 2497 99 2498 99 2484 99 2498 99 2485 99 2485 99 2498 99 2499 99 2485 99 2499 99 2486 99 2499 99 2500 99 2486 99 2486 99 2500 99 2501 99 2486 99 2501 99 2487 99 2487 99 2501 99 2502 99 2487 99 2502 99 2489 99 2489 99 2502 99 2503 99 2489 99 2503 99 2490 99 2490 99 2503 99 2504 99 2490 99 2504 99 2491 99 2491 99 2504 99 2505 99 2491 99 2505 99 2492 99 2505 99 2506 99 2492 99 2492 99 2506 99 2507 99 2492 99 2507 99 2493 99 2493 99 2507 99 2508 99 2493 99 2508 99 2494 99 2494 99 2508 99 2509 99 2494 99 2509 99 2478 99 2478 99 2509 99 2510 99 2478 99 2510 99 2479 99 2479 99 2510 99 2511 99 2479 99 2511 99 2480 99 2480 99 2511 99 2512 99 2480 99 2512 99 2481 99 2481 99 2512 99 2513 99 2481 99 2513 99 2495 99 2510 2830 208 2830 2511 2830 2511 2831 208 2831 104 2831 2511 2831 104 2831 2512 2831 2512 2832 104 2832 106 2832 2512 2832 106 2832 2513 2832 2513 2833 106 2833 229 2833 2513 2833 229 2833 2495 2833 2495 2834 229 2834 230 2834 2495 2834 230 2834 2496 2834 2496 2835 230 2835 231 2835 2496 2835 231 2835 2497 2835 2497 2836 231 2836 233 2836 2497 2836 233 2836 2498 2836 2498 2837 233 2837 234 2837 2498 2837 234 2837 2499 2837 2499 2838 234 2838 237 2838 2499 2838 237 2838 2500 2838 2500 1352 237 1352 242 1352 2500 1352 242 1352 2501 1352 2501 2839 242 2839 241 2839 2501 2839 241 2839 2502 2839 2502 2840 241 2840 101 2840 2502 2840 101 2840 2503 2840 2503 2841 101 2841 103 2841 2503 2841 103 2841 2504 2841 2504 2842 103 2842 248 2842 2504 2842 248 2842 2505 2842 2505 2843 248 2843 253 2843 2505 2843 253 2843 2506 2843 2506 2844 253 2844 252 2844 2506 2844 252 2844 2507 2844 2507 2845 252 2845 265 2845 2507 2845 265 2845 2508 2845 2508 2846 265 2846 211 2846 2508 2846 211 2846 2509 2846 2509 2847 211 2847 209 2847 2509 2848 209 2848 2510 2848 2510 2849 209 2849 208 2849 129 2850 131 2850 2514 2850 2514 2851 131 2851 116 2851 2514 2851 116 2851 2515 2851 2515 2852 116 2852 118 2852 2515 2852 118 2852 2516 2852 2516 2853 118 2853 141 2853 2516 2853 141 2853 2517 2853 2517 2854 141 2854 281 2854 2517 2854 281 2854 2518 2854 2518 2855 281 2855 113 2855 2518 2855 113 2855 2519 2855 2519 2856 113 2856 115 2856 2519 2856 115 2856 2520 2856 2520 2857 115 2857 150 2857 2520 2857 150 2857 2521 2857 2521 2858 150 2858 145 2858 2521 2859 145 2859 2522 2859 145 2860 159 2860 2522 2860 2522 1352 159 1352 165 1352 2522 1352 165 1352 2523 1352 2523 2861 165 2861 167 2861 2523 2862 167 2862 2524 2862 167 2863 175 2863 2524 2863 2524 2864 175 2864 172 2864 2524 2864 172 2864 2525 2864 2525 2865 172 2865 174 2865 2525 2865 174 2865 2526 2865 2526 2866 174 2866 185 2866 2526 2866 185 2866 2527 2866 2527 2867 185 2867 187 2867 2527 2867 187 2867 2528 2867 2528 2868 187 2868 190 2868 2528 2868 190 2868 2529 2868 2529 2869 190 2869 192 2869 2529 2870 192 2870 2530 2870 192 2871 201 2871 2530 2871 2530 2872 201 2872 110 2872 2530 2872 110 2872 2531 2872 2531 2873 110 2873 112 2873 112 2874 107 2874 2531 2874 2531 2875 107 2875 109 2875 2531 2876 109 2876 2532 2876 109 2877 217 2877 2532 2877 2532 2878 217 2878 120 2878 2532 2878 120 2878 2533 2878 2533 2879 120 2879 119 2879 2533 2880 119 2880 2534 2880 2534 2881 119 2881 122 2881 2534 2882 122 2882 2535 2882 2535 2883 122 2883 259 2883 2535 2883 259 2883 2536 2883 2536 2884 259 2884 125 2884 2536 2885 125 2885 2514 2885 2514 2886 125 2886 127 2886 2514 2887 127 2887 129 2887 16 99 18 99 2523 99 2523 99 18 99 20 99 2523 99 20 99 2522 99 2522 99 20 99 22 99 2522 99 22 99 2521 99 2521 99 22 99 23 99 2521 99 23 99 2520 99 2520 99 23 99 6 99 2520 99 6 99 2519 99 2519 99 6 99 8 99 2519 99 8 99 2518 99 2518 99 8 99 93 99 2518 99 93 99 2517 99 2517 99 93 99 91 99 2517 99 91 99 2516 99 2516 99 91 99 85 99 2516 99 85 99 2515 99 2515 99 85 99 80 99 2515 99 80 99 2514 99 2514 99 80 99 2 99 2514 99 2 99 2536 99 2536 99 2 99 72 99 2536 99 72 99 2535 99 2535 99 72 99 69 99 2535 99 69 99 2534 99 2534 99 69 99 67 99 2534 99 67 99 2533 99 2533 99 67 99 66 99 2533 99 66 99 2532 99 2532 99 66 99 57 99 2532 99 57 99 2531 99 2531 99 57 99 55 99 2531 99 55 99 2530 99 2530 99 55 99 50 99 2530 99 50 99 2529 99 2529 99 50 99 43 99 2529 99 43 99 2528 99 2528 99 43 99 41 99 2528 99 41 99 2527 99 2527 99 41 99 35 99 2527 99 35 99 2526 99 2526 99 35 99 30 99 2526 99 30 99 2525 99 2525 99 30 99 5 99 2525 99 5 99 2524 99 2524 99 5 99 16 99 2524 99 16 99 2523 99 2537 2888 2538 2888 2539 2888 2540 2889 2541 2889 2538 2889 2538 2890 2541 2890 2542 2890 2538 2891 2542 2891 2539 2891 2539 2892 2543 2892 2537 2892 2537 2893 2543 2893 2544 2893 2537 2893 2544 2893 2545 2893 2545 2894 2544 2894 2546 2894 2545 2895 2546 2895 2547 2895 2547 2896 2546 2896 2548 2896 2547 2897 2548 2897 2549 2897 2549 2898 2548 2898 2550 2898 2549 2899 2550 2899 2551 2899 2551 2900 2550 2900 2552 2900 2551 2901 2552 2901 2553 2901 2553 2902 2552 2902 2554 2902 2553 2902 2554 2902 2555 2902 2555 2903 2554 2903 2556 2903 2555 2904 2556 2904 2557 2904 2557 2905 2556 2905 2558 2905 2557 2905 2558 2905 2559 2905 2559 2906 2558 2906 2560 2906 2559 2907 2560 2907 2561 2907 2561 2908 2560 2908 2562 2908 2561 2909 2562 2909 2563 2909 2563 2910 2562 2910 2564 2910 2563 2910 2564 2910 2565 2910 2565 2911 2564 2911 2566 2911 2565 2912 2566 2912 2567 2912 2567 2913 2566 2913 2568 2913 2567 2914 2568 2914 2569 2914 2569 2915 2568 2915 2570 2915 2569 2916 2570 2916 2571 2916 2571 2917 2570 2917 2572 2917 2571 2918 2572 2918 2573 2918 2573 2919 2572 2919 2574 2919 2573 2920 2574 2920 2575 2920 2575 2921 2574 2921 2576 2921 2575 2922 2576 2922 2577 2922 2577 2923 2576 2923 2578 2923 2577 2924 2578 2924 2579 2924 2579 2925 2578 2925 2580 2925 2579 2926 2580 2926 2581 2926 2581 2927 2580 2927 2582 2927 2581 2928 2582 2928 2583 2928 2583 2929 2582 2929 2584 2929 2583 2930 2584 2930 2585 2930 2585 2931 2584 2931 2586 2931 2585 2932 2586 2932 2587 2932 2587 2933 2586 2933 2588 2933 2587 2934 2588 2934 2589 2934 2589 2935 2588 2935 2590 2935 2589 2936 2590 2936 2591 2936 2591 2937 2590 2937 2592 2937 2591 2938 2592 2938 2540 2938 2540 2939 2592 2939 2593 2939 2540 2940 2593 2940 2541 2940 2545 2941 2594 2941 2537 2941 2537 2941 2594 2941 2595 2941 2537 2941 2595 2941 2538 2941 2538 2941 2595 2941 2596 2941 2538 2941 2596 2941 2540 2941 2540 2941 2596 2941 2597 2941 2540 2941 2597 2941 2591 2941 2591 2941 2597 2941 2598 2941 2591 2941 2598 2941 2589 2941 2589 2941 2598 2941 2599 2941 2589 2941 2599 2941 2587 2941 2555 2941 2600 2941 2553 2941 2553 2941 2600 2941 2601 2941 2553 2941 2601 2941 2551 2941 2551 2941 2601 2941 2602 2941 2551 2941 2602 2941 2549 2941 2549 2941 2602 2941 2603 2941 2549 2941 2603 2941 2547 2941 2547 2941 2603 2941 2604 2941 2547 2941 2604 2941 2545 2941 2545 2941 2604 2941 2605 2941 2545 2941 2605 2941 2594 2941 2565 2941 2606 2941 2563 2941 2563 2941 2606 2941 2607 2941 2563 2941 2607 2941 2561 2941 2561 2941 2607 2941 2608 2941 2561 2941 2608 2941 2559 2941 2559 2941 2608 2941 2609 2941 2559 2941 2609 2941 2557 2941 2557 2941 2609 2941 2610 2941 2557 2941 2610 2941 2555 2941 2555 2941 2610 2941 2611 2941 2555 2941 2611 2941 2600 2941 2599 2941 2612 2941 2587 2941 2587 2941 2612 2941 2613 2941 2587 2941 2613 2941 2585 2941 2585 2941 2613 2941 2614 2941 2585 2941 2614 2941 2583 2941 2583 2941 2614 2941 2615 2941 2583 2941 2615 2941 2581 2941 2581 2941 2615 2941 2616 2941 2581 2941 2616 2941 2579 2941 2579 2941 2616 2941 2617 2941 2579 2941 2617 2941 2577 2941 2617 2941 2618 2941 2577 2941 2577 2941 2618 2941 2619 2941 2577 2941 2619 2941 2575 2941 2575 2941 2619 2941 2620 2941 2575 2941 2620 2941 2573 2941 2573 2941 2620 2941 2621 2941 2573 2941 2621 2941 2571 2941 2571 2941 2621 2941 2622 2941 2571 2941 2622 2941 2569 2941 2569 2941 2622 2941 2623 2941 2569 2941 2623 2941 2567 2941 2567 2941 2623 2941 2624 2941 2567 2941 2624 2941 2565 2941 2565 2941 2624 2941 2625 2941 2565 2941 2625 2941 2606 2941 2626 2942 2627 2942 2628 2942 2629 2943 2627 2943 2626 2943 2626 2944 2630 2944 2631 2944 2632 2945 2630 2945 2626 2945 2628 2946 2632 2946 2626 2946 2626 2947 2633 2947 2634 2947 2635 2948 2633 2948 2626 2948 2631 2949 2635 2949 2626 2949 2626 2950 2636 2950 2637 2950 2638 2951 2636 2951 2626 2951 2634 2952 2638 2952 2626 2952 2626 2953 2639 2953 2640 2953 2641 2954 2639 2954 2626 2954 2637 2955 2641 2955 2626 2955 2626 2956 2642 2956 2643 2956 2644 2957 2642 2957 2626 2957 2640 2958 2644 2958 2626 2958 2626 2959 2645 2959 2646 2959 2647 2960 2645 2960 2626 2960 2643 2961 2647 2961 2626 2961 2626 2962 2648 2962 2649 2962 2650 2963 2648 2963 2626 2963 2646 2964 2650 2964 2626 2964 2626 2965 2651 2965 2652 2965 2653 2966 2651 2966 2626 2966 2649 2967 2653 2967 2626 2967 2652 2968 2629 2968 2626 2968 2629 2969 2654 2969 2627 2969 2627 2970 2654 2970 2655 2970 2627 2970 2655 2970 2628 2970 2628 2971 2655 2971 2656 2971 2628 2971 2656 2971 2632 2971 2632 2972 2656 2972 2657 2972 2632 2972 2657 2972 2630 2972 2630 2973 2657 2973 2658 2973 2630 2973 2658 2973 2631 2973 2631 2974 2658 2974 2659 2974 2631 2974 2659 2974 2635 2974 2635 2975 2659 2975 2660 2975 2635 2975 2660 2975 2633 2975 2633 2976 2660 2976 2661 2976 2633 2976 2661 2976 2634 2976 2634 2977 2661 2977 2662 2977 2634 2977 2662 2977 2638 2977 2638 2978 2662 2978 2663 2978 2638 2978 2663 2978 2636 2978 2636 2979 2663 2979 2664 2979 2636 2979 2664 2979 2637 2979 2637 2980 2664 2980 2665 2980 2637 2980 2665 2980 2641 2980 2641 2981 2665 2981 2666 2981 2641 2981 2666 2981 2639 2981 2639 2982 2666 2982 2667 2982 2639 2982 2667 2982 2640 2982 2640 2983 2667 2983 2668 2983 2640 2983 2668 2983 2644 2983 2644 2984 2668 2984 2669 2984 2644 2984 2669 2984 2642 2984 2642 2985 2669 2985 2670 2985 2642 2985 2670 2985 2643 2985 2643 2986 2670 2986 2671 2986 2643 2986 2671 2986 2647 2986 2647 2987 2671 2987 2672 2987 2647 2987 2672 2987 2645 2987 2645 2988 2672 2988 2673 2988 2645 2988 2673 2988 2646 2988 2646 2989 2673 2989 2674 2989 2646 2989 2674 2989 2650 2989 2650 2990 2674 2990 2675 2990 2650 2990 2675 2990 2648 2990 2648 2991 2675 2991 2676 2991 2648 2991 2676 2991 2649 2991 2649 2992 2676 2992 2677 2992 2649 2992 2677 2992 2653 2992 2653 2993 2677 2993 2678 2993 2653 2993 2678 2993 2651 2993 2651 2994 2678 2994 2679 2994 2651 2994 2679 2994 2652 2994 2652 2995 2679 2995 2680 2995 2652 2995 2680 2995 2629 2995 2629 2969 2680 2969 2654 2969 2664 2996 2681 2996 2665 2996 2665 2996 2681 2996 2682 2996 2665 2996 2682 2996 2666 2996 2666 2996 2682 2996 2683 2996 2666 2996 2683 2996 2667 2996 2667 2996 2683 2996 2684 2996 2667 2996 2684 2996 2668 2996 2678 2996 2685 2996 2679 2996 2679 2996 2685 2996 2686 2996 2679 2996 2686 2996 2680 2996 2680 2996 2686 2996 2687 2996 2680 2996 2687 2996 2654 2996 2674 2996 2688 2996 2675 2996 2675 2996 2688 2996 2689 2996 2675 2996 2689 2996 2676 2996 2676 2996 2689 2996 2690 2996 2676 2996 2690 2996 2677 2996 2677 2996 2690 2996 2691 2996 2677 2996 2691 2996 2678 2996 2678 2996 2691 2996 2692 2996 2678 2996 2692 2996 2685 2996 2661 2996 2693 2996 2662 2996 2662 2996 2693 2996 2694 2996 2662 2996 2694 2996 2663 2996 2663 2996 2694 2996 2695 2996 2663 2996 2695 2996 2664 2996 2664 2996 2695 2996 2696 2996 2664 2996 2696 2996 2681 2996 2658 2996 2697 2996 2659 2996 2659 2996 2697 2996 2698 2996 2659 2996 2698 2996 2660 2996 2660 2996 2698 2996 2699 2996 2660 2996 2699 2996 2661 2996 2661 2996 2699 2996 2700 2996 2661 2996 2700 2996 2693 2996 2687 2996 2701 2996 2654 2996 2654 2996 2701 2996 2702 2996 2654 2996 2702 2996 2655 2996 2655 2996 2702 2996 2703 2996 2655 2996 2703 2996 2656 2996 2656 2996 2703 2996 2704 2996 2656 2996 2704 2996 2657 2996 2657 2996 2704 2996 2705 2996 2657 2996 2705 2996 2658 2996 2658 2996 2705 2996 2706 2996 2658 2996 2706 2996 2697 2996 2671 2996 2707 2996 2672 2996 2672 2996 2707 2996 2708 2996 2672 2996 2708 2996 2673 2996 2673 2996 2708 2996 2709 2996 2673 2996 2709 2996 2674 2996 2674 2996 2709 2996 2710 2996 2674 2996 2710 2996 2688 2996 2684 2996 2711 2996 2668 2996 2668 2996 2711 2996 2712 2996 2668 2996 2712 2996 2669 2996 2669 2996 2712 2996 2713 2996 2669 2996 2713 2996 2670 2996 2670 2996 2713 2996 2714 2996 2670 2996 2714 2996 2671 2996 2671 2996 2714 2996 2715 2996 2671 2996 2715 2996 2707 2996 2687 2997 2716 2997 2701 2997 2701 2998 2716 2998 2717 2998 2701 2998 2717 2998 2702 2998 2702 2999 2717 2999 2718 2999 2702 2999 2718 2999 2703 2999 2703 3000 2718 3000 2719 3000 2703 3000 2719 3000 2704 3000 2704 3001 2719 3001 2720 3001 2704 3001 2720 3001 2705 3001 2705 3002 2720 3002 2721 3002 2705 3002 2721 3002 2706 3002 2706 3003 2721 3003 2722 3003 2706 3003 2722 3003 2697 3003 2697 3004 2722 3004 2723 3004 2697 3004 2723 3004 2698 3004 2698 3005 2723 3005 2724 3005 2698 3005 2724 3005 2699 3005 2699 3006 2724 3006 2725 3006 2699 3006 2725 3006 2700 3006 2700 3007 2725 3007 2726 3007 2700 3007 2726 3007 2693 3007 2693 3008 2726 3008 2727 3008 2693 3008 2727 3008 2694 3008 2694 3009 2727 3009 2728 3009 2694 3009 2728 3009 2695 3009 2695 3010 2728 3010 2729 3010 2695 3010 2729 3010 2696 3010 2696 3011 2729 3011 2730 3011 2696 3011 2730 3011 2681 3011 2681 3012 2730 3012 2731 3012 2681 3012 2731 3012 2682 3012 2682 3013 2731 3013 2732 3013 2682 3013 2732 3013 2683 3013 2683 2982 2732 2982 2733 2982 2683 2982 2733 2982 2684 2982 2684 3014 2733 3014 2734 3014 2684 3014 2734 3014 2711 3014 2711 3015 2734 3015 2735 3015 2711 3015 2735 3015 2712 3015 2712 3016 2735 3016 2736 3016 2712 3016 2736 3016 2713 3016 2713 3017 2736 3017 2737 3017 2713 3017 2737 3017 2714 3017 2714 3018 2737 3018 2738 3018 2714 3018 2738 3018 2715 3018 2715 3019 2738 3019 2739 3019 2715 3019 2739 3019 2707 3019 2707 3020 2739 3020 2740 3020 2707 3020 2740 3020 2708 3020 2708 3021 2740 3021 2741 3021 2708 3021 2741 3021 2709 3021 2709 3022 2741 3022 2742 3022 2709 3022 2742 3022 2710 3022 2710 3023 2742 3023 2743 3023 2710 3023 2743 3023 2688 3023 2688 3024 2743 3024 2744 3024 2688 3024 2744 3024 2689 3024 2689 3025 2744 3025 2745 3025 2689 3025 2745 3025 2690 3025 2690 3026 2745 3026 2746 3026 2690 3026 2746 3026 2691 3026 2691 3027 2746 3027 2747 3027 2691 3027 2747 3027 2692 3027 2692 3028 2747 3028 2748 3028 2692 3028 2748 3028 2685 3028 2685 3029 2748 3029 2749 3029 2685 3029 2749 3029 2686 3029 2686 3030 2749 3030 2750 3030 2686 3030 2750 3030 2687 3030 2687 2997 2750 2997 2716 2997 2751 2941 2720 2941 2752 2941 2752 2941 2720 2941 2719 2941 2752 2941 2719 2941 2753 2941 2753 2941 2719 2941 2718 2941 2753 2941 2718 2941 2754 2941 2754 2941 2718 2941 2717 2941 2754 2941 2717 2941 2755 2941 2755 2941 2717 2941 2716 2941 2755 2941 2716 2941 2756 2941 2756 2941 2716 2941 2750 2941 2756 2941 2750 2941 2757 2941 2757 2941 2750 2941 2749 2941 2757 2941 2749 2941 2758 2941 2758 2941 2749 2941 2748 2941 2758 2941 2748 2941 2759 2941 2759 2941 2748 2941 2747 2941 2759 2941 2747 2941 2760 2941 2760 2941 2747 2941 2746 2941 2760 2941 2746 2941 2761 2941 2762 2941 2732 2941 2763 2941 2763 2941 2732 2941 2731 2941 2763 2941 2731 2941 2764 2941 2764 2941 2731 2941 2730 2941 2764 2941 2730 2941 2765 2941 2765 2941 2730 2941 2729 2941 2765 2941 2729 2941 2766 2941 2766 2941 2729 2941 2728 2941 2766 2941 2728 2941 2767 2941 2767 2941 2728 2941 2727 2941 2767 2941 2727 2941 2768 2941 2768 2941 2727 2941 2726 2941 2768 2941 2726 2941 2769 2941 2769 2941 2726 2941 2725 2941 2769 2941 2725 2941 2770 2941 2770 2941 2725 2941 2724 2941 2770 2941 2724 2941 2771 2941 2771 2941 2724 2941 2723 2941 2771 2941 2723 2941 2772 2941 2772 2941 2723 2941 2722 2941 2772 2941 2722 2941 2751 2941 2751 2941 2722 2941 2721 2941 2751 2941 2721 2941 2720 2941 2746 2941 2745 2941 2761 2941 2761 2941 2745 2941 2744 2941 2761 2941 2744 2941 2773 2941 2773 2941 2744 2941 2743 2941 2773 2941 2743 2941 2774 2941 2774 2941 2743 2941 2742 2941 2774 2941 2742 2941 2775 2941 2775 2941 2742 2941 2741 2941 2775 2941 2741 2941 2776 2941 2776 2941 2741 2941 2740 2941 2776 2941 2740 2941 2777 2941 2777 2941 2740 2941 2739 2941 2777 2941 2739 2941 2778 2941 2778 2941 2739 2941 2738 2941 2778 2941 2738 2941 2779 2941 2779 2941 2738 2941 2737 2941 2779 2941 2737 2941 2780 2941 2780 2941 2737 2941 2736 2941 2780 2941 2736 2941 2781 2941 2781 2941 2736 2941 2735 2941 2781 2941 2735 2941 2782 2941 2782 2941 2735 2941 2734 2941 2782 2941 2734 2941 2762 2941 2762 2941 2734 2941 2733 2941 2762 2941 2733 2941 2732 2941 2756 3031 2615 3031 2755 3031 2755 3032 2615 3032 2614 3032 2755 3032 2614 3032 2754 3032 2754 3033 2614 3033 2613 3033 2754 3033 2613 3033 2753 3033 2753 3034 2613 3034 2612 3034 2753 3034 2612 3034 2752 3034 2752 3035 2612 3035 2599 3035 2752 3035 2599 3035 2751 3035 2751 3036 2599 3036 2598 3036 2751 3036 2598 3036 2772 3036 2772 3037 2598 3037 2597 3037 2772 3037 2597 3037 2771 3037 2771 3038 2597 3038 2596 3038 2771 3038 2596 3038 2770 3038 2770 3039 2596 3039 2595 3039 2770 3039 2595 3039 2769 3039 2769 3040 2595 3040 2594 3040 2769 3040 2594 3040 2768 3040 2768 3041 2594 3041 2605 3041 2768 3041 2605 3041 2767 3041 2767 3042 2605 3042 2604 3042 2767 3042 2604 3042 2766 3042 2766 3043 2604 3043 2603 3043 2766 3043 2603 3043 2765 3043 2765 3044 2603 3044 2602 3044 2765 3044 2602 3044 2764 3044 2764 3045 2602 3045 2601 3045 2764 3045 2601 3045 2763 3045 2763 3046 2601 3046 2600 3046 2763 3046 2600 3046 2762 3046 2762 3047 2600 3047 2611 3047 2762 3047 2611 3047 2782 3047 2782 3048 2611 3048 2610 3048 2782 3048 2610 3048 2781 3048 2781 3049 2610 3049 2609 3049 2781 3049 2609 3049 2780 3049 2780 3050 2609 3050 2608 3050 2780 3050 2608 3050 2779 3050 2779 3051 2608 3051 2607 3051 2779 3051 2607 3051 2778 3051 2778 3052 2607 3052 2606 3052 2778 3052 2606 3052 2777 3052 2777 3053 2606 3053 2625 3053 2777 3053 2625 3053 2776 3053 2776 3054 2625 3054 2624 3054 2776 3054 2624 3054 2775 3054 2775 3055 2624 3055 2623 3055 2775 3055 2623 3055 2774 3055 2774 3056 2623 3056 2622 3056 2774 3056 2622 3056 2773 3056 2773 3057 2622 3057 2621 3057 2773 3057 2621 3057 2761 3057 2761 3058 2621 3058 2620 3058 2761 3058 2620 3058 2760 3058 2760 3059 2620 3059 2619 3059 2760 3059 2619 3059 2759 3059 2759 3060 2619 3060 2618 3060 2759 3060 2618 3060 2758 3060 2758 3061 2618 3061 2617 3061 2758 3061 2617 3061 2757 3061 2757 3062 2617 3062 2616 3062 2757 3062 2616 3062 2756 3062 2756 3031 2616 3031 2615 3031 2541 3063 2593 3063 2542 3063 2542 3064 2593 3064 2539 3064 2578 2941 2576 2941 2574 2941 2546 2941 2544 2941 2566 2941 2566 2941 2544 2941 2543 2941 2566 2941 2543 2941 2539 2941 2590 2941 2574 2941 2592 2941 2592 2941 2574 2941 2572 2941 2592 2941 2572 2941 2570 2941 2539 2941 2593 2941 2566 2941 2566 2941 2593 2941 2592 2941 2566 2941 2592 2941 2568 2941 2568 2941 2592 2941 2570 2941 2590 2941 2588 2941 2574 2941 2574 2941 2588 2941 2586 2941 2574 2941 2586 2941 2584 2941 2564 2941 2562 2941 2550 2941 2550 2941 2562 2941 2560 2941 2550 2941 2560 2941 2558 2941 2558 2941 2556 2941 2550 2941 2550 2941 2556 2941 2554 2941 2550 2941 2554 2941 2552 2941 2564 2941 2550 2941 2566 2941 2566 2941 2550 2941 2548 2941 2566 2941 2548 2941 2546 2941 2584 2941 2582 2941 2574 2941 2574 2941 2582 2941 2580 2941 2574 2941 2580 2941 2578 2941</p>
        </triangles>
      </mesh>
    </geometry>
  </library_geometries>
  <library_images />
  <library_visual_scenes>
    <visual_scene id="Scene">
      <node id="node_1" sid="node_1" type="NODE">
        <matrix>1 0 0 0 0 1 0 0 0 0 1 0 0 0 0 1</matrix>
        <instance_geometry url="#mesh_1" />
      </node>
    </visual_scene>
  </library_visual_scenes>
  <library_animations />
  <scene>
    <instance_visual_scene url="#Scene" />
  </scene>
</COLLADA>